date,years,spread_bp
2020-01-01,3.0,23.112
2020-01-01,7.0,67.574
2020-01-01,10.0,90.103
2020-01-02,3.0,22.636
2020-01-02,5.0,44.155
2020-01-02,7.0,66.69
2020-01-02,10.0,89.045
2020-01-03,3.0,22.972
2020-01-03,5.0,45.835
2020-01-03,7.0,67.338
2020-01-03,10.0,90.549
2020-01-06,3.0,23.529
2020-01-06,5.0,46.049
2020-01-06,7.0,68.367
2020-01-06,10.0,91.794
2020-01-07,3.0,23.882
2020-01-07,5.0,46.665
2020-01-07,7.0,68.708
2020-01-07,10.0,92.089
2020-01-08,3.0,23.513
2020-01-08,5.0,45.113
2020-01-08,7.0,67.718
2020-01-08,10.0,90.259
2020-01-09,3.0,23.037
2020-01-09,5.0,43.844
2020-01-09,7.0,66.335
2020-01-09,10.0,88.923
2020-01-10,3.0,22.818
2020-01-10,5.0,44.195
2020-01-10,7.0,65.724
2020-01-10,10.0,88.265
2020-01-13,3.0,22.647
2020-01-13,5.0,44.133
2020-01-13,7.0,65.871
2020-01-13,10.0,88.287
2020-01-14,3.0,22.864
2020-01-14,5.0,44.716
2020-01-14,7.0,66.344
2020-01-14,10.0,88.981
2020-01-15,3.0,22.894
2020-01-15,5.0,44.715
2020-01-15,7.0,66.466
2020-01-15,10.0,89.039
2020-01-16,3.0,22.752
2020-01-16,5.0,44.054
2020-01-16,7.0,65.788
2020-01-16,10.0,88.29
2020-01-17,3.0,22.603
2020-01-17,5.0,44.053
2020-01-17,7.0,65.603
2020-01-17,10.0,88.101
2020-01-20,10.0,88.186
2020-01-21,3.0,23.35
2020-01-21,5.0,45.763
2020-01-21,7.0,67.058
2020-01-21,10.0,90.365
2020-01-22,3.0,23.469
2020-01-22,5.0,45.071
2020-01-22,7.0,67.094
2020-01-22,10.0,90.153
2020-01-23,3.0,23.607
2020-01-23,5.0,46.02
2020-01-23,7.0,67.68
2020-01-23,10.0,91.232
2020-01-24,3.0,24.107
2020-01-24,5.0,47.025
2020-01-24,7.0,69.064
2020-01-24,10.0,93.293
2020-01-27,3.0,25.034
2020-01-27,5.0,49.308
2020-01-27,7.0,71.772
2020-01-27,10.0,96.653
2020-01-28,3.0,24.617
2020-01-28,5.0,46.646
2020-01-28,7.0,70.461
2020-01-28,10.0,94.563
2020-01-29,3.0,24.566
2020-01-29,5.0,48.016
2020-01-29,7.0,70.436
2020-01-29,10.0,94.869
2020-01-30,3.0,24.856
2020-01-30,5.0,47.535
2020-01-30,7.0,70.763
2020-01-30,10.0,95.306
2020-01-31,3.0,25.684
2020-01-31,5.0,50.155
2020-01-31,7.0,72.571
2020-01-31,10.0,97.434
2020-02-03,3.0,26.431
2020-02-03,5.0,50.075
2020-02-03,7.0,73.331
2020-02-03,10.0,97.672
2020-02-04,3.0,24.789
2020-02-04,5.0,47.061
2020-02-04,7.0,71.019
2020-02-04,10.0,94.874
2020-02-05,3.0,23.328
2020-02-05,5.0,44.855
2020-02-05,7.0,68.258
2020-02-05,10.0,90.939
2020-02-06,3.0,23.152
2020-02-06,5.0,45.335
2020-02-06,7.0,67.87
2020-02-06,10.0,90.859
2020-02-07,3.0,23.45
2020-02-07,5.0,46.129
2020-02-07,7.0,68.733
2020-02-07,10.0,92.226
2020-02-10,3.0,23.246
2020-02-10,5.0,45.271
2020-02-10,7.0,68.123
2020-02-10,10.0,91.118
2020-02-11,3.0,22.938
2020-02-11,5.0,44.834
2020-02-11,7.0,67.564
2020-02-11,10.0,90.387
2020-02-12,3.0,22.406
2020-02-12,5.0,43.81
2020-02-12,7.0,65.991
2020-02-12,10.0,89.052
2020-02-13,3.0,22.191
2020-02-13,5.0,43.75
2020-02-13,7.0,65.927
2020-02-13,10.0,88.731
2020-02-14,3.0,22.383
2020-02-14,5.0,44.266
2020-02-14,7.0,66.185
2020-02-14,10.0,89.259
2020-02-17,10.0,89.272
2020-02-18,3.0,22.656
2020-02-18,5.0,44.674
2020-02-18,7.0,66.545
2020-02-18,10.0,89.892
2020-02-19,3.0,22.653
2020-02-19,5.0,44.518
2020-02-19,7.0,66.304
2020-02-19,10.0,89.852
2020-02-20,3.0,22.616
2020-02-20,5.0,45.356
2020-02-20,7.0,66.899
2020-02-20,10.0,90.959
2020-02-21,3.0,23.392
2020-02-21,5.0,46.546
2020-02-21,7.0,68.268
2020-02-21,10.0,92.898
2020-02-24,3.0,26.607
2020-02-24,5.0,53.071
2020-02-24,7.0,74.489
2020-02-24,10.0,100.161
2020-02-25,3.0,29.112
2020-02-25,5.0,55.409
2020-02-25,7.0,77.84
2020-02-25,10.0,103.105
2020-02-26,3.0,30.026
2020-02-26,5.0,57.685
2020-02-26,7.0,79.465
2020-02-26,10.0,105.638
2020-02-27,3.0,34.211
2020-02-27,5.0,64.581
2020-02-27,7.0,86.8
2020-02-27,10.0,112.313
2020-02-28,3.0,36.657
2020-02-28,5.0,66.478
2020-02-28,7.0,90.466
2020-02-28,10.0,114.912
2020-03-02,3.0,37.173
2020-03-02,5.0,64.6
2020-03-02,7.0,89.664
2020-03-02,10.0,112.012
2020-03-03,3.0,39.428
2020-03-03,5.0,71.326
2020-03-03,7.0,92.972
2020-03-03,10.0,114.646
2020-03-04,3.0,39.558
2020-03-04,5.0,65.835
2020-03-04,7.0,90.369
2020-03-04,10.0,111.711
2020-03-05,3.0,42.195
2020-03-05,5.0,73.253
2020-03-05,7.0,93.261
2020-03-05,10.0,113.38
2020-03-06,3.0,50.946
2020-03-06,5.0,83.157
2020-03-06,7.0,101.748
2020-03-06,10.0,120.466
2020-03-09,3.0,84.65
2020-03-09,5.0,110.94
2020-03-09,7.0,120.592
2020-03-09,10.0,135.159
2020-03-10,3.0,76.823
2020-03-10,5.0,106.75
2020-03-10,7.0,121.282
2020-03-10,10.0,136.548
2020-03-11,3.0,81.821
2020-03-11,5.0,117.418
2020-03-11,7.0,128.612
2020-03-11,10.0,142.898
2020-03-12,3.0,100.727
2020-03-12,5.0,138.875
2020-03-12,7.0,145.906
2020-03-12,10.0,156.251
2020-03-13,3.0,89.06
2020-03-13,5.0,107.488
2020-03-13,7.0,131.451
2020-03-13,10.0,142.383
2020-03-16,3.0,88.09
2020-03-16,5.0,124.226
2020-03-16,7.0,133.643
2020-03-16,10.0,145.056
2020-03-17,3.0,91.751
2020-03-17,5.0,123.233
2020-03-17,7.0,138.785
2020-03-17,10.0,149.475
2020-03-18,3.0,106.25
2020-03-18,5.0,140.969
2020-03-18,7.0,149.591
2020-03-18,10.0,158.876
2020-03-19,3.0,122.877
2020-03-19,5.0,141.838
2020-03-19,7.0,152.636
2020-03-19,10.0,162.749
2020-03-20,3.0,115.453
2020-03-20,5.0,151.798
2020-03-20,7.0,143.903
2020-03-20,10.0,169.235
2020-03-23,3.0,116.187
2020-03-23,5.0,121.563
2020-03-23,7.0,133.312
2020-03-23,10.0,153.029
2020-03-24,3.0,97.692
2020-03-24,5.0,107.974
2020-03-24,7.0,121.891
2020-03-24,10.0,135.129
2020-03-25,3.0,88.488
2020-03-25,5.0,103.168
2020-03-25,10.0,128.922
2020-03-26,3.0,84.193
2020-03-26,5.0,96.658
2020-03-26,10.0,123.783
2020-03-27,3.0,89.398
2020-03-27,5.0,111.889
2020-03-27,10.0,129.754
2020-03-30,3.0,94.442
2020-03-30,5.0,107.875
2020-03-30,10.0,133.959
2020-03-31,3.0,96.937
2020-03-31,5.0,113.051
2020-03-31,7.0,121.294
2020-03-31,10.0,134.027
2020-04-01,3.0,110.24
2020-04-01,5.0,126.144
2020-04-01,10.0,143.833
2020-04-02,3.0,114.36
2020-04-02,5.0,123.313
2020-04-02,7.0,136.592
2020-04-02,10.0,144.08
2020-04-03,3.0,116.52
2020-04-03,5.0,127.55
2020-04-03,7.0,137.466
2020-04-03,10.0,145.534
2020-04-06,3.0,114.266
2020-04-06,5.0,116.969
2020-04-06,7.0,130.666
2020-04-06,10.0,139.823
2020-04-07,3.0,107.444
2020-04-07,5.0,112.493
2020-04-07,7.0,124.127
2020-04-07,10.0,133.957
2020-04-08,3.0,101.717
2020-04-08,5.0,104.886
2020-04-08,7.0,117.833
2020-04-08,10.0,127.687
2020-04-09,3.0,81.776
2020-04-09,5.0,81.849
2020-04-09,7.0,99.823
2020-04-09,10.0,111.451
2020-04-10,10.0,104.414
2020-04-13,3.0,72.699
2020-04-13,5.0,83.14
2020-04-13,7.0,94.453
2020-04-13,10.0,106.11
2020-04-14,3.0,69.738
2020-04-14,5.0,82.608
2020-04-14,7.0,95.656
2020-04-14,10.0,108.226
2020-04-15,3.0,72.58
2020-04-15,5.0,87.416
2020-04-15,7.0,99.146
2020-04-15,10.0,111.903
2020-04-16,3.0,75.413
2020-04-16,5.0,87.928
2020-04-16,7.0,101.318
2020-04-16,10.0,114.053
2020-04-17,3.0,75.453
2020-04-17,5.0,86.968
2020-04-17,7.0,100.472
2020-04-17,10.0,112.824
2020-04-20,3.0,80.295
2020-04-20,5.0,93.474
2020-04-20,7.0,103.893
2020-04-20,10.0,114.814
2020-04-21,3.0,86.539
2020-04-21,5.0,98.063
2020-04-21,7.0,107.942
2020-04-21,10.0,118.075
2020-04-22,3.0,86.673
2020-04-22,5.0,94.481
2020-04-22,7.0,106.474
2020-04-22,10.0,116.614
2020-04-23,3.0,84.461
2020-04-23,5.0,93.689
2020-04-23,7.0,104.434
2020-04-23,10.0,115.208
2020-04-24,3.0,84.009
2020-04-24,5.0,94.144
2020-04-24,7.0,105.671
2020-04-24,10.0,116.596
2020-04-27,3.0,83.561
2020-04-27,5.0,93.168
2020-04-27,7.0,105.514
2020-04-27,10.0,117.953
2020-04-28,3.0,83.333
2020-04-28,5.0,91.781
2020-04-28,7.0,104.475
2020-04-28,10.0,117.023
2020-04-29,3.0,79.459
2020-04-29,5.0,86.885
2020-04-29,7.0,101.381
2020-04-29,10.0,114.343
2020-04-30,3.0,76.844
2020-04-30,5.0,86.979
2020-04-30,7.0,99.225
2020-04-30,10.0,112.354
2020-05-01,3.0,79.297
2020-05-01,5.0,90.4
2020-05-01,7.0,101.916
2020-05-01,10.0,115.651
2020-05-04,3.0,80.82
2020-05-04,5.0,90.896
2020-05-04,7.0,103.052
2020-05-04,10.0,116.396
2020-05-05,3.0,80.686
2020-05-05,5.0,90.065
2020-05-05,7.0,102.761
2020-05-05,10.0,116.45
2020-05-06,3.0,83.043
2020-05-06,5.0,93.224
2020-05-06,7.0,105.277
2020-05-06,10.0,119.287
2020-05-07,3.0,83.033
2020-05-07,5.0,92.169
2020-05-07,7.0,104.972
2020-05-07,10.0,118.933
2020-05-08,3.0,82.354
2020-05-08,5.0,90.98
2020-05-08,7.0,104.333
2020-05-08,10.0,117.903
2020-05-11,3.0,83.038
2020-05-11,5.0,92.61
2020-05-11,7.0,105.101
2020-05-11,10.0,119.321
2020-05-12,3.0,83.263
2020-05-12,5.0,93.303
2020-05-12,7.0,105.273
2020-05-12,10.0,119.042
2020-05-13,3.0,86.24
2020-05-13,5.0,96.709
2020-05-13,7.0,108.624
2020-05-13,10.0,122.974
2020-05-14,3.0,86.445
2020-05-14,5.0,95.324
2020-05-14,7.0,108.694
2020-05-14,10.0,122.337
2020-05-15,3.0,86.139
2020-05-15,5.0,95.806
2020-05-15,7.0,108.304
2020-05-15,10.0,121.583
2020-05-18,3.0,82.394
2020-05-18,5.0,90.416
2020-05-18,7.0,104.847
2020-05-18,10.0,117.634
2020-05-19,3.0,80.674
2020-05-19,5.0,90
2020-05-19,7.0,102.886
2020-05-19,10.0,116.079
2020-05-20,3.0,76.596
2020-05-20,5.0,83.95
2020-05-20,7.0,98.937
2020-05-20,10.0,111.995
2020-05-21,3.0,75.732
2020-05-21,5.0,85.958
2020-05-21,7.0,98.251
2020-05-21,10.0,112.497
2020-05-22,3.0,77.097
2020-05-22,5.0,87.206
2020-05-22,7.0,100.029
2020-05-22,10.0,114.23
2020-05-25,10.0,114.573
2020-05-26,3.0,73.756
2020-05-26,5.0,83.124
2020-05-26,7.0,97.575
2020-05-26,10.0,111.677
2020-05-27,3.0,70.358
2020-05-27,5.0,78.943
2020-05-27,7.0,94.414
2020-05-27,10.0,109.097
2020-05-28,3.0,67.653
2020-05-28,5.0,77.946
2020-05-28,7.0,92.423
2020-05-28,10.0,107.98
2020-05-29,3.0,66.763
2020-05-29,5.0,77.4
2020-05-29,7.0,91.722
2020-05-29,10.0,108.182
2020-06-01,3.0,67.449
2020-06-01,5.0,78.851
2020-06-01,7.0,92.836
2020-06-01,10.0,109.313
2020-06-02,3.0,66.197
2020-06-02,5.0,75.641
2020-06-02,7.0,91.187
2020-06-02,10.0,107.274
2020-06-03,3.0,61.656
2020-06-03,5.0,73.04
2020-06-03,7.0,88.289
2020-06-03,10.0,105.292
2020-06-04,3.0,60.155
2020-06-04,5.0,72.445
2020-06-04,7.0,87.903
2020-06-04,10.0,105.512
2020-06-05,3.0,54.132
2020-06-05,5.0,64.961
2020-06-05,7.0,82.926
2020-06-05,10.0,100.364
2020-06-08,3.0,50.908
2020-06-08,5.0,66.636
2020-06-08,7.0,82.72
2020-06-08,10.0,101.571
2020-06-09,3.0,54.305
2020-06-09,5.0,72.358
2020-06-09,7.0,88.486
2020-06-09,10.0,105.851
2020-06-10,3.0,58.271
2020-06-10,5.0,74.522
2020-06-10,7.0,90.955
2020-06-10,10.0,107.964
2020-06-11,3.0,64.276
2020-06-11,5.0,81.615
2020-06-11,7.0,96.505
2020-06-11,10.0,113.54
2020-06-12,3.0,67.155
2020-06-12,5.0,78.958
2020-06-12,7.0,96.27
2020-06-12,10.0,115.228
2020-06-15,3.0,60.639
2020-06-15,5.0,69.889
2020-06-15,7.0,89.361
2020-06-15,10.0,106.994
2020-06-16,3.0,56.155
2020-06-16,5.0,69.184
2020-06-16,7.0,86.472
2020-06-16,10.0,105.102
2020-06-17,3.0,56.816
2020-06-17,5.0,71.435
2020-06-17,7.0,87.857
2020-06-17,10.0,106.409
2020-06-18,3.0,60.217
2020-06-18,5.0,74.561
2020-06-18,7.0,90.61
2020-06-18,10.0,109.102
2020-06-19,3.0,63.915
2020-06-19,5.0,78.551
2020-06-19,7.0,94.165
2020-06-19,10.0,113.638
2020-06-22,3.0,63.508
2020-06-22,5.0,76.13
2020-06-22,7.0,93.161
2020-06-22,10.0,112.942
2020-06-23,3.0,62.316
2020-06-23,5.0,74.946
2020-06-23,7.0,92.171
2020-06-23,10.0,111.425
2020-06-24,3.0,64.407
2020-06-24,5.0,78.508
2020-06-24,7.0,94.315
2020-06-24,10.0,114.189
2020-06-25,3.0,65.569
2020-06-25,5.0,78.226
2020-06-25,7.0,95.432
2020-06-25,10.0,114.004
2020-06-26,3.0,67.389
2020-06-26,5.0,80.886
2020-06-26,7.0,96.895
2020-06-26,10.0,116.467
2020-06-29,3.0,67.892
2020-06-29,5.0,78.949
2020-06-29,7.0,96.358
2020-06-29,10.0,115.033
2020-06-30,3.0,65.243
2020-06-30,5.0,75.879
2020-06-30,7.0,93.533
2020-06-30,10.0,111.96
2020-07-01,3.0,62.524
2020-07-01,5.0,74.928
2020-07-01,7.0,91.67
2020-07-01,10.0,111.44
2020-07-02,3.0,61.172
2020-07-02,5.0,74.131
2020-07-02,7.0,91.429
2020-07-02,10.0,110.715
2020-07-03,10.0,110.39
2020-07-06,3.0,59.265
2020-07-06,5.0,71.498
2020-07-06,7.0,87.844
2020-07-06,10.0,108.26
2020-07-07,3.0,59.766
2020-07-07,5.0,74.4
2020-07-07,7.0,89.466
2020-07-07,10.0,110.177
2020-07-08,3.0,60.329
2020-07-08,5.0,72.448
2020-07-08,7.0,89.357
2020-07-08,10.0,109.148
2020-07-09,3.0,61.31
2020-07-09,5.0,74.989
2020-07-09,7.0,90.275
2020-07-09,10.0,110.409
2020-07-10,3.0,61.446
2020-07-10,5.0,73.688
2020-07-10,7.0,90.368
2020-07-10,10.0,110.137
2020-07-13,3.0,60.831
2020-07-13,5.0,74.789
2020-07-13,7.0,90.642
2020-07-13,10.0,110.575
2020-07-14,3.0,62.05
2020-07-14,5.0,74.16
2020-07-14,7.0,91.498
2020-07-14,10.0,110.423
2020-07-15,3.0,59.88
2020-07-15,5.0,72.05
2020-07-15,7.0,89.466
2020-07-15,10.0,108.542
2020-07-16,3.0,59.409
2020-07-16,5.0,72.731
2020-07-16,7.0,88.788
2020-07-16,10.0,108.786
2020-07-17,3.0,58.993
2020-07-17,5.0,71.459
2020-07-17,7.0,88.528
2020-07-17,10.0,107.761
2020-07-20,3.0,57.386
2020-07-20,5.0,70.063
2020-07-20,7.0,87.094
2020-07-20,10.0,106.483
2020-07-21,3.0,56.824
2020-07-21,5.0,70.125
2020-07-21,7.0,86.445
2020-07-21,10.0,106.265
2020-07-22,3.0,56.337
2020-07-22,5.0,69.169
2020-07-22,7.0,86.247
2020-07-22,10.0,105.267
2020-07-23,3.0,56.242
2020-07-23,5.0,69.485
2020-07-23,7.0,86.104
2020-07-23,10.0,105.568
2020-07-24,3.0,56.84
2020-07-24,5.0,70.4
2020-07-24,7.0,86.435
2020-07-24,10.0,105.52
2020-07-27,3.0,57.005
2020-07-27,5.0,70.286
2020-07-27,7.0,86.491
2020-07-27,10.0,105.548
2020-07-28,3.0,57.805
2020-07-28,5.0,71.763
2020-07-28,7.0,87.33
2020-07-28,10.0,106.707
2020-07-29,3.0,56.809
2020-07-29,5.0,69.649
2020-07-29,7.0,85.907
2020-07-29,10.0,105.383
2020-07-30,3.0,56.495
2020-07-30,5.0,69.949
2020-07-30,7.0,86.273
2020-07-30,10.0,105.054
2020-07-31,3.0,56.476
2020-07-31,5.0,69.283
2020-07-31,7.0,86.008
2020-07-31,10.0,104.774
2020-08-03,3.0,54.407
2020-08-03,5.0,67.8
2020-08-03,7.0,83.65
2020-08-03,10.0,103.14
2020-08-04,3.0,53.506
2020-08-04,5.0,66.29
2020-08-04,7.0,83.183
2020-08-04,10.0,102.056
2020-08-05,3.0,52.229
2020-08-05,5.0,64.998
2020-08-05,7.0,81.67
2020-08-05,10.0,100.455
2020-08-06,3.0,51.273
2020-08-06,5.0,64.576
2020-08-06,7.0,80.791
2020-08-06,10.0,99.912
2020-08-07,3.0,51.246
2020-08-07,5.0,64.896
2020-08-07,7.0,80.843
2020-08-07,10.0,100.324
2020-08-10,3.0,52.25
2020-08-10,5.0,65.809
2020-08-10,7.0,81.869
2020-08-10,10.0,101.591
2020-08-11,3.0,52.776
2020-08-11,5.0,66.635
2020-08-11,7.0,82.364
2020-08-11,10.0,102.069
2020-08-12,3.0,52.327
2020-08-12,5.0,65.218
2020-08-12,7.0,81.723
2020-08-12,10.0,101.337
2020-08-13,3.0,52.949
2020-08-13,5.0,67.044
2020-08-13,7.0,82.603
2020-08-13,10.0,102.14
2020-08-14,3.0,54.176
2020-08-14,5.0,67.8
2020-08-14,7.0,83.82
2020-08-14,10.0,103.427
2020-08-17,5.0,66.561
2020-08-17,10.0,102.405
2020-08-18,5.0,66.101
2020-08-18,10.0,102.382
2020-08-19,3.0,53.661
2020-08-19,5.0,67.594
2020-08-19,7.0,83.29
2020-08-19,10.0,103.291
2020-08-20,3.0,54.037
2020-08-20,5.0,67.518
2020-08-20,7.0,84.333
2020-08-20,10.0,103.56
2020-08-21,3.0,53.96
2020-08-21,5.0,67.538
2020-08-21,7.0,83.567
2020-08-21,10.0,103.61
2020-08-24,5.0,66.246
2020-08-24,10.0,102.461
2020-08-25,5.0,65.981
2020-08-25,10.0,102.104
2020-08-26,3.0,52.984
2020-08-26,5.0,66.576
2020-08-26,7.0,83.051
2020-08-26,10.0,102.64
2020-08-27,3.0,53.675
2020-08-27,5.0,67.62
2020-08-27,7.0,83.818
2020-08-27,10.0,103.385
2020-08-28,3.0,53.294
2020-08-28,5.0,66.523
2020-08-28,7.0,83.062
2020-08-28,10.0,102.996
2020-08-31,3.0,51.982
2020-08-31,5.0,65.061
2020-08-31,7.0,81.81
2020-08-31,10.0,102.141
2020-09-01,3.0,49.767
2020-09-01,5.0,62.033
2020-09-01,7.0,79.954
2020-09-01,10.0,100.755
2020-09-02,3.0,48.668
2020-09-02,5.0,62.001
2020-09-02,7.0,78.025
2020-09-02,10.0,99.062
2020-09-03,3.0,50.945
2020-09-03,5.0,65.841
2020-09-03,7.0,80.604
2020-09-03,10.0,100.621
2020-09-04,3.0,53.021
2020-09-04,5.0,66.703
2020-09-04,7.0,82.87
2020-09-04,10.0,102.462
2020-09-07,10.0,102.452
2020-09-08,3.0,54.503
2020-09-08,5.0,69.1
2020-09-08,7.0,84.586
2020-09-08,10.0,104.44
2020-09-09,3.0,53.181
2020-09-09,5.0,66.039
2020-09-09,7.0,83.816
2020-09-09,10.0,102.613
2020-09-10,3.0,53.724
2020-09-10,5.0,68.788
2020-09-10,7.0,85.042
2020-09-10,10.0,104.3
2020-09-11,3.0,55.036
2020-09-11,5.0,69.82
2020-09-11,7.0,85.794
2020-09-11,10.0,105.494
2020-09-14,3.0,54.648
2020-09-14,5.0,68.703
2020-09-14,7.0,84.839
2020-09-14,10.0,104.032
2020-09-15,3.0,53.848
2020-09-15,5.0,67.735
2020-09-15,7.0,83.606
2020-09-15,10.0,103.081
2020-09-16,3.0,53.59
2020-09-16,5.0,67.785
2020-09-16,7.0,83.608
2020-09-16,10.0,103.208
2020-09-17,3.0,54.64
2020-09-17,5.0,69.725
2020-09-17,7.0,85.819
2020-09-17,10.0,104.952
2020-09-18,3.0,56.286
2020-09-18,5.0,71.371
2020-09-18,7.0,86.606
2020-09-18,10.0,106.505
2020-09-21,3.0,34.999
2020-09-21,5.0,52.383
2020-09-21,7.0,72.098
2020-09-21,10.0,95.429
2020-09-22,3.0,32.907
2020-09-22,5.0,52.5
2020-09-22,7.0,74.083
2020-09-22,10.0,94.894
2020-09-23,3.0,35.857
2020-09-23,5.0,57.519
2020-09-23,7.0,79.614
2020-09-23,10.0,99.513
2020-09-24,3.0,38.513
2020-09-24,5.0,58.308
2020-09-24,7.0,79.493
2020-09-24,10.0,100.164
2020-09-25,3.0,39.399
2020-09-25,5.0,59.118
2020-09-25,7.0,80.282
2020-09-25,10.0,100.971
2020-09-28,3.0,38.438
2020-09-28,5.0,57.674
2020-09-28,7.0,78.641
2020-09-28,10.0,99.964
2020-09-29,3.0,39.584
2020-09-29,5.0,60.319
2020-09-29,7.0,81.617
2020-09-29,10.0,102.38
2020-09-30,3.0,40.006
2020-09-30,5.0,59.214
2020-09-30,7.0,80.48
2020-09-30,10.0,101.648
2020-10-01,3.0,38.988
2020-10-01,5.0,58.643
2020-10-01,7.0,79.676
2020-10-01,10.0,101.136
2020-10-02,3.0,39.495
2020-10-02,5.0,59.901
2020-10-02,7.0,81.037
2020-10-02,10.0,101.52
2020-10-05,3.0,37.453
2020-10-05,5.0,56.63
2020-10-05,7.0,77.938
2020-10-05,10.0,99.738
2020-10-06,3.0,37.787
2020-10-06,5.0,58.363
2020-10-06,7.0,78.758
2020-10-06,10.0,99.636
2020-10-07,3.0,36.854
2020-10-07,5.0,55.853
2020-10-07,7.0,76.772
2020-10-07,10.0,98.168
2020-10-08,3.0,35.665
2020-10-08,5.0,54.835
2020-10-08,7.0,75.605
2020-10-08,10.0,96.984
2020-10-09,3.0,33.799
2020-10-09,5.0,53.205
2020-10-09,7.0,74.071
2020-10-09,10.0,95.58
2020-10-12,3.0,33.371
2020-10-12,10.0,95.299
2020-10-13,3.0,34.516
2020-10-13,5.0,54.874
2020-10-13,7.0,75.588
2020-10-13,10.0,95.822
2020-10-14,3.0,35.675
2020-10-14,5.0,56.145
2020-10-14,7.0,75.774
2020-10-14,10.0,96.92
2020-10-15,3.0,36.241
2020-10-15,5.0,56.568
2020-10-15,7.0,77.47
2020-10-15,10.0,98.163
2020-10-16,3.0,36.374
2020-10-16,5.0,56.591
2020-10-16,7.0,77.214
2020-10-16,10.0,97.95
2020-10-19,3.0,37.585
2020-10-19,5.0,58.469
2020-10-19,7.0,79.068
2020-10-19,10.0,99.741
2020-10-20,3.0,37.704
2020-10-20,5.0,57.84
2020-10-20,7.0,78.457
2020-10-20,10.0,99.284
2020-10-21,3.0,37.504
2020-10-21,5.0,57.115
2020-10-21,7.0,77.686
2020-10-21,10.0,98.715
2020-10-22,3.0,37.117
2020-10-22,5.0,57.203
2020-10-22,7.0,78.08
2020-10-22,10.0,98.568
2020-10-23,3.0,36.817
2020-10-23,5.0,56.566
2020-10-23,7.0,77.041
2020-10-23,10.0,97.982
2020-10-26,3.0,37.919
2020-10-26,5.0,58.775
2020-10-26,7.0,79.339
2020-10-26,10.0,99.485
2020-10-27,3.0,39.283
2020-10-27,5.0,59.918
2020-10-27,7.0,80.566
2020-10-27,10.0,100.778
2020-10-28,3.0,42.063
2020-10-28,5.0,63.845
2020-10-28,7.0,84.578
2020-10-28,10.0,104.003
2020-10-29,3.0,44.407
2020-10-29,5.0,65.158
2020-10-29,7.0,85.076
2020-10-29,10.0,105.558
2020-10-30,3.0,45.339
2020-10-30,5.0,65.463
2020-10-30,7.0,86.001
2020-10-30,10.0,106.008
2020-11-02,3.0,44.086
2020-11-02,5.0,63.091
2020-11-02,7.0,83.459
2020-11-02,10.0,104.283
2020-11-03,3.0,41.595
2020-11-03,5.0,59.913
2020-11-03,7.0,80.309
2020-11-03,10.0,100.92
2020-11-04,3.0,38.367
2020-11-04,5.0,57.464
2020-11-04,7.0,76.583
2020-11-04,10.0,98.469
2020-11-05,3.0,34.899
2020-11-05,5.0,53.463
2020-11-05,7.0,73.725
2020-11-05,10.0,94.586
2020-11-06,3.0,33.426
2020-11-06,5.0,53.359
2020-11-06,7.0,73.522
2020-11-06,10.0,94.941
2020-11-09,3.0,32.433
2020-11-09,5.0,52.223
2020-11-09,7.0,72.161
2020-11-09,10.0,93.577
2020-11-10,3.0,32.575
2020-11-10,5.0,52.976
2020-11-10,7.0,73.585
2020-11-10,10.0,94.599
2020-11-11,3.0,32.83
2020-11-11,10.0,94.969
2020-11-12,3.0,34.405
2020-11-12,5.0,54.964
2020-11-12,7.0,75.57
2020-11-12,10.0,95.79
2020-11-13,3.0,34.433
2020-11-13,5.0,54.476
2020-11-13,7.0,74.919
2020-11-13,10.0,95.717
2020-11-16,3.0,32.925
2020-11-16,5.0,52.078
2020-11-16,7.0,72.72
2020-11-16,10.0,93.638
2020-11-17,3.0,32.425
2020-11-17,5.0,52.7
2020-11-17,7.0,73.167
2020-11-17,10.0,94.159
2020-11-18,3.0,33.626
2020-11-18,5.0,54.513
2020-11-18,7.0,74.111
2020-11-18,10.0,95.194
2020-11-19,3.0,33.561
2020-11-19,5.0,53.829
2020-11-19,7.0,74.248
2020-11-19,10.0,95.192
2020-11-20,3.0,34.706
2020-11-20,5.0,56.344
2020-11-20,7.0,76.655
2020-11-20,10.0,97.175
2020-11-23,3.0,34.77
2020-11-23,5.0,54.283
2020-11-23,7.0,74.6
2020-11-23,10.0,95.688
2020-11-24,3.0,32.506
2020-11-24,5.0,51.669
2020-11-24,7.0,72.009
2020-11-24,10.0,93.489
2020-11-25,3.0,31.614
2020-11-25,5.0,52.205
2020-11-25,7.0,72.971
2020-11-25,10.0,93.664
2020-11-26,3.0,31.754
2020-11-26,10.0,94.036
2020-11-27,3.0,31.194
2020-11-27,5.0,51.175
2020-11-27,7.0,71.686
2020-11-27,10.0,92.831
2020-11-30,3.0,30.334
2020-11-30,5.0,50.106
2020-11-30,7.0,70.786
2020-11-30,10.0,92.002
2020-12-01,3.0,29.679
2020-12-01,5.0,49.959
2020-12-01,7.0,70.227
2020-12-01,10.0,91.207
2020-12-02,3.0,29.827
2020-12-02,5.0,50.141
2020-12-02,7.0,70.722
2020-12-02,10.0,91.573
2020-12-03,3.0,29.697
2020-12-03,5.0,49.823
2020-12-03,7.0,70.267
2020-12-03,10.0,91.085
2020-12-04,3.0,29.615
2020-12-04,5.0,49.936
2020-12-04,7.0,70.256
2020-12-04,10.0,90.781
2020-12-07,3.0,30.3
2020-12-07,5.0,50.855
2020-12-07,7.0,71.689
2020-12-07,10.0,92.017
2020-12-08,3.0,30.595
2020-12-08,5.0,50.99
2020-12-08,7.0,71.67
2020-12-08,10.0,92.179
2020-12-09,3.0,31.494
2020-12-09,5.0,52.203
2020-12-09,7.0,72.785
2020-12-09,10.0,93.275
2020-12-10,3.0,32.302
2020-12-10,5.0,52.974
2020-12-10,7.0,73.581
2020-12-10,10.0,93.927
2020-12-11,3.0,33.063
2020-12-11,5.0,53.846
2020-12-11,7.0,74.664
2020-12-11,10.0,94.888
2020-12-14,3.0,33.584
2020-12-14,5.0,54.193
2020-12-14,7.0,74.688
2020-12-14,10.0,95.079
2020-12-15,3.0,32.673
2020-12-15,5.0,52.619
2020-12-15,7.0,73.148
2020-12-15,10.0,93.813
2020-12-16,3.0,32.504
2020-12-16,5.0,52.944
2020-12-16,7.0,73.515
2020-12-16,10.0,93.812
2020-12-17,3.0,32.321
2020-12-17,5.0,52.515
2020-12-17,7.0,72.905
2020-12-17,10.0,93.5
2020-12-18,3.0,32.835
2020-12-18,5.0,53.278
2020-12-18,7.0,74.163
2020-12-18,10.0,94.127
2020-12-21,3.0,34.514
2020-12-21,5.0,55.2
2020-12-21,7.0,75.915
2020-12-21,10.0,95.987
2020-12-22,3.0,35.318
2020-12-22,5.0,55.78
2020-12-22,7.0,76.403
2020-12-22,10.0,96.485
2020-12-23,3.0,34.005
2020-12-23,5.0,54.248
2020-12-23,10.0,95.193
2020-12-24,3.0,32.941
2020-12-24,5.0,53.935
2020-12-24,10.0,94.019
2020-12-25,3.0,32.864
2020-12-25,10.0,93.98
2020-12-28,3.0,31.725
2020-12-28,5.0,52.126
2020-12-28,7.0,72.387
2020-12-28,10.0,92.892
2020-12-29,3.0,31.406
2020-12-29,5.0,52.184
2020-12-29,7.0,72.524
2020-12-29,10.0,92.658
2020-12-30,3.0,31.029
2020-12-30,5.0,51.138
2020-12-30,7.0,71.45
2020-12-30,10.0,92.005
2020-12-31,3.0,29.938
2020-12-31,5.0,49.896
2020-12-31,7.0,70.5
2020-12-31,10.0,90.931
2021-01-01,3.0,29.752
2021-01-01,10.0,90.674
2021-01-04,3.0,31.418
2021-01-04,5.0,52.465
2021-01-04,7.0,72.796
2021-01-04,10.0,92.898
2021-01-05,3.0,31.437
2021-01-05,5.0,51.738
2021-01-05,7.0,72.22
2021-01-05,10.0,92.873
2021-01-06,3.0,31.167
2021-01-06,5.0,51.613
2021-01-06,7.0,72.418
2021-01-06,10.0,92.446
2021-01-07,3.0,30.068
2021-01-07,5.0,50.118
2021-01-07,7.0,70.506
2021-01-07,10.0,91.626
2021-01-08,3.0,29.331
2021-01-08,5.0,49.653
2021-01-08,7.0,70.13
2021-01-08,10.0,90.813
2021-01-11,3.0,30.289
2021-01-11,5.0,51.17
2021-01-11,7.0,71.843
2021-01-11,10.0,92.057
2021-01-12,3.0,30.702
2021-01-12,5.0,51.549
2021-01-12,7.0,72.111
2021-01-12,10.0,92.543
2021-01-13,3.0,29.719
2021-01-13,5.0,49.836
2021-01-13,7.0,70.555
2021-01-13,10.0,91.291
2021-01-14,3.0,29.499
2021-01-14,5.0,50.073
2021-01-14,7.0,70.548
2021-01-14,10.0,91.071
2021-01-15,3.0,30.692
2021-01-15,5.0,51.981
2021-01-15,7.0,72.35
2021-01-15,10.0,92.694
2021-01-18,3.0,31.189
2021-01-18,10.0,93.11
2021-01-19,3.0,29.666
2021-01-19,5.0,50.539
2021-01-19,7.0,70.929
2021-01-19,10.0,92.045
2021-01-20,3.0,29.588
2021-01-20,5.0,50.758
2021-01-20,7.0,71.457
2021-01-20,10.0,91.839
2021-01-21,3.0,29.912
2021-01-21,5.0,50.751
2021-01-21,7.0,71.405
2021-01-21,10.0,92.183
2021-01-22,3.0,30.194
2021-01-22,5.0,51.078
2021-01-22,7.0,71.843
2021-01-22,10.0,92.437
2021-01-25,3.0,30.804
2021-01-25,5.0,51.75
2021-01-25,7.0,72.707
2021-01-25,10.0,93.167
2021-01-26,3.0,31.369
2021-01-26,5.0,52.686
2021-01-26,7.0,73.313
2021-01-26,10.0,93.686
2021-01-27,3.0,33.341
2021-01-27,5.0,55.695
2021-01-27,7.0,76.226
2021-01-27,10.0,95.86
2021-01-28,3.0,33.866
2021-01-28,5.0,55.436
2021-01-28,7.0,75.592
2021-01-28,10.0,96.47
2021-01-29,3.0,34.327
2021-01-29,5.0,56.051
2021-01-29,7.0,76.821
2021-01-29,10.0,97.321
2021-02-01,3.0,33.733
2021-02-01,5.0,54.986
2021-02-01,7.0,75.543
2021-02-01,10.0,96.336
2021-02-02,3.0,32.826
2021-02-02,5.0,52.77
2021-02-02,7.0,73.445
2021-02-02,10.0,94.543
2021-02-03,3.0,31.335
2021-02-03,5.0,52.619
2021-02-03,7.0,73.143
2021-02-03,10.0,94.083
2021-02-04,3.0,29.939
2021-02-04,5.0,51.343
2021-02-04,7.0,71.813
2021-02-04,10.0,92.969
2021-02-05,3.0,29.565
2021-02-05,5.0,50.804
2021-02-05,7.0,71.439
2021-02-05,10.0,92.465
2021-02-08,3.0,28.751
2021-02-08,5.0,50.205
2021-02-08,7.0,70.893
2021-02-08,10.0,91.686
2021-02-09,3.0,29.16
2021-02-09,5.0,50.78
2021-02-09,7.0,71.556
2021-02-09,10.0,92.498
2021-02-10,3.0,28.38
2021-02-10,5.0,50.287
2021-02-10,7.0,71.236
2021-02-10,10.0,92.067
2021-02-11,3.0,28.118
2021-02-11,5.0,50.256
2021-02-11,7.0,71.313
2021-02-11,10.0,91.927
2021-02-12,3.0,28.286
2021-02-12,5.0,50.42
2021-02-12,7.0,71.648
2021-02-12,10.0,92.061
2021-02-15,3.0,28.201
2021-02-15,10.0,92.02
2021-02-16,3.0,28.279
2021-02-16,5.0,50.565
2021-02-16,7.0,71.31
2021-02-16,10.0,92.115
2021-02-17,3.0,28.157
2021-02-17,5.0,50.279
2021-02-17,7.0,71.296
2021-02-17,10.0,92.127
2021-02-18,3.0,28.542
2021-02-18,5.0,50.998
2021-02-18,7.0,71.987
2021-02-18,10.0,92.675
2021-02-19,3.0,28.949
2021-02-19,5.0,51.621
2021-02-19,7.0,72.364
2021-02-19,10.0,93.108
2021-02-22,3.0,30.706
2021-02-22,5.0,53.8
2021-02-22,7.0,74.448
2021-02-22,10.0,94.845
2021-02-23,3.0,30.763
2021-02-23,5.0,52.821
2021-02-23,7.0,73.977
2021-02-23,10.0,94.806
2021-02-24,3.0,29.406
2021-02-24,5.0,51.708
2021-02-24,7.0,72.993
2021-02-24,10.0,93.825
2021-02-25,3.0,32.777
2021-02-25,5.0,56.225
2021-02-25,7.0,77.486
2021-02-25,10.0,97.099
2021-02-26,3.0,33.23
2021-02-26,5.0,55.873
2021-02-26,7.0,76.655
2021-02-26,10.0,97.75
2021-03-01,3.0,30.272
2021-03-01,5.0,52.711
2021-03-01,7.0,73.743
2021-03-01,10.0,94.963
2021-03-02,3.0,29.921
2021-03-02,5.0,53.369
2021-03-02,7.0,74.176
2021-03-02,10.0,95.022
2021-03-03,3.0,31.148
2021-03-03,5.0,54.595
2021-03-03,7.0,75.843
2021-03-03,10.0,96.167
2021-03-04,3.0,33.035
2021-03-04,5.0,56.494
2021-03-04,7.0,77.756
2021-03-04,10.0,98.158
2021-03-05,3.0,30.381
2021-03-05,5.0,53.645
2021-03-05,7.0,74.617
2021-03-05,10.0,96.006
2021-03-08,3.0,31.546
2021-03-08,5.0,56.155
2021-03-08,7.0,77.258
2021-03-08,10.0,97.29
2021-03-09,3.0,32.059
2021-03-09,5.0,55.12
2021-03-09,7.0,76.173
2021-03-09,10.0,97.238
2021-03-10,3.0,30.437
2021-03-10,5.0,52.933
2021-03-10,7.0,74.182
2021-03-10,10.0,95.37
2021-03-11,3.0,29.038
2021-03-11,5.0,52.569
2021-03-11,7.0,73.568
2021-03-11,10.0,94.691
2021-03-12,3.0,29.686
2021-03-12,5.0,52.689
2021-03-12,7.0,73.98
2021-03-12,10.0,95.042
2021-03-15,3.0,28.808
2021-03-15,5.0,51.607
2021-03-15,7.0,73.067
2021-03-15,10.0,94.027
2021-03-16,3.0,28.955
2021-03-16,5.0,51.975
2021-03-16,7.0,73.285
2021-03-16,10.0,94.266
2021-03-17,3.0,28.252
2021-03-17,5.0,50.892
2021-03-17,7.0,72.252
2021-03-17,10.0,93.41
2021-03-18,3.0,28.75
2021-03-18,5.0,52.47
2021-03-18,7.0,73.69
2021-03-18,10.0,94.393
2021-03-19,3.0,29.288
2021-03-19,5.0,52.106
2021-03-19,7.0,73.696
2021-03-19,10.0,94.728
2021-03-22,3.0,33.62
2021-03-22,5.0,57.475
2021-03-22,7.0,77.93
2021-03-22,10.0,98.166
2021-03-23,3.0,34.329
2021-03-23,5.0,57.967
2021-03-23,7.0,79.103
2021-03-23,10.0,98.655
2021-03-24,3.0,34.515
2021-03-24,5.0,58.086
2021-03-24,7.0,78.9
2021-03-24,10.0,98.881
2021-03-25,3.0,34.351
2021-03-25,5.0,57.644
2021-03-25,7.0,78.78
2021-03-25,10.0,98.548
2021-03-26,3.0,33.201
2021-03-26,5.0,56.334
2021-03-26,7.0,77.257
2021-03-26,10.0,97.683
2021-03-29,3.0,33.034
2021-03-29,5.0,56.168
2021-03-29,7.0,77.394
2021-03-29,10.0,97.762
2021-03-30,3.0,33.125
2021-03-30,5.0,56.508
2021-03-30,7.0,77.344
2021-03-30,10.0,97.746
2021-03-31,3.0,30.972
2021-03-31,5.0,53.985
2021-03-31,7.0,74.751
2021-03-31,10.0,95.529
2021-04-01,3.0,28.338
2021-04-01,5.0,51.236
2021-04-01,7.0,72.387
2021-04-01,10.0,93.252
2021-04-02,3.0,27.745
2021-04-02,5.0,50.713
2021-04-02,7.0,71.92
2021-04-02,10.0,92.347
2021-04-05,3.0,28.139
2021-04-05,5.0,51.289
2021-04-05,7.0,72.28
2021-04-05,10.0,92.813
2021-04-06,3.0,28.495
2021-04-06,5.0,51.619
2021-04-06,7.0,72.636
2021-04-06,10.0,93.115
2021-04-07,3.0,28.776
2021-04-07,5.0,51.798
2021-04-07,7.0,72.817
2021-04-07,10.0,93.355
2021-04-08,3.0,28.259
2021-04-08,5.0,50.985
2021-04-08,7.0,72.07
2021-04-08,10.0,92.698
2021-04-09,3.0,28.145
2021-04-09,5.0,50.879
2021-04-09,7.0,71.801
2021-04-09,10.0,92.509
2021-04-12,3.0,28.254
2021-04-12,5.0,50.98
2021-04-12,7.0,71.984
2021-04-12,10.0,92.587
2021-04-13,3.0,28.261
2021-04-13,5.0,51.224
2021-04-13,7.0,72.051
2021-04-13,10.0,92.756
2021-04-14,3.0,28.273
2021-04-14,5.0,51.146
2021-04-14,7.0,71.962
2021-04-14,10.0,92.566
2021-04-15,3.0,27.38
2021-04-15,5.0,49.995
2021-04-15,7.0,70.885
2021-04-15,10.0,91.656
2021-04-16,3.0,27.549
2021-04-16,5.0,50.32
2021-04-16,7.0,71.246
2021-04-16,10.0,91.675
2021-04-19,3.0,28.027
2021-04-19,5.0,50.72
2021-04-19,7.0,71.537
2021-04-19,10.0,92.071
2021-04-20,3.0,28.897
2021-04-20,5.0,52.091
2021-04-20,7.0,72.584
2021-04-20,10.0,92.899
2021-04-21,3.0,28.837
2021-04-21,5.0,51.505
2021-04-21,7.0,72.253
2021-04-21,10.0,92.907
2021-04-22,3.0,29.196
2021-04-22,5.0,52.047
2021-04-22,7.0,72.657
2021-04-22,10.0,93.132
2021-04-23,3.0,28.707
2021-04-23,5.0,51.163
2021-04-23,7.0,71.607
2021-04-23,10.0,92.199
2021-04-26,3.0,28.661
2021-04-26,5.0,51.143
2021-04-26,7.0,71.749
2021-04-26,10.0,91.947
2021-04-27,3.0,29.175
2021-04-27,5.0,51.534
2021-04-27,7.0,72.079
2021-04-27,10.0,92.252
2021-04-28,3.0,28.618
2021-04-28,5.0,50.806
2021-04-28,7.0,71.578
2021-04-28,10.0,91.761
2021-04-29,3.0,27.762
2021-04-29,5.0,50.039
2021-04-29,7.0,70.689
2021-04-29,10.0,90.873
2021-04-30,3.0,27.979
2021-04-30,5.0,50.432
2021-04-30,7.0,70.972
2021-04-30,10.0,91.097
2021-05-03,3.0,27.873
2021-05-03,5.0,50.263
2021-05-03,7.0,70.787
2021-05-03,10.0,90.966
2021-05-04,3.0,28.308
2021-05-04,5.0,50.789
2021-05-04,7.0,71.493
2021-05-04,10.0,91.374
2021-05-05,3.0,28.503
2021-05-05,5.0,51.072
2021-05-05,7.0,71.601
2021-05-05,10.0,91.628
2021-05-06,3.0,28.929
2021-05-06,5.0,51.279
2021-05-06,7.0,71.761
2021-05-06,10.0,91.903
2021-05-07,3.0,28.097
2021-05-07,5.0,50.363
2021-05-07,7.0,70.712
2021-05-07,10.0,91.059
2021-05-10,3.0,28.933
2021-05-10,5.0,51.861
2021-05-10,7.0,71.865
2021-05-10,10.0,91.253
2021-05-11,3.0,29.629
2021-05-11,5.0,52.27
2021-05-11,7.0,72.491
2021-05-11,10.0,92.48
2021-05-12,3.0,30.77
2021-05-12,5.0,53.792
2021-05-12,7.0,74.01
2021-05-12,10.0,93.567
2021-05-13,3.0,30.087
2021-05-13,5.0,52.303
2021-05-13,7.0,72.925
2021-05-13,10.0,92.941
2021-05-14,3.0,28.377
2021-05-14,5.0,50.67
2021-05-14,7.0,71.339
2021-05-14,10.0,91.251
2021-05-17,3.0,29.012
2021-05-17,5.0,51.532
2021-05-17,7.0,72.061
2021-05-17,10.0,91.695
2021-05-18,3.0,29.851
2021-05-18,5.0,52.536
2021-05-18,7.0,72.733
2021-05-18,10.0,92.544
2021-05-19,3.0,30.714
2021-05-19,5.0,52.941
2021-05-19,7.0,73.476
2021-05-19,10.0,93.125
2021-05-20,3.0,30.124
2021-05-20,5.0,52.265
2021-05-20,7.0,72.629
2021-05-20,10.0,92.568
2021-05-21,3.0,30.117
2021-05-21,5.0,52.44
2021-05-21,7.0,72.827
2021-05-21,10.0,92.614
2021-05-24,3.0,29.901
2021-05-24,5.0,51.371
2021-05-24,10.0,91.808
2021-05-25,3.0,30.301
2021-05-25,5.0,51.993
2021-05-25,7.0,72.484
2021-05-25,10.0,92.137
2021-05-26,3.0,30.147
2021-05-26,5.0,51.65
2021-05-26,7.0,72.231
2021-05-26,10.0,91.992
2021-05-27,3.0,29.733
2021-05-27,5.0,50.939
2021-05-27,7.0,71.734
2021-05-27,10.0,91.479
2021-05-28,3.0,29.159
2021-05-28,5.0,50.621
2021-05-28,7.0,71.055
2021-05-28,10.0,91.158
2021-05-31,3.0,29.05
2021-05-31,10.0,91.093
2021-06-01,3.0,28.541
2021-06-01,5.0,50.06
2021-06-01,7.0,70.597
2021-06-01,10.0,90.442
2021-06-02,3.0,28.579
2021-06-02,5.0,50.078
2021-06-02,7.0,70.303
2021-06-02,10.0,90.338
2021-06-03,3.0,29.3
2021-06-03,5.0,50.899
2021-06-03,7.0,71.035
2021-06-03,10.0,91.093
2021-06-04,3.0,28.787
2021-06-04,5.0,50.174
2021-06-04,7.0,70.157
2021-06-04,10.0,90.599
2021-06-07,3.0,28.679
2021-06-07,5.0,50.421
2021-06-07,7.0,70.408
2021-06-07,10.0,90.482
2021-06-08,3.0,28.746
2021-06-08,5.0,50.447
2021-06-08,7.0,70.549
2021-06-08,10.0,90.57
2021-06-09,3.0,28.619
2021-06-09,5.0,50.225
2021-06-09,7.0,70.313
2021-06-09,10.0,90.464
2021-06-10,3.0,27.552
2021-06-10,5.0,48.912
2021-06-10,7.0,68.964
2021-06-10,10.0,89.394
2021-06-11,3.0,27.059
2021-06-11,5.0,48.287
2021-06-11,7.0,68.248
2021-06-11,10.0,88.604
2021-06-14,3.0,26.969
2021-06-14,5.0,48.62
2021-06-14,7.0,68.65
2021-06-14,10.0,88.789
2021-06-15,3.0,27.256
2021-06-15,5.0,48.662
2021-06-15,7.0,68.578
2021-06-15,10.0,88.738
2021-06-16,3.0,27.528
2021-06-16,5.0,49.323
2021-06-16,7.0,68.939
2021-06-16,10.0,89.252
2021-06-17,3.0,28.041
2021-06-17,5.0,49.646
2021-06-17,7.0,69.455
2021-06-17,10.0,89.754
2021-06-18,3.0,29.023
2021-06-18,5.0,50.932
2021-06-18,7.0,70.687
2021-06-18,10.0,90.914
2021-06-21,3.0,28.289
2021-06-21,5.0,49.51
2021-06-21,7.0,69.634
2021-06-21,10.0,90.419
2021-06-22,3.0,27.68
2021-06-22,5.0,49.055
2021-06-22,7.0,69.077
2021-06-22,10.0,89.518
2021-06-23,3.0,27.586
2021-06-23,5.0,48.756
2021-06-23,7.0,68.64
2021-06-23,10.0,89.179
2021-06-24,3.0,26.956
2021-06-24,5.0,47.99
2021-06-24,7.0,67.897
2021-06-24,10.0,88.818
2021-06-25,3.0,26.142
2021-06-25,5.0,47.215
2021-06-25,7.0,67.136
2021-06-25,10.0,88.037
2021-06-28,3.0,26.386
2021-06-28,5.0,47.842
2021-06-28,7.0,67.543
2021-06-28,10.0,88.13
2021-06-29,3.0,26.694
2021-06-29,5.0,47.836
2021-06-29,7.0,67.608
2021-06-29,10.0,88.254
2021-06-30,3.0,26.585
2021-06-30,5.0,47.681
2021-06-30,7.0,67.512
2021-06-30,10.0,88.218
2021-07-01,3.0,26.376
2021-07-01,5.0,47.614
2021-07-01,7.0,67.248
2021-07-01,10.0,87.952
2021-07-02,3.0,25.903
2021-07-02,5.0,46.888
2021-07-02,7.0,66.672
2021-07-02,10.0,87.446
2021-07-05,3.0,25.819
2021-07-05,10.0,87.307
2021-07-06,3.0,26.342
2021-07-06,5.0,47.562
2021-07-06,7.0,67.31
2021-07-06,10.0,87.843
2021-07-07,3.0,26.715
2021-07-07,5.0,47.938
2021-07-07,7.0,67.708
2021-07-07,10.0,88.353
2021-07-08,3.0,27.726
2021-07-08,5.0,49.014
2021-07-08,7.0,68.929
2021-07-08,10.0,89.397
2021-07-09,3.0,26.886
2021-07-09,5.0,48.004
2021-07-09,7.0,67.89
2021-07-09,10.0,88.648
2021-07-12,3.0,26.764
2021-07-12,5.0,47.923
2021-07-12,7.0,67.687
2021-07-12,10.0,88.32
2021-07-13,3.0,27.209
2021-07-13,5.0,48.585
2021-07-13,7.0,68.435
2021-07-13,10.0,88.851
2021-07-14,3.0,27.229
2021-07-14,5.0,48.603
2021-07-14,7.0,68.192
2021-07-14,10.0,88.936
2021-07-15,3.0,27.996
2021-07-15,5.0,49.35
2021-07-15,7.0,69.152
2021-07-15,10.0,89.745
2021-07-16,3.0,28.703
2021-07-16,5.0,50.055
2021-07-16,7.0,69.91
2021-07-16,10.0,90.548
2021-07-19,3.0,30.553
2021-07-19,5.0,52.285
2021-07-19,7.0,72
2021-07-19,10.0,92.413
2021-07-20,3.0,29.673
2021-07-20,5.0,50.724
2021-07-20,7.0,70.56
2021-07-20,10.0,91.494
2021-07-21,3.0,28.117
2021-07-21,5.0,48.886
2021-07-21,7.0,68.758
2021-07-21,10.0,89.905
2021-07-22,3.0,27.99
2021-07-22,5.0,49.133
2021-07-22,7.0,69.002
2021-07-22,10.0,89.769
2021-07-23,3.0,27.567
2021-07-23,5.0,48.416
2021-07-23,7.0,68.338
2021-07-23,10.0,89.58
2021-07-26,3.0,27.728
2021-07-26,5.0,48.656
2021-07-26,7.0,68.62
2021-07-26,10.0,89.635
2021-07-27,3.0,28.124
2021-07-27,5.0,49.616
2021-07-27,7.0,69.603
2021-07-27,10.0,90.501
2021-07-28,3.0,28.143
2021-07-28,5.0,49.05
2021-07-28,7.0,69.021
2021-07-28,10.0,90.196
2021-07-29,3.0,27.867
2021-07-29,5.0,48.995
2021-07-29,7.0,68.572
2021-07-29,10.0,89.833
2021-07-30,3.0,28.334
2021-07-30,5.0,49.79
2021-07-30,7.0,69.7
2021-07-30,10.0,90.502
2021-08-02,3.0,28.611
2021-08-02,5.0,49.845
2021-08-02,7.0,69.754
2021-08-02,10.0,90.638
2021-08-03,3.0,28.632
2021-08-03,5.0,49.777
2021-08-03,7.0,70.21
2021-08-03,10.0,90.876
2021-08-04,3.0,28.998
2021-08-04,5.0,50.439
2021-08-04,7.0,70.322
2021-08-04,10.0,91.3
2021-08-05,3.0,28.731
2021-08-05,5.0,49.625
2021-08-05,7.0,69.725
2021-08-05,10.0,90.902
2021-08-06,3.0,28.226
2021-08-06,5.0,49.021
2021-08-06,10.0,90.205
2021-08-09,3.0,28.424
2021-08-09,5.0,49.435
2021-08-09,7.0,69.651
2021-08-09,10.0,90.497
2021-08-10,3.0,29.05
2021-08-10,5.0,50.339
2021-08-10,7.0,70.117
2021-08-10,10.0,91.217
2021-08-11,3.0,29.053
2021-08-11,5.0,49.898
2021-08-11,7.0,69.881
2021-08-11,10.0,91.008
2021-08-12,3.0,28.43
2021-08-12,5.0,49.04
2021-08-12,7.0,69.009
2021-08-12,10.0,90.187
2021-08-13,3.0,27.872
2021-08-13,5.0,48.4
2021-08-13,7.0,68.365
2021-08-13,10.0,89.548
2021-08-16,3.0,27.996
2021-08-16,5.0,48.822
2021-08-16,7.0,68.807
2021-08-16,10.0,89.792
2021-08-17,3.0,28.707
2021-08-17,5.0,49.711
2021-08-17,7.0,69.848
2021-08-17,10.0,90.645
2021-08-18,3.0,28.786
2021-08-18,5.0,50.543
2021-08-18,7.0,69.903
2021-08-18,10.0,91.074
2021-08-19,3.0,29.557
2021-08-19,5.0,50.468
2021-08-19,7.0,70.483
2021-08-19,10.0,91.514
2021-08-20,3.0,29.157
2021-08-20,5.0,49.653
2021-08-20,7.0,69.592
2021-08-20,10.0,90.94
2021-08-23,3.0,28.037
2021-08-23,5.0,48.549
2021-08-23,7.0,68.504
2021-08-23,10.0,90.155
2021-08-24,3.0,27.775
2021-08-24,5.0,48.486
2021-08-24,7.0,68.381
2021-08-24,10.0,89.88
2021-08-25,3.0,27.348
2021-08-25,5.0,47.821
2021-08-25,7.0,67.736
2021-08-25,10.0,89.425
2021-08-26,3.0,27.82
2021-08-26,5.0,48.478
2021-08-26,7.0,68.332
2021-08-26,10.0,89.509
2021-08-27,3.0,26.559
2021-08-27,5.0,46.56
2021-08-27,7.0,66.194
2021-08-27,10.0,88.313
2021-08-30,3.0,26.158
2021-08-30,5.0,46.181
2021-08-30,7.0,65.751
2021-08-30,10.0,87.317
2021-08-31,3.0,26.022
2021-08-31,5.0,46.1
2021-08-31,7.0,65.959
2021-08-31,10.0,87.546
2021-09-01,3.0,26.016
2021-09-01,5.0,46.083
2021-09-01,7.0,65.79
2021-09-01,10.0,87.236
2021-09-02,3.0,26.14
2021-09-02,5.0,46.383
2021-09-02,7.0,66.075
2021-09-02,10.0,87.514
2021-09-03,3.0,26.559
2021-09-03,5.0,46.861
2021-09-03,7.0,66.401
2021-09-03,10.0,87.507
2021-09-06,3.0,26.556
2021-09-06,10.0,87.517
2021-09-07,3.0,27.104
2021-09-07,5.0,47.25
2021-09-07,7.0,66.924
2021-09-07,10.0,88.08
2021-09-08,3.0,26.681
2021-09-08,5.0,46.716
2021-09-08,7.0,66.349
2021-09-08,10.0,87.756
2021-09-09,3.0,26.631
2021-09-09,5.0,46.934
2021-09-09,7.0,66.526
2021-09-09,10.0,87.687
2021-09-10,3.0,27.008
2021-09-10,5.0,47.299
2021-09-10,7.0,66.864
2021-09-10,10.0,87.984
2021-09-13,3.0,26.727
2021-09-13,5.0,46.708
2021-09-13,7.0,66.504
2021-09-13,10.0,87.767
2021-09-14,3.0,26.634
2021-09-14,5.0,46.918
2021-09-14,7.0,66.482
2021-09-14,10.0,87.745
2021-09-15,3.0,26.324
2021-09-15,5.0,46.179
2021-09-15,7.0,65.825
2021-09-15,10.0,87.28
2021-09-16,3.0,26.148
2021-09-16,5.0,46.134
2021-09-16,7.0,65.768
2021-09-16,10.0,87.105
2021-09-17,3.0,26.453
2021-09-17,5.0,46.761
2021-09-17,7.0,66.411
2021-09-17,10.0,87.555
2021-09-20,3.0,32.917
2021-09-20,5.0,53.749
2021-09-20,7.0,73.703
2021-09-20,10.0,92.868
2021-09-21,3.0,32.633
2021-09-21,5.0,53.156
2021-09-21,7.0,72.72
2021-09-21,10.0,92.941
2021-09-22,3.0,31.114
2021-09-22,5.0,51.429
2021-09-22,7.0,71.041
2021-09-22,10.0,91.693
2021-09-23,3.0,30.703
2021-09-23,5.0,50.856
2021-09-23,7.0,70.541
2021-09-23,10.0,89.996
2021-09-24,3.0,30.77
2021-09-24,5.0,50.966
2021-09-24,7.0,70.707
2021-09-24,10.0,90.701
2021-09-27,3.0,30.842
2021-09-27,5.0,50.946
2021-09-27,7.0,70.389
2021-09-27,10.0,90.531
2021-09-28,3.0,31.691
2021-09-28,5.0,52.085
2021-09-28,7.0,71.548
2021-09-28,10.0,91.28
2021-09-29,3.0,31.917
2021-09-29,5.0,52.181
2021-09-29,7.0,71.507
2021-09-29,10.0,91.432
2021-09-30,3.0,32.852
2021-09-30,5.0,53.249
2021-09-30,7.0,72.625
2021-09-30,10.0,92.668
2021-10-01,3.0,32.511
2021-10-01,5.0,52.366
2021-10-01,7.0,71.917
2021-10-01,10.0,91.366
2021-10-04,3.0,32.956
2021-10-04,5.0,53.315
2021-10-04,7.0,72.971
2021-10-04,10.0,92.523
2021-10-05,3.0,33.367
2021-10-05,5.0,53.744
2021-10-05,7.0,73.04
2021-10-05,10.0,92.878
2021-10-06,3.0,33.331
2021-10-06,5.0,53.742
2021-10-06,7.0,73.38
2021-10-06,10.0,92.808
2021-10-07,3.0,33.003
2021-10-07,5.0,53.293
2021-10-07,7.0,72.518
2021-10-07,10.0,92.463
2021-10-08,3.0,32.958
2021-10-08,5.0,53.893
2021-10-08,7.0,73.464
2021-10-08,10.0,92.677
2021-10-11,3.0,32.873
2021-10-11,10.0,92.852
2021-10-12,3.0,34.274
2021-10-12,5.0,55.05
2021-10-12,7.0,74.569
2021-10-12,10.0,93.69
2021-10-13,3.0,33.657
2021-10-13,5.0,54.124
2021-10-13,7.0,73.737
2021-10-13,10.0,93.119
2021-10-14,3.0,32.436
2021-10-14,5.0,52.14
2021-10-14,7.0,71.89
2021-10-14,10.0,91.477
2021-10-15,3.0,31.629
2021-10-15,5.0,52.159
2021-10-15,7.0,71.686
2021-10-15,10.0,90.777
2021-10-18,3.0,31.946
2021-10-18,5.0,52.145
2021-10-18,7.0,71.947
2021-10-18,10.0,91.127
2021-10-19,3.0,31.285
2021-10-19,5.0,51.491
2021-10-19,7.0,71.162
2021-10-19,10.0,90.426
2021-10-20,3.0,30.939
2021-10-20,5.0,51.24
2021-10-20,7.0,70.909
2021-10-20,10.0,90.265
2021-10-21,3.0,31.048
2021-10-21,5.0,51.651
2021-10-21,7.0,71.311
2021-10-21,10.0,90.623
2021-10-22,3.0,31.39
2021-10-22,5.0,52.085
2021-10-22,7.0,71.977
2021-10-22,10.0,91.205
2021-10-25,3.0,31.036
2021-10-25,5.0,51.36
2021-10-25,7.0,71.342
2021-10-25,10.0,90.839
2021-10-26,3.0,30.616
2021-10-26,5.0,50.975
2021-10-26,7.0,70.858
2021-10-26,10.0,90.421
2021-10-27,3.0,30.806
2021-10-27,5.0,51.588
2021-10-27,7.0,70.398
2021-10-27,10.0,90.786
2021-10-28,3.0,30.789
2021-10-28,5.0,51.221
2021-10-28,7.0,70.185
2021-10-28,10.0,90.769
2021-10-29,3.0,31.488
2021-10-29,5.0,52.283
2021-10-29,7.0,71.319
2021-10-29,10.0,91.533
2021-11-01,3.0,31.941
2021-11-01,5.0,52.563
2021-11-01,7.0,71.615
2021-11-01,10.0,92.17
2021-11-02,3.0,31.629
2021-11-02,5.0,51.976
2021-11-02,7.0,71.034
2021-11-02,10.0,91.779
2021-11-03,3.0,30.708
2021-11-03,5.0,50.878
2021-11-03,7.0,70.046
2021-11-03,10.0,90.767
2021-11-04,3.0,29.97
2021-11-04,5.0,50.353
2021-11-04,7.0,69.389
2021-11-04,10.0,90.02
2021-11-05,3.0,29.049
2021-11-05,5.0,49.411
2021-11-05,7.0,68.423
2021-11-05,10.0,89.108
2021-11-08,3.0,28.961
2021-11-08,5.0,49.468
2021-11-08,7.0,68.5
2021-11-08,10.0,89.023
2021-11-09,3.0,29.452
2021-11-09,5.0,50.146
2021-11-09,7.0,69.138
2021-11-09,10.0,89.607
2021-11-10,3.0,30.42
2021-11-10,5.0,51.374
2021-11-10,7.0,70.307
2021-11-10,10.0,90.711
2021-11-11,3.0,30.658
2021-11-11,10.0,90.881
2021-11-12,3.0,30.205
2021-11-12,5.0,50.776
2021-11-12,7.0,69.885
2021-11-12,10.0,90.75
2021-11-15,3.0,29.893
2021-11-15,5.0,50.764
2021-11-15,7.0,69.657
2021-11-15,10.0,90.564
2021-11-16,3.0,29.778
2021-11-16,5.0,50.638
2021-11-16,7.0,69.628
2021-11-16,10.0,90.37
2021-11-17,3.0,30.044
2021-11-17,5.0,50.973
2021-11-17,7.0,70.136
2021-11-17,10.0,90.721
2021-11-18,3.0,30.312
2021-11-18,5.0,51.085
2021-11-18,7.0,70.271
2021-11-18,10.0,90.93
2021-11-19,3.0,30.762
2021-11-19,5.0,51.76
2021-11-19,7.0,70.849
2021-11-19,10.0,91.366
2021-11-22,3.0,31.239
2021-11-22,5.0,52.671
2021-11-22,7.0,71.746
2021-11-22,10.0,92.124
2021-11-23,3.0,31.991
2021-11-23,5.0,53.01
2021-11-23,7.0,72.09
2021-11-23,10.0,92.896
2021-11-24,3.0,32.112
2021-11-24,5.0,53.02
2021-11-24,7.0,72.146
2021-11-24,10.0,93.076
2021-11-25,3.0,32.129
2021-11-25,7.0,71.956
2021-11-25,10.0,92.919
2021-11-26,3.0,35.812
2021-11-26,5.0,57.454
2021-11-26,7.0,75.11
2021-11-26,10.0,96.453
2021-11-29,3.0,34.617
2021-11-29,5.0,55.083
2021-11-29,7.0,73.493
2021-11-29,10.0,94.793
2021-11-30,3.0,36.223
2021-11-30,5.0,57.687
2021-11-30,7.0,75.476
2021-11-30,10.0,95.795
2021-12-01,3.0,37.024
2021-12-01,5.0,58.663
2021-12-01,7.0,76.189
2021-12-01,10.0,96.931
2021-12-02,3.0,36.516
2021-12-02,5.0,57.333
2021-12-02,7.0,75.635
2021-12-02,10.0,96.686
2021-12-03,3.0,36.942
2021-12-03,5.0,58.456
2021-12-03,7.0,76.95
2021-12-03,10.0,97.167
2021-12-06,3.0,35.141
2021-12-06,5.0,56.101
2021-12-06,7.0,74.799
2021-12-06,10.0,95.662
2021-12-07,3.0,33.467
2021-12-07,5.0,53.603
2021-12-07,7.0,72.456
2021-12-07,10.0,93.487
2021-12-08,3.0,33.225
2021-12-08,5.0,53.569
2021-12-08,7.0,72.596
2021-12-08,10.0,93.193
2021-12-09,3.0,33.137
2021-12-09,5.0,54.7
2021-12-09,7.0,73.677
2021-12-09,10.0,94.156
2021-12-10,3.0,32.202
2021-12-10,5.0,53.368
2021-12-10,7.0,72.362
2021-12-10,10.0,93.323
2021-12-13,3.0,32.163
2021-12-13,5.0,53.488
2021-12-13,7.0,72.663
2021-12-13,10.0,92.998
2021-12-14,3.0,32.734
2021-12-14,5.0,53.991
2021-12-14,7.0,73.258
2021-12-14,10.0,93.603
2021-12-15,3.0,31.643
2021-12-15,5.0,52.337
2021-12-15,7.0,71.3
2021-12-15,10.0,92.405
2021-12-16,3.0,31.843
2021-12-16,5.0,52.409
2021-12-16,7.0,71.387
2021-12-16,10.0,91.84
2021-12-17,3.0,31.545
2021-12-17,5.0,52.629
2021-12-17,7.0,72.003
2021-12-17,10.0,92.512
2021-12-20,3.0,31.95
2021-12-20,5.0,53.328
2021-12-20,7.0,72.567
2021-12-20,10.0,92.939
2021-12-21,3.0,30.743
2021-12-21,5.0,51.775
2021-12-21,7.0,71.006
2021-12-21,10.0,91.786
2021-12-22,3.0,30.198
2021-12-22,5.0,50.763
2021-12-22,7.0,70.105
2021-12-22,10.0,90.739
2021-12-23,3.0,29.223
2021-12-23,5.0,49.805
2021-12-23,7.0,69.136
2021-12-23,10.0,89.809
2021-12-24,3.0,29.074
2021-12-24,10.0,89.573
2021-12-27,3.0,28.459
2021-12-27,5.0,48.849
2021-12-27,7.0,68.081
2021-12-27,10.0,88.817
2021-12-28,3.0,28.47
2021-12-28,5.0,49.379
2021-12-28,7.0,68.72
2021-12-28,10.0,89.294
2021-12-29,3.0,28.483
2021-12-29,5.0,49.489
2021-12-29,7.0,68.698
2021-12-29,10.0,89.066
2021-12-30,3.0,28.697
2021-12-30,5.0,49.801
2021-12-30,7.0,68.969
2021-12-30,10.0,89.384
2021-12-31,3.0,28.591
2021-12-31,5.0,49.571
2021-12-31,7.0,68.546
2021-12-31,10.0,89.152
2022-01-03,3.0,28.476
2022-01-03,5.0,49.529
2022-01-03,7.0,68.588
2022-01-03,10.0,89.143
2022-01-04,3.0,28.487
2022-01-04,5.0,49.555
2022-01-04,7.0,68.762
2022-01-04,10.0,89.164
2022-01-05,3.0,30.173
2022-01-05,5.0,51.73
2022-01-05,7.0,70.856
2022-01-05,10.0,90.9
2022-01-06,3.0,30.417
2022-01-06,5.0,51.736
2022-01-06,7.0,70.928
2022-01-06,10.0,91.374
2022-01-07,3.0,31.219
2022-01-07,5.0,52.614
2022-01-07,7.0,71.684
2022-01-07,10.0,91.998
2022-01-10,3.0,31.782
2022-01-10,5.0,52.51
2022-01-10,7.0,71.585
2022-01-10,10.0,92.559
2022-01-11,3.0,30.605
2022-01-11,5.0,51.674
2022-01-11,7.0,70.594
2022-01-11,10.0,91.469
2022-01-12,3.0,30.09
2022-01-12,5.0,51.25
2022-01-12,7.0,70.394
2022-01-12,10.0,91.047
2022-01-13,3.0,31.484
2022-01-13,5.0,53.148
2022-01-13,7.0,72.205
2022-01-13,10.0,92.564
2022-01-14,3.0,32.006
2022-01-14,5.0,53.418
2022-01-14,7.0,72.72
2022-01-14,10.0,93.291
2022-01-17,3.0,32.061
2022-01-17,10.0,93.353
2022-01-18,3.0,33.054
2022-01-18,5.0,55.01
2022-01-18,7.0,74.355
2022-01-18,10.0,94.901
2022-01-19,3.0,33.763
2022-01-19,5.0,55.774
2022-01-19,7.0,74.947
2022-01-19,10.0,95.739
2022-01-20,3.0,34.584
2022-01-20,5.0,57.544
2022-01-20,7.0,76.435
2022-01-20,10.0,96.42
2022-01-21,3.0,35.508
2022-01-21,5.0,58.44
2022-01-21,7.0,77.585
2022-01-21,10.0,97.814
2022-01-24,3.0,35.614
2022-01-24,5.0,57.945
2022-01-24,7.0,77.005
2022-01-24,10.0,97.618
2022-01-25,3.0,36.253
2022-01-25,5.0,58.973
2022-01-25,7.0,78.332
2022-01-25,10.0,98.048
2022-01-26,3.0,36.364
2022-01-26,5.0,60.45
2022-01-26,7.0,79.655
2022-01-26,10.0,99.073
2022-01-27,3.0,38.364
2022-01-27,5.0,62.445
2022-01-27,7.0,80.734
2022-01-27,10.0,101.215
2022-01-28,3.0,39.263
2022-01-28,5.0,61.075
2022-01-28,7.0,79.202
2022-01-28,10.0,101.866
2022-01-31,3.0,37.792
2022-01-31,5.0,60.146
2022-01-31,7.0,77.891
2022-01-31,10.0,99.725
2022-02-01,3.0,36.292
2022-02-01,5.0,58.38
2022-02-01,7.0,76.584
2022-02-01,10.0,98.361
2022-02-02,3.0,36.342
2022-02-02,5.0,59.769
2022-02-02,7.0,78.886
2022-02-02,10.0,98.816
2022-02-03,3.0,38.962
2022-02-03,5.0,62.399
2022-02-03,7.0,81.629
2022-02-03,10.0,101.502
2022-02-04,3.0,40.106
2022-02-04,5.0,63.704
2022-02-04,7.0,82.452
2022-02-04,10.0,102.434
2022-02-07,3.0,40.241
2022-02-07,5.0,63.57
2022-02-07,7.0,82.481
2022-02-07,10.0,102.781
2022-02-08,3.0,39.808
2022-02-08,5.0,62.959
2022-02-08,7.0,81.93
2022-02-08,10.0,102.467
2022-02-09,3.0,38.737
2022-02-09,5.0,61.504
2022-02-09,7.0,80.642
2022-02-09,10.0,101.386
2022-02-10,3.0,40.587
2022-02-10,5.0,65.58
2022-02-10,7.0,84.763
2022-02-10,10.0,103.699
2022-02-11,3.0,42.796
2022-02-11,5.0,67.836
2022-02-11,7.0,87.09
2022-02-11,10.0,106.451
2022-02-14,3.0,43.506
2022-02-14,5.0,67.535
2022-02-14,7.0,86.675
2022-02-14,10.0,106.196
2022-02-15,3.0,41.878
2022-02-15,5.0,65.849
2022-02-15,7.0,84.86
2022-02-15,10.0,105.108
2022-02-16,3.0,41.56
2022-02-16,5.0,65.255
2022-02-16,7.0,84.546
2022-02-16,10.0,104.709
2022-02-17,3.0,42.689
2022-02-17,5.0,67.641
2022-02-17,7.0,87.113
2022-02-17,10.0,106.506
2022-02-18,3.0,44.09
2022-02-18,5.0,68.898
2022-02-18,7.0,88.116
2022-02-18,10.0,107.6
2022-02-21,3.0,44.19
2022-02-21,10.0,107.641
2022-02-22,3.0,44.496
2022-02-22,5.0,69.245
2022-02-22,7.0,88.437
2022-02-22,10.0,108.059
2022-02-23,3.0,45.464
2022-02-23,5.0,70.661
2022-02-23,7.0,89.743
2022-02-23,10.0,109.018
2022-02-24,3.0,44.058
2022-02-24,5.0,68.48
2022-02-24,7.0,88.196
2022-02-24,10.0,107.922
2022-02-25,3.0,41.941
2022-02-25,5.0,66.444
2022-02-25,7.0,86.439
2022-02-25,10.0,105.714
2022-02-28,3.0,42.524
2022-02-28,5.0,67.668
2022-02-28,7.0,87.11
2022-02-28,10.0,106.124
2022-03-01,3.0,46.04
2022-03-01,5.0,71.934
2022-03-01,7.0,90.363
2022-03-01,10.0,108.543
2022-03-02,3.0,45.314
2022-03-02,5.0,69.464
2022-03-02,7.0,88.106
2022-03-02,10.0,107.723
2022-03-03,3.0,46.129
2022-03-03,5.0,71.014
2022-03-03,7.0,89.299
2022-03-03,10.0,108.251
2022-03-04,3.0,49.958
2022-03-04,5.0,74.438
2022-03-04,7.0,91.957
2022-03-04,10.0,110.516
2022-03-07,3.0,53.886
2022-03-07,5.0,77.806
2022-03-07,7.0,94.071
2022-03-07,10.0,110.93
2022-03-08,3.0,55.487
2022-03-08,5.0,76.341
2022-03-08,7.0,92.621
2022-03-08,10.0,111.233
2022-03-09,3.0,50.993
2022-03-09,5.0,71.791
2022-03-09,7.0,90.003
2022-03-09,10.0,109.038
2022-03-10,3.0,51.003
2022-03-10,5.0,73.359
2022-03-10,7.0,91.438
2022-03-10,10.0,109.82
2022-03-11,3.0,52.016
2022-03-11,5.0,74.846
2022-03-11,7.0,93.532
2022-03-11,10.0,111.22
2022-03-14,3.0,52.919
2022-03-14,5.0,75.403
2022-03-14,7.0,94.313
2022-03-14,10.0,112.277
2022-03-15,3.0,50.97
2022-03-15,5.0,72.825
2022-03-15,7.0,91.65
2022-03-15,10.0,110.27
2022-03-16,3.0,44.942
2022-03-16,5.0,67.32
2022-03-16,7.0,87.147
2022-03-16,10.0,106.6
2022-03-17,3.0,44.085
2022-03-17,5.0,65.313
2022-03-17,7.0,83.86
2022-03-17,10.0,103.727
2022-03-18,3.0,41.957
2022-03-18,5.0,64.233
2022-03-18,7.0,83.208
2022-03-18,10.0,102.711
2022-03-21,3.0,47.859
2022-03-21,5.0,72.083
2022-03-21,7.0,90.578
2022-03-21,10.0,107.957
2022-03-22,3.0,45.605
2022-03-22,5.0,69.711
2022-03-22,7.0,88.968
2022-03-22,10.0,106.32
2022-03-23,3.0,47.727
2022-03-23,5.0,71.915
2022-03-23,7.0,90.815
2022-03-23,10.0,107.793
2022-03-24,3.0,48.266
2022-03-24,5.0,70.829
2022-03-24,7.0,89.73
2022-03-24,10.0,107.492
2022-03-25,3.0,49.193
2022-03-25,5.0,72.085
2022-03-25,7.0,90.47
2022-03-25,10.0,107.464
2022-03-28,3.0,48.144
2022-03-28,5.0,70.266
2022-03-28,7.0,89.237
2022-03-28,10.0,106.687
2022-03-29,3.0,44.481
2022-03-29,5.0,66.043
2022-03-29,7.0,84.669
2022-03-29,10.0,104.215
2022-03-30,3.0,44.468
2022-03-30,5.0,66.293
2022-03-30,7.0,85.588
2022-03-30,10.0,103.299
2022-03-31,3.0,44.157
2022-03-31,5.0,67.238
2022-03-31,7.0,86.141
2022-03-31,10.0,104.026
2022-04-01,3.0,43.75
2022-04-01,5.0,66.499
2022-04-01,7.0,84.987
2022-04-01,10.0,103.825
2022-04-04,3.0,41.304
2022-04-04,5.0,63.834
2022-04-04,7.0,82.76
2022-04-04,10.0,101.795
2022-04-05,3.0,42.747
2022-04-05,5.0,66.135
2022-04-05,7.0,85.227
2022-04-05,10.0,102.895
2022-04-06,3.0,44.479
2022-04-06,5.0,67.456
2022-04-06,7.0,86.435
2022-04-06,10.0,104.378
2022-04-07,3.0,45.207
2022-04-07,5.0,68.219
2022-04-07,7.0,87.099
2022-04-07,10.0,104.991
2022-04-08,3.0,46.916
2022-04-08,5.0,70.6
2022-04-08,7.0,89.264
2022-04-08,10.0,106.61
2022-04-11,3.0,49.625
2022-04-11,5.0,72.824
2022-04-11,7.0,91.407
2022-04-11,10.0,108.978
2022-04-12,3.0,49.877
2022-04-12,5.0,72.818
2022-04-12,7.0,91.653
2022-04-12,10.0,109.249
2022-04-13,3.0,49.555
2022-04-13,5.0,71.519
2022-04-13,7.0,90.796
2022-04-13,10.0,108.862
2022-04-14,3.0,49.741
2022-04-14,5.0,72.864
2022-04-14,7.0,91.639
2022-04-14,10.0,109.281
2022-04-15,3.0,49.852
2022-04-15,10.0,109.348
2022-04-18,3.0,50.858
2022-04-18,5.0,73.454
2022-04-18,7.0,92.485
2022-04-18,10.0,110.322
2022-04-19,3.0,51.227
2022-04-19,5.0,74.268
2022-04-19,7.0,92.864
2022-04-19,10.0,110.891
2022-04-20,3.0,50.383
2022-04-20,5.0,72.718
2022-04-20,7.0,91.67
2022-04-20,10.0,110.062
2022-04-21,3.0,52.355
2022-04-21,5.0,75.92
2022-04-21,7.0,94.53
2022-04-21,10.0,111.971
2022-04-22,3.0,55.45
2022-04-22,5.0,79.529
2022-04-22,7.0,98.217
2022-04-22,10.0,115.47
2022-04-25,3.0,54.623
2022-04-25,5.0,76.863
2022-04-25,7.0,95.565
2022-04-25,10.0,113.96
2022-04-26,3.0,57.108
2022-04-26,5.0,82.188
2022-04-26,7.0,100.394
2022-04-26,10.0,116.025
2022-04-27,3.0,59.259
2022-04-27,5.0,82
2022-04-27,7.0,100.17
2022-04-27,10.0,117.758
2022-04-28,3.0,58.75
2022-04-28,5.0,80.901
2022-04-28,7.0,98.826
2022-04-28,10.0,116.851
2022-04-29,3.0,60.731
2022-04-29,5.0,83.649
2022-04-29,7.0,101.245
2022-04-29,10.0,118.569
2022-05-02,3.0,61.109
2022-05-02,5.0,82.89
2022-05-02,7.0,101.172
2022-05-02,10.0,118.497
2022-05-03,3.0,59.068
2022-05-03,5.0,80.421
2022-05-03,7.0,99.071
2022-05-03,10.0,117.01
2022-05-04,3.0,57.909
2022-05-04,5.0,78.201
2022-05-04,7.0,97.189
2022-05-04,10.0,115.062
2022-05-05,3.0,59.554
2022-05-05,5.0,83.45
2022-05-05,7.0,101.884
2022-05-05,10.0,118.281
2022-05-06,3.0,63.294
2022-05-06,5.0,86.878
2022-05-06,7.0,104.481
2022-05-06,10.0,121.1
2022-05-09,3.0,66.243
2022-05-09,5.0,89.205
2022-05-09,7.0,105.948
2022-05-09,10.0,123.271
2022-05-10,3.0,64.735
2022-05-10,5.0,87.209
2022-05-10,7.0,104.704
2022-05-10,10.0,122.171
2022-05-11,3.0,64.915
2022-05-11,5.0,87.789
2022-05-11,7.0,105.057
2022-05-11,10.0,122.353
2022-05-12,3.0,64.701
2022-05-12,5.0,87.3
2022-05-12,7.0,104.461
2022-05-12,10.0,121.843
2022-05-13,3.0,63.238
2022-05-13,5.0,85.39
2022-05-13,7.0,102.407
2022-05-13,10.0,120.524
2022-05-16,3.0,63.242
2022-05-16,5.0,86.381
2022-05-16,7.0,103.577
2022-05-16,10.0,120.559
2022-05-17,3.0,61.876
2022-05-17,5.0,83.844
2022-05-17,7.0,101.581
2022-05-17,10.0,119.25
2022-05-18,3.0,66.513
2022-05-18,5.0,90.786
2022-05-18,7.0,108.056
2022-05-18,10.0,123.628
2022-05-19,3.0,67.535
2022-05-19,5.0,89.806
2022-05-19,7.0,107.271
2022-05-19,10.0,124.136
2022-05-20,3.0,68.225
2022-05-20,5.0,90.586
2022-05-20,7.0,108.484
2022-05-20,10.0,124.115
2022-05-23,3.0,66.097
2022-05-23,5.0,88.255
2022-05-23,7.0,106.295
2022-05-23,10.0,122.689
2022-05-24,3.0,64.698
2022-05-24,5.0,87.01
2022-05-24,7.0,104.651
2022-05-24,10.0,121.242
2022-05-25,3.0,60.967
2022-05-25,5.0,82.644
2022-05-25,7.0,100.924
2022-05-25,10.0,118.379
2022-05-26,3.0,58.243
2022-05-26,5.0,81.426
2022-05-26,7.0,99.472
2022-05-26,10.0,117.516
2022-05-27,3.0,56.067
2022-05-27,5.0,78.983
2022-05-27,7.0,97.317
2022-05-27,10.0,116.072
2022-05-30,3.0,55.692
2022-05-30,10.0,115.639
2022-05-31,3.0,56.249
2022-05-31,5.0,79.641
2022-05-31,7.0,98.287
2022-05-31,10.0,115.859
2022-06-01,3.0,57.101
2022-06-01,5.0,80.788
2022-06-01,7.0,99.359
2022-06-01,10.0,116.99
2022-06-02,3.0,56.668
2022-06-02,5.0,79.644
2022-06-02,7.0,98.497
2022-06-02,10.0,116.288
2022-06-03,3.0,57.847
2022-06-03,5.0,81.597
2022-06-03,7.0,100.438
2022-06-03,10.0,117.504
2022-06-06,3.0,58.056
2022-06-06,5.0,81.771
2022-06-06,7.0,100.693
2022-06-06,10.0,117.953
2022-06-07,3.0,58.14
2022-06-07,5.0,81.298
2022-06-07,7.0,100.348
2022-06-07,10.0,117.519
2022-06-08,3.0,59.649
2022-06-08,5.0,83.529
2022-06-08,7.0,102.387
2022-06-08,10.0,119.115
2022-06-09,3.0,63.286
2022-06-09,5.0,87.389
2022-06-09,7.0,105.607
2022-06-09,10.0,122.314
2022-06-10,3.0,67.59
2022-06-10,5.0,91.641
2022-06-10,7.0,109.962
2022-06-10,10.0,126.677
2022-06-13,3.0,73.891
2022-06-13,5.0,98.5
2022-06-13,7.0,116.496
2022-06-13,10.0,130.871
2022-06-14,3.0,75.836
2022-06-14,5.0,98.871
2022-06-14,7.0,116.832
2022-06-14,10.0,133.626
2022-06-15,3.0,72.521
2022-06-15,5.0,95.16
2022-06-15,7.0,113.73
2022-06-15,10.0,130.707
2022-06-16,3.0,78.052
2022-06-16,5.0,102.459
2022-06-16,7.0,120.834
2022-06-16,10.0,133.973
2022-06-17,3.0,77.607
2022-06-17,5.0,100.018
2022-06-17,7.0,118.512
2022-06-17,10.0,134.117
2022-06-20,3.0,77.418
2022-06-20,10.0,133.94
2022-06-21,3.0,74.493
2022-06-21,5.0,97.92
2022-06-21,7.0,116.427
2022-06-21,10.0,132.031
2022-06-22,3.0,76.289
2022-06-22,5.0,99.935
2022-06-22,7.0,118.144
2022-06-22,10.0,133.334
2022-06-23,3.0,75.929
2022-06-23,5.0,98.793
2022-06-23,7.0,117.596
2022-06-23,10.0,132.478
2022-06-24,3.0,71.691
2022-06-24,5.0,94.149
2022-06-24,7.0,113.205
2022-06-24,10.0,129.132
2022-06-27,3.0,71.753
2022-06-27,5.0,95.149
2022-06-27,7.0,113.317
2022-06-27,10.0,129.391
2022-06-28,3.0,75.427
2022-06-28,5.0,99.32
2022-06-28,7.0,116.888
2022-06-28,10.0,131.408
2022-06-29,3.0,76.651
2022-06-29,5.0,100.14
2022-06-29,7.0,118.151
2022-06-29,10.0,132.631
2022-06-30,3.0,77.936
2022-06-30,5.0,101.159
2022-06-30,7.0,119.159
2022-06-30,10.0,133.065
2022-07-01,3.0,77.966
2022-07-01,5.0,100.734
2022-07-01,7.0,118.642
2022-07-01,10.0,132.95
2022-07-04,3.0,78.112
2022-07-04,10.0,132.845
2022-07-05,3.0,76.437
2022-07-05,5.0,99.095
2022-07-05,7.0,117.848
2022-07-05,10.0,130.929
2022-07-06,3.0,75.385
2022-07-06,5.0,98.26
2022-07-06,7.0,116.64
2022-07-06,10.0,130.589
2022-07-07,3.0,70.724
2022-07-07,5.0,92.995
2022-07-07,7.0,111.162
2022-07-07,10.0,126.689
2022-07-08,3.0,68.928
2022-07-08,5.0,90.479
2022-07-08,7.0,109.022
2022-07-08,10.0,124.973
2022-07-11,3.0,69.32
2022-07-11,5.0,92.228
2022-07-11,7.0,110.648
2022-07-11,10.0,124.931
2022-07-12,3.0,68.146
2022-07-12,5.0,92.49
2022-07-12,7.0,110.889
2022-07-12,10.0,125.284
2022-07-13,3.0,70.511
2022-07-13,5.0,94
2022-07-13,7.0,112.377
2022-07-13,10.0,126.445
2022-07-14,3.0,70.993
2022-07-14,5.0,94.687
2022-07-14,7.0,113.572
2022-07-14,10.0,127.412
2022-07-15,3.0,68.227
2022-07-15,5.0,90.53
2022-07-15,7.0,109.749
2022-07-15,10.0,124.637
2022-07-18,3.0,67.581
2022-07-18,5.0,91.288
2022-07-18,7.0,109.389
2022-07-18,10.0,124.643
2022-07-19,3.0,64.286
2022-07-19,5.0,85.743
2022-07-19,7.0,105.707
2022-07-19,10.0,122.269
2022-07-20,3.0,61.15
2022-07-20,5.0,84.691
2022-07-20,7.0,104.373
2022-07-20,10.0,120.26
2022-07-21,3.0,59.878
2022-07-21,5.0,83.78
2022-07-21,7.0,103.524
2022-07-21,10.0,118.659
2022-07-22,3.0,61.838
2022-07-22,5.0,86.015
2022-07-22,7.0,105.709
2022-07-22,10.0,121.004
2022-07-25,3.0,61.709
2022-07-25,5.0,85.765
2022-07-25,7.0,105.76
2022-07-25,10.0,120.923
2022-07-26,3.0,63.272
2022-07-26,5.0,87.235
2022-07-26,7.0,107.492
2022-07-26,10.0,122.08
2022-07-27,3.0,60.345
2022-07-27,5.0,83.389
2022-07-27,7.0,103.783
2022-07-27,10.0,119.894
2022-07-28,3.0,57.902
2022-07-28,5.0,80.559
2022-07-28,7.0,101.237
2022-07-28,10.0,117.892
2022-07-29,3.0,56.473
2022-07-29,5.0,80.434
2022-07-29,7.0,100.682
2022-07-29,10.0,116.264
2022-08-01,3.0,58.022
2022-08-01,5.0,82.361
2022-08-01,7.0,102.534
2022-08-01,10.0,117.726
2022-08-02,3.0,60.035
2022-08-02,5.0,84.615
2022-08-02,7.0,104.503
2022-08-02,10.0,119.602
2022-08-03,3.0,58.272
2022-08-03,5.0,81.4
2022-08-03,7.0,101.835
2022-08-03,10.0,117.822
2022-08-04,3.0,56.677
2022-08-04,5.0,80.913
2022-08-04,7.0,101.007
2022-08-04,10.0,116.499
2022-08-05,3.0,56.692
2022-08-05,5.0,80.65
2022-08-05,7.0,101.175
2022-08-05,10.0,116.522
2022-08-08,3.0,56.74
2022-08-08,5.0,80.935
2022-08-08,7.0,101.157
2022-08-08,10.0,117.043
2022-08-09,3.0,58.441
2022-08-09,5.0,83.03
2022-08-09,7.0,103.287
2022-08-09,10.0,118.425
2022-08-10,3.0,54.079
2022-08-10,5.0,76.308
2022-08-10,7.0,97.629
2022-08-10,10.0,114.775
2022-08-11,3.0,53.487
2022-08-11,5.0,77.484
2022-08-11,7.0,97.663
2022-08-11,10.0,114.03
2022-08-12,3.0,51.435
2022-08-12,5.0,73.539
2022-08-12,7.0,95.034
2022-08-12,10.0,111.688
2022-08-15,3.0,50.504
2022-08-15,5.0,74.323
2022-08-15,7.0,95.158
2022-08-15,10.0,111.606
2022-08-16,3.0,56.643
2022-08-16,5.0,75.829
2022-08-16,7.0,96.771
2022-08-16,10.0,113.124
2022-08-17,3.0,52.944
2022-08-17,5.0,78.169
2022-08-17,7.0,98.888
2022-08-17,10.0,114.674
2022-08-18,3.0,53.237
2022-08-18,5.0,77.28
2022-08-18,7.0,98.03
2022-08-18,10.0,114.456
2022-08-19,3.0,55.668
2022-08-19,5.0,81.016
2022-08-19,7.0,101.546
2022-08-19,10.0,117.139
2022-08-22,3.0,58.983
2022-08-22,5.0,84.443
2022-08-22,7.0,105.133
2022-08-22,10.0,120.349
2022-08-23,3.0,60.097
2022-08-23,5.0,84.691
2022-08-23,7.0,105.1
2022-08-23,10.0,121.058
2022-08-24,3.0,58.794
2022-08-24,5.0,82.695
2022-08-24,7.0,103.56
2022-08-24,10.0,119.792
2022-08-25,3.0,57.166
2022-08-25,5.0,80.873
2022-08-25,7.0,101.653
2022-08-25,10.0,118.032
2022-08-26,3.0,60.254
2022-08-26,5.0,86.01
2022-08-26,7.0,106.197
2022-08-26,10.0,121.117
2022-08-29,3.0,63.246
2022-08-29,5.0,88.255
2022-08-29,7.0,108.613
2022-08-29,10.0,123.755
2022-08-30,3.0,65.59
2022-08-30,5.0,91.119
2022-08-30,7.0,111.386
2022-08-30,10.0,126.441
2022-08-31,3.0,67.395
2022-08-31,5.0,92.37
2022-08-31,7.0,112.838
2022-08-31,10.0,127.815
2022-09-01,3.0,66.552
2022-09-01,5.0,90.4
2022-09-01,7.0,110.975
2022-09-01,10.0,126.769
2022-09-02,3.0,67.042
2022-09-02,5.0,91.966
2022-09-02,7.0,112.584
2022-09-02,10.0,127.381
2022-09-05,3.0,67.647
2022-09-05,10.0,127.727
2022-09-06,3.0,66.15
2022-09-06,5.0,91.029
2022-09-06,7.0,111.524
2022-09-06,10.0,126.94
2022-09-07,3.0,61.399
2022-09-07,5.0,85.496
2022-09-07,7.0,106.289
2022-09-07,10.0,122.544
2022-09-08,3.0,58.981
2022-09-08,5.0,83.72
2022-09-08,7.0,104.249
2022-09-08,10.0,120.227
2022-09-09,3.0,56.117
2022-09-09,5.0,80.98
2022-09-09,7.0,101.573
2022-09-09,10.0,117.84
2022-09-12,3.0,54.092
2022-09-12,5.0,79.148
2022-09-12,7.0,99.85
2022-09-12,10.0,116.019
2022-09-13,3.0,59.963
2022-09-13,5.0,85.991
2022-09-13,7.0,106.399
2022-09-13,10.0,120.823
2022-09-14,3.0,60.172
2022-09-14,5.0,85.258
2022-09-14,7.0,105.728
2022-09-14,10.0,121.007
2022-09-15,3.0,62.746
2022-09-15,5.0,89.239
2022-09-15,7.0,109.653
2022-09-15,10.0,123.779
2022-09-16,3.0,63.776
2022-09-16,5.0,89.17
2022-09-16,7.0,109.771
2022-09-16,10.0,124.382
2022-09-19,3.0,62.28
2022-09-19,5.0,86.798
2022-09-19,7.0,107.277
2022-09-19,10.0,122.61
2022-09-20,3.0,73.835
2022-09-20,5.0,98.471
2022-09-20,7.0,116.624
2022-09-20,10.0,130.447
2022-09-21,3.0,75.764
2022-09-21,5.0,100.584
2022-09-21,7.0,118.808
2022-09-21,10.0,131.957
2022-09-22,3.0,77.491
2022-09-22,5.0,102.421
2022-09-22,7.0,120.513
2022-09-22,10.0,133.976
2022-09-23,3.0,80.676
2022-09-23,5.0,105.909
2022-09-23,7.0,123.577
2022-09-23,10.0,136.22
2022-09-26,3.0,85.016
2022-09-26,5.0,109.693
2022-09-26,7.0,126.41
2022-09-26,10.0,139.301
2022-09-27,3.0,86.087
2022-09-27,5.0,111.153
2022-09-27,7.0,128.141
2022-09-27,10.0,140.828
2022-09-28,3.0,84.644
2022-09-28,5.0,106.114
2022-09-28,7.0,122.882
2022-09-28,10.0,138.117
2022-09-29,3.0,83.538
2022-09-29,5.0,107.335
2022-09-29,7.0,124.698
2022-09-29,10.0,137.765
2022-09-30,3.0,83.898
2022-09-30,5.0,108.024
2022-09-30,7.0,125.014
2022-09-30,10.0,137.907
2022-10-03,3.0,81.271
2022-10-03,5.0,104.326
2022-10-03,7.0,121.406
2022-10-03,10.0,135.334
2022-10-04,3.0,75.567
2022-10-04,5.0,97.983
2022-10-04,7.0,114.954
2022-10-04,10.0,130.552
2022-10-05,3.0,74.476
2022-10-05,5.0,97.158
2022-10-05,7.0,114.4
2022-10-05,10.0,129.407
2022-10-06,3.0,74.98
2022-10-06,5.0,98.738
2022-10-06,7.0,115.777
2022-10-06,10.0,130.323
2022-10-07,3.0,76.919
2022-10-07,5.0,101.445
2022-10-07,7.0,118.6
2022-10-07,10.0,132.291
2022-10-10,3.0,77.063
2022-10-10,10.0,132.564
2022-10-11,3.0,78.258
2022-10-11,5.0,103.325
2022-10-11,7.0,120.804
2022-10-11,10.0,135.015
2022-10-12,3.0,78.459
2022-10-12,5.0,102.465
2022-10-12,7.0,119.711
2022-10-12,10.0,134.102
2022-10-13,3.0,77.669
2022-10-13,5.0,101.159
2022-10-13,7.0,118.226
2022-10-13,10.0,133.259
2022-10-14,3.0,79.636
2022-10-14,5.0,104.063
2022-10-14,7.0,121.387
2022-10-14,10.0,135.234
2022-10-17,3.0,76.773
2022-10-17,5.0,98.396
2022-10-17,7.0,115.917
2022-10-17,10.0,131.295
2022-10-18,3.0,71.382
2022-10-18,5.0,94.316
2022-10-18,7.0,111.534
2022-10-18,10.0,127.129
2022-10-19,3.0,71.939
2022-10-19,5.0,96.406
2022-10-19,7.0,114.317
2022-10-19,10.0,127.936
2022-10-20,3.0,74.021
2022-10-20,5.0,99.101
2022-10-20,7.0,116.575
2022-10-20,10.0,130.213
2022-10-21,3.0,71.294
2022-10-21,5.0,94.239
2022-10-21,7.0,111.712
2022-10-21,10.0,126.71
2022-10-24,3.0,69.487
2022-10-24,5.0,93.644
2022-10-24,7.0,110.982
2022-10-24,10.0,125.499
2022-10-25,3.0,68.253
2022-10-25,5.0,92.758
2022-10-25,7.0,110.339
2022-10-25,10.0,124.82
2022-10-26,3.0,67.935
2022-10-26,5.0,92.363
2022-10-26,7.0,110.162
2022-10-26,10.0,124.939
2022-10-27,3.0,68.72
2022-10-27,5.0,93.196
2022-10-27,7.0,111.095
2022-10-27,10.0,125.979
2022-10-28,3.0,64.823
2022-10-28,5.0,87.525
2022-10-28,7.0,105.943
2022-10-28,10.0,122.385
2022-10-31,3.0,66.391
2022-10-31,5.0,90.269
2022-10-31,7.0,108.403
2022-10-31,10.0,123.62
2022-11-01,3.0,64.45
2022-11-01,5.0,88.751
2022-11-01,7.0,107.009
2022-11-01,10.0,122.999
2022-11-02,3.0,66.29
2022-11-02,5.0,91.288
2022-11-02,7.0,109.873
2022-11-02,10.0,124.976
2022-11-03,3.0,68.738
2022-11-03,5.0,94.037
2022-11-03,7.0,112.389
2022-11-03,10.0,127.358
2022-11-04,3.0,66.445
2022-11-04,5.0,90.028
2022-11-04,7.0,108.41
2022-11-04,10.0,124.741
2022-11-07,3.0,64.217
2022-11-07,5.0,88.517
2022-11-07,7.0,107.085
2022-11-07,10.0,122.852
2022-11-08,3.0,63.945
2022-11-08,5.0,88.794
2022-11-08,7.0,107.244
2022-11-08,10.0,122.722
2022-11-09,3.0,65.848
2022-11-09,5.0,92.236
2022-11-09,7.0,110.791
2022-11-09,10.0,125.42
2022-11-10,3.0,58.433
2022-11-10,5.0,83.17
2022-11-10,7.0,101.667
2022-11-10,10.0,118.046
2022-11-11,3.0,58.072
2022-11-11,10.0,118.057
2022-11-14,3.0,58.001
2022-11-14,5.0,83.383
2022-11-14,7.0,102.234
2022-11-14,10.0,118.27
2022-11-15,3.0,57.663
2022-11-15,5.0,82.96
2022-11-15,7.0,101.706
2022-11-15,10.0,117.966
2022-11-16,3.0,57.775
2022-11-16,5.0,82.943
2022-11-16,7.0,102.165
2022-11-16,10.0,118.157
2022-11-17,3.0,58.394
2022-11-17,5.0,83.254
2022-11-17,7.0,102.193
2022-11-17,10.0,118.304
2022-11-18,3.0,57.055
2022-11-18,5.0,81.856
2022-11-18,7.0,100.677
2022-11-18,10.0,117.071
2022-11-21,3.0,57.044
2022-11-21,5.0,81.453
2022-11-21,7.0,100.26
2022-11-21,10.0,116.997
2022-11-22,3.0,55.519
2022-11-22,5.0,79.806
2022-11-22,7.0,98.834
2022-11-22,10.0,115.869
2022-11-23,3.0,53.432
2022-11-23,5.0,77.49
2022-11-23,7.0,96.468
2022-11-23,10.0,113.938
2022-11-24,3.0,52.979
2022-11-24,10.0,113.376
2022-11-25,3.0,53.574
2022-11-25,5.0,78.02
2022-11-25,7.0,97.14
2022-11-25,10.0,113.965
2022-11-28,3.0,56.104
2022-11-28,5.0,82.126
2022-11-28,7.0,101.305
2022-11-28,10.0,116.888
2022-11-29,3.0,56.151
2022-11-29,5.0,81.011
2022-11-29,7.0,100.574
2022-11-29,10.0,117.474
2022-11-30,3.0,52.923
2022-11-30,5.0,75.638
2022-11-30,7.0,95.547
2022-11-30,10.0,113.677
2022-12-01,3.0,51.462
2022-12-01,5.0,77.035
2022-12-01,7.0,96.625
2022-12-01,10.0,113.206
2022-12-02,3.0,52.497
2022-12-02,5.0,77.814
2022-12-02,7.0,97.461
2022-12-02,10.0,114.341
2022-12-05,3.0,54.44
2022-12-05,5.0,80.034
2022-12-05,7.0,100.294
2022-12-05,10.0,115.735
2022-12-06,3.0,56.772
2022-12-06,5.0,82.869
2022-12-06,7.0,102.753
2022-12-06,10.0,118.831
2022-12-07,3.0,57.594
2022-12-07,5.0,82.069
2022-12-07,7.0,102.073
2022-12-07,10.0,118.72
2022-12-08,3.0,57.143
2022-12-08,5.0,81.644
2022-12-08,7.0,101.488
2022-12-08,10.0,117.869
2022-12-09,3.0,55.972
2022-12-09,5.0,80.395
2022-12-09,7.0,99.969
2022-12-09,10.0,116.628
2022-12-12,3.0,53.88
2022-12-12,5.0,78.011
2022-12-12,7.0,98.042
2022-12-12,10.0,115.049
2022-12-13,3.0,51.924
2022-12-13,5.0,75.815
2022-12-13,7.0,95.898
2022-12-13,10.0,113.218
2022-12-14,3.0,51.178
2022-12-14,5.0,75.988
2022-12-14,7.0,95.8
2022-12-14,10.0,112.624
2022-12-15,3.0,54.723
2022-12-15,5.0,80.549
2022-12-15,7.0,100.09
2022-12-15,10.0,116.308
2022-12-16,3.0,57.31
2022-12-16,5.0,83.306
2022-12-16,7.0,103.434
2022-12-16,10.0,119.421
2022-12-19,3.0,59.145
2022-12-19,5.0,85.037
2022-12-19,7.0,105.041
2022-12-19,10.0,120.78
2022-12-20,3.0,60.58
2022-12-20,5.0,86.466
2022-12-20,7.0,106.212
2022-12-20,10.0,121.982
2022-12-21,3.0,57.191
2022-12-21,5.0,81.246
2022-12-21,7.0,101.478
2022-12-21,10.0,118.217
2022-12-22,3.0,56.831
2022-12-22,5.0,82.653
2022-12-22,7.0,102.74
2022-12-22,10.0,118.431
2022-12-23,3.0,56.066
2022-12-23,5.0,80.849
2022-12-23,7.0,100.617
2022-12-23,10.0,117.301
2022-12-26,3.0,55.957
2022-12-26,10.0,117.164
2022-12-27,3.0,55.795
2022-12-27,5.0,80.753
2022-12-27,7.0,100.317
2022-12-27,10.0,116.635
2022-12-28,3.0,58.241
2022-12-28,5.0,84.111
2022-12-28,7.0,103.976
2022-12-28,10.0,119.565
2022-12-29,3.0,57.61
2022-12-29,5.0,81.71
2022-12-29,7.0,101.737
2022-12-29,10.0,118.214
2022-12-30,3.0,56.939
2022-12-30,5.0,82.024
2022-12-30,7.0,101.738
2022-12-30,10.0,117.813
2023-01-02,3.0,57.18
2023-01-02,10.0,117.734
2023-01-03,3.0,56.019
2023-01-03,5.0,80.267
2023-01-03,7.0,100.247
2023-01-03,10.0,116.898
2023-01-04,3.0,54.571
2023-01-04,5.0,78.525
2023-01-04,7.0,98.647
2023-01-04,10.0,115.068
2023-01-05,3.0,54.033
2023-01-05,5.0,78.626
2023-01-05,7.0,99.002
2023-01-05,10.0,115.221
2023-01-06,3.0,51.192
2023-01-06,5.0,74.566
2023-01-06,7.0,94.689
2023-01-06,10.0,112.038
2023-01-09,3.0,49.813
2023-01-09,5.0,74.626
2023-01-09,7.0,94.749
2023-01-09,10.0,111.54
2023-01-10,3.0,49.925
2023-01-10,5.0,74.723
2023-01-10,7.0,94.927
2023-01-10,10.0,111.601
2023-01-11,3.0,48.562
2023-01-11,5.0,72.349
2023-01-11,7.0,92.845
2023-01-11,10.0,110.373
2023-01-12,3.0,46.798
2023-01-12,5.0,70.82
2023-01-12,7.0,91.492
2023-01-12,10.0,109.095
2023-01-13,3.0,46.232
2023-01-13,5.0,70.483
2023-01-13,7.0,91.194
2023-01-13,10.0,108.786
2023-01-16,3.0,46.182
2023-01-16,10.0,108.898
2023-01-17,3.0,47.028
2023-01-17,5.0,71.983
2023-01-17,7.0,92.688
2023-01-17,10.0,110.168
2023-01-18,3.0,48.46
2023-01-18,5.0,73.903
2023-01-18,7.0,94.812
2023-01-18,10.0,112.02
2023-01-19,3.0,50.708
2023-01-19,5.0,76.077
2023-01-19,7.0,97.126
2023-01-19,10.0,114.139
2023-01-20,3.0,49.882
2023-01-20,5.0,74.083
2023-01-20,7.0,95.111
2023-01-20,10.0,112.97
2023-01-23,3.0,47.67
2023-01-23,5.0,71.943
2023-01-23,7.0,93.185
2023-01-23,10.0,110.883
2023-01-24,3.0,47.03
2023-01-24,5.0,71.564
2023-01-24,7.0,92.67
2023-01-24,10.0,110.41
2023-01-25,3.0,46.856
2023-01-25,5.0,71.587
2023-01-25,7.0,92.634
2023-01-25,10.0,110.537
2023-01-26,3.0,46.447
2023-01-26,5.0,71.482
2023-01-26,7.0,92.927
2023-01-26,10.0,111.431
2023-01-27,3.0,46.753
2023-01-27,5.0,71.474
2023-01-27,7.0,93.202
2023-01-27,10.0,111.528
2023-01-30,3.0,48.039
2023-01-30,5.0,73.651
2023-01-30,7.0,95.34
2023-01-30,10.0,113.493
2023-01-31,3.0,46.918
2023-01-31,5.0,71.383
2023-01-31,7.0,92.832
2023-01-31,10.0,111.826
2023-02-01,3.0,45.117
2023-02-01,5.0,68.521
2023-02-01,7.0,90.16
2023-02-01,10.0,109.387
2023-02-02,3.0,42.442
2023-02-02,5.0,67.198
2023-02-02,7.0,89.005
2023-02-02,10.0,107.706
2023-02-03,3.0,43.225
2023-02-03,5.0,69.044
2023-02-03,7.0,91.11
2023-02-03,10.0,109.227
2023-02-06,3.0,44.228
2023-02-06,5.0,70.166
2023-02-06,7.0,91.944
2023-02-06,10.0,110.025
2023-02-07,3.0,43.511
2023-02-07,5.0,68.711
2023-02-07,7.0,90.394
2023-02-07,10.0,108.971
2023-02-08,3.0,43.99
2023-02-08,5.0,69.863
2023-02-08,7.0,91.822
2023-02-08,10.0,109.708
2023-02-09,3.0,45.086
2023-02-09,5.0,70.934
2023-02-09,7.0,92.885
2023-02-09,10.0,110.734
2023-02-10,3.0,46.228
2023-02-10,5.0,72.821
2023-02-10,7.0,94.752
2023-02-10,10.0,112.46
2023-02-13,3.0,46.36
2023-02-13,5.0,71.253
2023-02-13,7.0,92.953
2023-02-13,10.0,111.136
2023-02-14,3.0,45.937
2023-02-14,5.0,71.078
2023-02-14,7.0,92.591
2023-02-14,10.0,110.932
2023-02-15,3.0,45.808
2023-02-15,5.0,70.965
2023-02-15,7.0,92.592
2023-02-15,10.0,110.853
2023-02-16,3.0,47.31
2023-02-16,5.0,73.174
2023-02-16,7.0,95.006
2023-02-16,10.0,112.732
2023-02-17,3.0,47.513
2023-02-17,5.0,72.805
2023-02-17,7.0,94.573
2023-02-17,10.0,112.728
2023-02-20,3.0,47.452
2023-02-20,10.0,112.58
2023-02-21,3.0,50.482
2023-02-21,5.0,77.036
2023-02-21,7.0,98.827
2023-02-21,10.0,116.275
2023-02-22,3.0,50.68
2023-02-22,5.0,76.14
2023-02-22,7.0,98.155
2023-02-22,10.0,116.157
2023-02-23,3.0,48.995
2023-02-23,5.0,74.364
2023-02-23,7.0,96.064
2023-02-23,10.0,114.51
2023-02-24,3.0,50.348
2023-02-24,5.0,76.874
2023-02-24,7.0,98.729
2023-02-24,10.0,116.004
2023-02-27,3.0,49.969
2023-02-27,5.0,75.506
2023-02-27,7.0,97.157
2023-02-27,10.0,115.532
2023-02-28,3.0,50.027
2023-02-28,5.0,76.383
2023-02-28,7.0,97.969
2023-02-28,10.0,115.866
2023-03-01,3.0,50.045
2023-03-01,5.0,75.536
2023-03-01,7.0,97.302
2023-03-01,10.0,115.526
2023-03-02,3.0,49.156
2023-03-02,5.0,74.835
2023-03-02,7.0,96.557
2023-03-02,10.0,115.008
2023-03-03,3.0,46.225
2023-03-03,5.0,70.849
2023-03-03,7.0,92.568
2023-03-03,10.0,112.129
2023-03-06,3.0,44.726
2023-03-06,5.0,70.654
2023-03-06,7.0,92.36
2023-03-06,10.0,110.738
2023-03-07,3.0,47.341
2023-03-07,5.0,73.18
2023-03-07,7.0,94.968
2023-03-07,10.0,113.169
2023-03-08,3.0,47.5
2023-03-08,5.0,74.265
2023-03-08,7.0,96.32
2023-03-08,10.0,113.968
2023-03-09,3.0,50.832
2023-03-09,5.0,78.786
2023-03-09,7.0,100.487
2023-03-09,10.0,117.818
2023-03-10,3.0,55.425
2023-03-10,5.0,83.034
2023-03-10,7.0,104.609
2023-03-10,10.0,121.349
2023-03-13,3.0,61.148
2023-03-13,5.0,90.914
2023-03-13,7.0,112.4
2023-03-13,10.0,127.702
2023-03-14,3.0,59.861
2023-03-14,5.0,85.003
2023-03-14,7.0,106.714
2023-03-14,10.0,124.109
2023-03-15,3.0,61.078
2023-03-15,5.0,88.395
2023-03-15,7.0,110.109
2023-03-15,10.0,125.224
2023-03-16,3.0,60.467
2023-03-16,5.0,82.791
2023-03-16,7.0,103.094
2023-03-16,10.0,120.702
2023-03-17,3.0,61.282
2023-03-17,5.0,87.87
2023-03-17,7.0,108.145
2023-03-17,10.0,122.787
2023-03-20,3.0,61.924
2023-03-20,5.0,88.504
2023-03-20,10.0,123.776
2023-03-21,3.0,54.505
2023-03-21,5.0,80.229
2023-03-21,10.0,116.656
2023-03-22,3.0,58.412
2023-03-22,5.0,83.25
2023-03-22,10.0,117.897
2023-03-23,3.0,61.686
2023-03-23,5.0,86.153
2023-03-23,10.0,120.977
2023-03-24,3.0,61.308
2023-03-24,5.0,84.817
2023-03-24,10.0,120.819
2023-03-27,3.0,60.258
2023-03-27,5.0,83.093
2023-03-27,10.0,118.152
2023-03-28,3.0,60.224
2023-03-28,5.0,83.866
2023-03-28,10.0,118.56
2023-03-29,3.0,56.882
2023-03-29,5.0,79.307
2023-03-29,10.0,114.979
2023-03-30,3.0,54.605
2023-03-30,5.0,77.75
2023-03-30,10.0,113.643
2023-03-31,3.0,52.457
2023-03-31,5.0,75.858
2023-03-31,10.0,112.103
2023-04-03,3.0,52.452
2023-04-03,5.0,76.286
2023-04-03,10.0,112.308
2023-04-04,3.0,54.412
2023-04-04,5.0,78.344
2023-04-04,10.0,114.185
2023-04-05,3.0,56.118
2023-04-05,5.0,80.716
2023-04-05,10.0,116.097
2023-04-06,3.0,56.258
2023-04-06,5.0,79.294
2023-04-06,10.0,115.627
2023-04-07,3.0,54.656
2023-04-07,5.0,77.906
2023-04-07,10.0,114.184
2023-04-10,3.0,54.932
2023-04-10,5.0,78.282
2023-04-10,10.0,114.676
2023-04-11,3.0,53.783
2023-04-11,5.0,76.63
2023-04-11,10.0,113.39
2023-04-12,3.0,53.573
2023-04-12,5.0,77.395
2023-04-12,10.0,113.666
2023-04-13,3.0,52.081
2023-04-13,5.0,74.988
2023-04-13,10.0,112.214
2023-04-14,3.0,51.075
2023-04-14,5.0,73.964
2023-04-14,10.0,111.19
2023-04-17,3.0,49.97
2023-04-17,5.0,73.604
2023-04-17,10.0,110.874
2023-04-18,3.0,50.396
2023-04-18,5.0,73.565
2023-04-18,10.0,110.946
2023-04-19,3.0,51.301
2023-04-19,5.0,75.22
2023-04-19,10.0,111.995
2023-04-20,3.0,53.022
2023-04-20,5.0,76.991
2023-04-20,10.0,113.805
2023-04-21,3.0,52.833
2023-04-21,5.0,76.051
2023-04-21,10.0,113.407
2023-04-24,3.0,52.415
2023-04-24,5.0,75.583
2023-04-24,10.0,113.015
2023-04-25,3.0,54.013
2023-04-25,5.0,78.06
2023-04-25,10.0,114.787
2023-04-26,3.0,55.283
2023-04-26,5.0,79.046
2023-04-26,10.0,115.809
2023-04-27,3.0,53.513
2023-04-27,5.0,76.143
2023-04-27,10.0,113.557
2023-04-28,3.0,52.523
2023-04-28,5.0,75.765
2023-04-28,10.0,112.819
2023-05-01,3.0,53.541
2023-05-01,5.0,77.533
2023-05-01,10.0,114.103
2023-05-02,3.0,55.735
2023-05-02,5.0,79.763
2023-05-02,10.0,116.027
2023-05-03,3.0,57.85
2023-05-03,5.0,81.619
2023-05-03,10.0,118.032
2023-05-04,3.0,58.918
2023-05-04,5.0,83.231
2023-05-04,10.0,118.889
2023-05-05,3.0,57.212
2023-05-05,5.0,80.551
2023-05-05,10.0,117.117
2023-05-08,3.0,57.087
2023-05-08,5.0,81.378
2023-05-08,10.0,117.256
2023-05-09,3.0,58.232
2023-05-09,5.0,82.32
2023-05-09,10.0,118.162
2023-05-10,3.0,57.132
2023-05-10,5.0,80.535
2023-05-10,10.0,117.122
2023-05-11,3.0,57.027
2023-05-11,5.0,80.92
2023-05-11,10.0,116.989
2023-05-12,3.0,57.088
2023-05-12,5.0,80.985
2023-05-12,10.0,116.98
2023-05-15,3.0,57.196
2023-05-15,5.0,80.899
2023-05-15,10.0,117.283
2023-05-16,3.0,58.476
2023-05-16,5.0,83.52
2023-05-16,10.0,118.952
2023-05-17,3.0,57.655
2023-05-17,5.0,80.431
2023-05-17,10.0,117.35
2023-05-18,3.0,56.137
2023-05-18,5.0,79.618
2023-05-18,10.0,116.445
2023-05-19,3.0,55.819
2023-05-19,5.0,79.492
2023-05-19,10.0,116.17
2023-05-22,3.0,53.876
2023-05-22,5.0,76.816
2023-05-22,10.0,114.248
2023-05-23,3.0,54.412
2023-05-23,5.0,78.484
2023-05-23,10.0,114.958
2023-05-24,3.0,55.485
2023-05-24,5.0,79.523
2023-05-24,10.0,116.102
2023-05-25,3.0,54.319
2023-05-25,5.0,77.268
2023-05-25,10.0,114.903
2023-05-26,3.0,52.723
2023-05-26,5.0,75.375
2023-05-26,10.0,113.117
2023-05-29,3.0,51.99
2023-05-29,10.0,112.614
2023-05-30,3.0,51.112
2023-05-30,5.0,74.355
2023-05-30,10.0,112.214
2023-05-31,3.0,51.07
2023-05-31,5.0,75.632
2023-05-31,10.0,113.229
2023-06-01,3.0,50.471
2023-06-01,5.0,73.752
2023-06-01,10.0,112.106
2023-06-02,3.0,48.308
2023-06-02,5.0,71.288
2023-06-02,10.0,110.083
2023-06-05,3.0,48.185
2023-06-05,5.0,71.943
2023-06-05,10.0,110.79
2023-06-06,3.0,47.629
2023-06-06,5.0,71.204
2023-06-06,10.0,110.404
2023-06-07,3.0,48.075
2023-06-07,5.0,71.89
2023-06-07,10.0,110.879
2023-06-08,3.0,47.213
2023-06-08,5.0,70.706
2023-06-08,10.0,110.135
2023-06-09,3.0,46.899
2023-06-09,5.0,70.628
2023-06-09,10.0,109.937
2023-06-12,3.0,47.13
2023-06-12,5.0,70.586
2023-06-12,10.0,110.025
2023-06-13,3.0,46.421
2023-06-13,5.0,70.045
2023-06-13,10.0,109.662
2023-06-14,3.0,46.882
2023-06-14,5.0,71.205
2023-06-14,10.0,110.314
2023-06-15,3.0,46.845
2023-06-15,5.0,70.395
2023-06-15,10.0,110.02
2023-06-16,3.0,45.935
2023-06-16,5.0,69.369
2023-06-16,10.0,109.196
2023-06-19,3.0,45.855
2023-06-19,10.0,108.982
2023-06-20,3.0,46.109
2023-06-20,5.0,70.053
2023-06-20,10.0,109.332
2023-06-21,3.0,46.869
2023-06-21,5.0,70.993
2023-06-21,10.0,110.199
2023-06-22,3.0,47.303
2023-06-22,5.0,71.16
2023-06-22,10.0,110.504
2023-06-23,3.0,48.153
2023-06-23,5.0,72.468
2023-06-23,10.0,111.433
2023-06-26,3.0,49.252
2023-06-26,5.0,73.913
2023-06-26,10.0,112.53
2023-06-27,3.0,47.74
2023-06-27,5.0,71.111
2023-06-27,10.0,110.924
2023-06-28,3.0,46.269
2023-06-28,5.0,69.619
2023-06-28,10.0,109.413
2023-06-29,3.0,45.187
2023-06-29,5.0,68.994
2023-06-29,10.0,108.802
2023-06-30,3.0,43.136
2023-06-30,5.0,66.22
2023-06-30,10.0,106.588
2023-07-03,3.0,42.838
2023-07-03,5.0,66.446
2023-07-03,10.0,106.383
2023-07-04,3.0,42.949
2023-07-04,10.0,106.337
2023-07-05,3.0,44.254
2023-07-05,5.0,68.821
2023-07-05,10.0,108.191
2023-07-06,3.0,45.847
2023-07-06,5.0,70.803
2023-07-06,10.0,110.042
2023-07-07,3.0,46.086
2023-07-07,5.0,70.031
2023-07-07,10.0,109.461
2023-07-10,3.0,44.492
2023-07-10,5.0,68.054
2023-07-10,10.0,107.947
2023-07-11,3.0,43.565
2023-07-11,5.0,65.898
2023-07-11,10.0,106.586
2023-07-12,3.0,40.452
2023-07-12,5.0,63.565
2023-07-12,10.0,103.872
2023-07-13,3.0,40.821
2023-07-13,5.0,65.008
2023-07-13,10.0,104.576
2023-07-14,3.0,42.775
2023-07-14,5.0,67.114
2023-07-14,10.0,106.684
2023-07-17,3.0,42.63
2023-07-17,5.0,66.169
2023-07-17,10.0,106.404
2023-07-18,3.0,41.858
2023-07-18,5.0,65.345
2023-07-18,10.0,105.648
2023-07-19,3.0,41.995
2023-07-19,5.0,65.738
2023-07-19,10.0,105.856
2023-07-20,3.0,42.019
2023-07-20,5.0,65.73
2023-07-20,10.0,106.101
2023-07-21,3.0,41.755
2023-07-21,5.0,65.16
2023-07-21,10.0,105.671
2023-07-24,3.0,41.426
2023-07-24,5.0,64.815
2023-07-24,10.0,105.426
2023-07-25,3.0,40.646
2023-07-25,5.0,64.694
2023-07-25,10.0,105.441
2023-07-26,3.0,40.239
2023-07-26,5.0,63.559
2023-07-26,10.0,104.661
2023-07-27,3.0,40.677
2023-07-27,5.0,64.96
2023-07-27,10.0,105.561
2023-07-28,3.0,39.432
2023-07-28,5.0,62.571
2023-07-28,10.0,103.802
2023-07-31,3.0,38.691
2023-07-31,5.0,62.901
2023-07-31,10.0,103.767
2023-08-01,3.0,39.3
2023-08-01,5.0,64.351
2023-08-01,10.0,104.692
2023-08-02,3.0,41.058
2023-08-02,5.0,66.484
2023-08-02,10.0,106.708
2023-08-03,3.0,42.528
2023-08-03,5.0,67.144
2023-08-03,10.0,107.579
2023-08-04,3.0,42.934
2023-08-04,5.0,68.173
2023-08-04,10.0,108.068
2023-08-07,3.0,42.518
2023-08-07,5.0,66.723
2023-08-07,10.0,107.425
2023-08-08,3.0,42.867
2023-08-08,5.0,67.718
2023-08-08,10.0,107.842
2023-08-09,3.0,42.868
2023-08-09,5.0,67.358
2023-08-09,10.0,107.859
2023-08-10,3.0,42.918
2023-08-10,5.0,66.798
2023-08-10,10.0,107.135
2023-08-11,3.0,42.265
2023-08-11,5.0,66.096
2023-08-11,10.0,106.694
2023-08-14,3.0,41.784
2023-08-14,5.0,65.69
2023-08-14,10.0,106.296
2023-08-15,3.0,42.707
2023-08-15,5.0,67.563
2023-08-15,10.0,107.452
2023-08-16,3.0,43.96
2023-08-16,5.0,69.009
2023-08-16,10.0,108.85
2023-08-17,3.0,45.805
2023-08-17,5.0,70.436
2023-08-17,10.0,110.278
2023-08-18,3.0,46.474
2023-08-18,5.0,70.621
2023-08-18,10.0,110.889
2023-08-21,3.0,45.593
2023-08-21,5.0,69.556
2023-08-21,10.0,109.909
2023-08-22,3.0,45.213
2023-08-22,5.0,69.069
2023-08-22,10.0,109.333
2023-08-23,3.0,42.815
2023-08-23,5.0,65.188
2023-08-23,10.0,107.005
2023-08-24,3.0,43.056
2023-08-24,5.0,67.643
2023-08-24,10.0,108.051
2023-08-25,3.0,42.062
2023-08-25,5.0,65.205
2023-08-25,10.0,106.361
2023-08-28,3.0,39.975
2023-08-28,5.0,64.011
2023-08-28,10.0,104.93
2023-08-29,3.0,39.372
2023-08-29,5.0,62.703
2023-08-29,10.0,103.872
2023-08-30,3.0,38.393
2023-08-30,5.0,62.611
2023-08-30,10.0,103.708
2023-08-31,3.0,38.947
2023-08-31,5.0,63.523
2023-08-31,10.0,104.624
2023-09-01,3.0,39.007
2023-09-01,5.0,63.29
2023-09-01,10.0,104.69
2023-09-04,3.0,39.049
2023-09-04,10.0,104.676
2023-09-05,3.0,39.724
2023-09-05,5.0,64.29
2023-09-05,10.0,105.509
2023-09-06,3.0,40.218
2023-09-06,5.0,64.637
2023-09-06,10.0,105.892
2023-09-07,3.0,40.545
2023-09-07,5.0,64.233
2023-09-07,10.0,105.688
2023-09-08,3.0,39.845
2023-09-08,5.0,64.335
2023-09-08,10.0,105.7
2023-09-11,3.0,39.182
2023-09-11,5.0,63.343
2023-09-11,10.0,104.985
2023-09-12,3.0,39.848
2023-09-12,5.0,64.292
2023-09-12,10.0,105.676
2023-09-13,3.0,39.351
2023-09-13,5.0,63.414
2023-09-13,10.0,105.231
2023-09-14,3.0,38.139
2023-09-14,5.0,62.29
2023-09-14,10.0,104.587
2023-09-15,3.0,38.088
2023-09-15,5.0,63.009
2023-09-15,10.0,105.018
2023-09-18,3.0,38.109
2023-09-18,5.0,63.101
2023-09-18,10.0,105.258
2023-09-19,3.0,38.33
2023-09-19,5.0,63.203
2023-09-19,10.0,105.404
2023-09-20,3.0,45.682
2023-09-20,5.0,70.27
2023-09-20,7.0,90.517
2023-09-20,10.0,109.889
2023-09-21,3.0,47.764
2023-09-21,5.0,72.785
2023-09-21,7.0,93.369
2023-09-21,10.0,111.899
2023-09-22,3.0,48.438
2023-09-22,5.0,72.541
2023-09-22,7.0,93.732
2023-09-22,10.0,112.108
2023-09-25,3.0,46.891
2023-09-25,5.0,73.015
2023-09-25,7.0,94.046
2023-09-25,10.0,112.5
2023-09-26,3.0,50.346
2023-09-26,5.0,74.485
2023-09-26,7.0,95.547
2023-09-26,10.0,113.665
2023-09-27,3.0,50.263
2023-09-27,5.0,73.945
2023-09-27,7.0,94.882
2023-09-27,10.0,113.296
2023-09-28,3.0,49.421
2023-09-28,5.0,72.975
2023-09-28,7.0,93.74
2023-09-28,10.0,112.289
2023-09-29,3.0,49.712
2023-09-29,5.0,73.927
2023-09-29,7.0,94.7
2023-09-29,10.0,112.852
2023-10-02,3.0,50.297
2023-10-02,5.0,74.704
2023-10-02,7.0,95.495
2023-10-02,10.0,113.533
2023-10-03,3.0,53.376
2023-10-03,5.0,77.957
2023-10-03,7.0,98.776
2023-10-03,10.0,116.17
2023-10-04,3.0,53.38
2023-10-04,5.0,76.921
2023-10-04,7.0,97.95
2023-10-04,10.0,115.993
2023-10-05,3.0,54.265
2023-10-05,5.0,78.359
2023-10-05,7.0,99.331
2023-10-05,10.0,116.844
2023-10-06,3.0,54.132
2023-10-06,5.0,75.28
2023-10-06,7.0,96.254
2023-10-06,10.0,114.897
2023-10-09,3.0,52.893
2023-10-09,10.0,114.521
2023-10-10,3.0,51.165
2023-10-10,5.0,74.343
2023-10-10,7.0,95.337
2023-10-10,10.0,113.347
2023-10-11,3.0,50.412
2023-10-11,5.0,73.548
2023-10-11,7.0,94.827
2023-10-11,10.0,113.094
2023-10-12,3.0,51.006
2023-10-12,5.0,74.841
2023-10-12,7.0,96.152
2023-10-12,10.0,113.763
2023-10-13,3.0,52.635
2023-10-13,5.0,76.88
2023-10-13,7.0,97.72
2023-10-13,10.0,114.978
2023-10-16,3.0,51.716
2023-10-16,5.0,74.674
2023-10-16,7.0,95.529
2023-10-16,10.0,113.997
2023-10-17,3.0,51.338
2023-10-17,5.0,75.404
2023-10-17,7.0,96.312
2023-10-17,10.0,113.972
2023-10-18,3.0,53.561
2023-10-18,5.0,78.155
2023-10-18,7.0,98.823
2023-10-18,10.0,115.732
2023-10-19,3.0,56.671
2023-10-19,5.0,81.56
2023-10-19,7.0,102.019
2023-10-19,10.0,118.933
2023-10-20,3.0,57.633
2023-10-20,5.0,81.326
2023-10-20,7.0,102.507
2023-10-20,10.0,119.582
2023-10-23,3.0,55.599
2023-10-23,5.0,79.128
2023-10-23,7.0,100.337
2023-10-23,10.0,117.545
2023-10-24,3.0,53.831
2023-10-24,5.0,77.342
2023-10-24,7.0,98.223
2023-10-24,10.0,116.003
2023-10-25,3.0,56.295
2023-10-25,5.0,80.87
2023-10-25,7.0,101.787
2023-10-25,10.0,118.138
2023-10-26,3.0,56.602
2023-10-26,5.0,80.911
2023-10-26,7.0,102.137
2023-10-26,10.0,118.326
2023-10-27,3.0,57.403
2023-10-27,5.0,81.732
2023-10-27,7.0,103.358
2023-10-27,10.0,118.909
2023-10-30,3.0,56.938
2023-10-30,5.0,81.22
2023-10-30,7.0,102.603
2023-10-30,10.0,118.602
2023-10-31,3.0,55.403
2023-10-31,5.0,79.509
2023-10-31,7.0,100.772
2023-10-31,10.0,117.255
2023-11-01,3.0,53.264
2023-11-01,5.0,75.937
2023-11-01,7.0,97.497
2023-11-01,10.0,114.944
2023-11-02,3.0,49.501
2023-11-02,5.0,72.164
2023-11-02,7.0,93.445
2023-11-02,10.0,111.488
2023-11-03,3.0,46.774
2023-11-03,5.0,69.978
2023-11-03,7.0,91.665
2023-11-03,10.0,110.033
2023-11-06,3.0,47.338
2023-11-06,5.0,71.31
2023-11-06,7.0,92.993
2023-11-06,10.0,110.727
2023-11-07,3.0,46.467
2023-11-07,5.0,69.636
2023-11-07,7.0,91.493
2023-11-07,10.0,109.674
2023-11-08,3.0,45.87
2023-11-08,5.0,69.478
2023-11-08,7.0,91.479
2023-11-08,10.0,109.158
2023-11-09,3.0,46.545
2023-11-09,5.0,70.445
2023-11-09,7.0,92.343
2023-11-09,10.0,109.986
2023-11-10,3.0,44.965
2023-11-10,5.0,68.019
2023-11-10,7.0,90.107
2023-11-10,10.0,108.303
2023-11-13,3.0,43.751
2023-11-13,5.0,67.418
2023-11-13,7.0,89.404
2023-11-13,10.0,107.381
2023-11-14,3.0,41.663
2023-11-14,5.0,64.698
2023-11-14,7.0,86.709
2023-11-14,10.0,105.335
2023-11-15,3.0,41.099
2023-11-15,5.0,65.376
2023-11-15,7.0,87.031
2023-11-15,10.0,105.572
2023-11-16,3.0,41.569
2023-11-16,5.0,65.329
2023-11-16,7.0,87.623
2023-11-16,10.0,105.811
2023-11-17,3.0,40.611
2023-11-17,5.0,64.4
2023-11-17,7.0,86.727
2023-11-17,10.0,104.978
2023-11-20,3.0,39.791
2023-11-20,5.0,63.733
2023-11-20,7.0,86.07
2023-11-20,10.0,104.344
2023-11-21,3.0,40.031
2023-11-21,5.0,63.88
2023-11-21,7.0,86.213
2023-11-21,10.0,104.538
2023-11-22,3.0,39.318
2023-11-22,5.0,62.611
2023-11-22,7.0,85.12
2023-11-22,10.0,103.678
2023-11-23,3.0,38.895
2023-11-23,10.0,103.548
2023-11-24,3.0,39.196
2023-11-24,5.0,63.178
2023-11-24,7.0,85.63
2023-11-24,10.0,103.873
2023-11-27,3.0,39.843
2023-11-27,5.0,63.791
2023-11-27,7.0,86.238
2023-11-27,10.0,104.512
2023-11-28,3.0,39.723
2023-11-28,5.0,63.058
2023-11-28,7.0,85.711
2023-11-28,10.0,104.23
2023-11-29,3.0,39.121
2023-11-29,5.0,62.995
2023-11-29,7.0,85.453
2023-11-29,10.0,103.869
2023-11-30,3.0,38.999
2023-11-30,5.0,62.413
2023-11-30,7.0,84.563
2023-11-30,10.0,103.557
2023-12-01,3.0,37.673
2023-12-01,5.0,61.214
2023-12-01,7.0,83.472
2023-12-01,10.0,102.52
2023-12-04,3.0,38.076
2023-12-04,5.0,62.17
2023-12-04,7.0,84.419
2023-12-04,10.0,102.943
2023-12-05,3.0,38.523
2023-12-05,5.0,62.76
2023-12-05,7.0,84.611
2023-12-05,10.0,103.487
2023-12-06,3.0,38.885
2023-12-06,5.0,62.989
2023-12-06,7.0,85.035
2023-12-06,10.0,103.648
2023-12-07,3.0,38.838
2023-12-07,5.0,62.378
2023-12-07,7.0,84.483
2023-12-07,10.0,103.279
2023-12-08,3.0,37.947
2023-12-08,5.0,61.55
2023-12-08,7.0,83.635
2023-12-08,10.0,102.603
2023-12-11,3.0,37.715
2023-12-11,5.0,61.393
2023-12-11,7.0,83.492
2023-12-11,10.0,102.364
2023-12-12,3.0,36.686
2023-12-12,5.0,59.842
2023-12-12,7.0,81.918
2023-12-12,10.0,101.14
2023-12-13,3.0,33.908
2023-12-13,5.0,55.554
2023-12-13,7.0,78.349
2023-12-13,10.0,98.249
2023-12-14,3.0,34.117
2023-12-14,5.0,56.704
2023-12-14,7.0,79.466
2023-12-14,10.0,98.42
2023-12-15,3.0,33.992
2023-12-15,5.0,57.504
2023-12-15,7.0,79.82
2023-12-15,10.0,98.717
2023-12-18,3.0,34.6
2023-12-18,5.0,57.833
2023-12-18,7.0,80.279
2023-12-18,10.0,99.022
2023-12-19,3.0,34.195
2023-12-19,5.0,56.898
2023-12-19,7.0,78.809
2023-12-19,10.0,98.104
2023-12-20,3.0,34.674
2023-12-20,5.0,58.685
2023-12-20,7.0,80.519
2023-12-20,10.0,99.444
2023-12-21,3.0,31.792
2023-12-21,5.0,55.422
2023-12-21,7.0,78.031
2023-12-21,10.0,96.961
2023-12-22,3.0,32.543
2023-12-22,5.0,56.127
2023-12-22,7.0,77.68
2023-12-22,10.0,96.809
2023-12-25,3.0,32.982
2023-12-25,10.0,96.514
2023-12-26,3.0,32.819
2023-12-26,5.0,55.838
2023-12-26,7.0,78.002
2023-12-26,10.0,97.025
2023-12-27,3.0,32.714
2023-12-27,5.0,55.242
2023-12-27,7.0,77.409
2023-12-27,10.0,96.593
2023-12-28,3.0,32.877
2023-12-28,5.0,55.881
2023-12-28,7.0,78.141
2023-12-28,10.0,97.223
2023-12-29,3.0,33.638
2023-12-29,5.0,56.696
2023-12-29,7.0,78.737
2023-12-29,10.0,98.187
2024-01-01,3.0,33.451
2024-01-01,10.0,98.359
2024-01-02,3.0,34.858
2024-01-02,5.0,58.46
2024-01-02,7.0,80.708
2024-01-02,10.0,99.627
2024-01-03,3.0,36.425
2024-01-03,5.0,60.56
2024-01-03,7.0,82.908
2024-01-03,10.0,101.454
2024-01-04,3.0,37.071
2024-01-04,5.0,59.971
2024-01-04,7.0,82.049
2024-01-04,10.0,101.014
2024-01-05,3.0,36.554
2024-01-05,5.0,59.397
2024-01-05,7.0,81.554
2024-01-05,10.0,100.63
2024-01-08,3.0,35.07
2024-01-08,5.0,56.908
2024-01-08,7.0,79.178
2024-01-08,10.0,98.669
2024-01-09,3.0,34.013
2024-01-09,5.0,56.524
2024-01-09,7.0,78.817
2024-01-09,10.0,97.931
2024-01-10,3.0,33.033
2024-01-10,5.0,55.248
2024-01-10,7.0,77.463
2024-01-10,10.0,96.757
2024-01-11,3.0,32.269
2024-01-11,5.0,54.491
2024-01-11,7.0,76.645
2024-01-11,10.0,95.85
2024-01-12,3.0,31.794
2024-01-12,5.0,54.757
2024-01-12,7.0,76.974
2024-01-12,10.0,96.036
2024-01-15,3.0,31.967
2024-01-15,10.0,96.205
2024-01-16,3.0,32.644
2024-01-16,5.0,56.026
2024-01-16,7.0,77.954
2024-01-16,10.0,97.174
2024-01-17,3.0,33.451
2024-01-17,5.0,56.69
2024-01-17,7.0,78.587
2024-01-17,10.0,97.697
2024-01-18,3.0,32.813
2024-01-18,5.0,55.351
2024-01-18,7.0,77.304
2024-01-18,10.0,96.807
2024-01-19,3.0,31.977
2024-01-19,5.0,54.689
2024-01-19,7.0,76.375
2024-01-19,10.0,95.929
2024-01-22,3.0,31.952
2024-01-22,5.0,55.165
2024-01-22,7.0,76.918
2024-01-22,10.0,96.362
2024-01-23,3.0,32.526
2024-01-23,5.0,55.307
2024-01-23,7.0,77.355
2024-01-23,10.0,96.845
2024-01-24,3.0,32.711
2024-01-24,5.0,55.753
2024-01-24,7.0,77.618
2024-01-24,10.0,97.051
2024-01-25,3.0,32.348
2024-01-25,5.0,54.598
2024-01-25,7.0,76.534
2024-01-25,10.0,96.261
2024-01-26,3.0,31.411
2024-01-26,5.0,54.419
2024-01-26,7.0,76.126
2024-01-26,10.0,95.7
2024-01-29,3.0,31.291
2024-01-29,5.0,53.944
2024-01-29,7.0,75.763
2024-01-29,10.0,95.25
2024-01-30,3.0,31.119
2024-01-30,5.0,54.318
2024-01-30,7.0,75.941
2024-01-30,10.0,95.257
2024-01-31,3.0,32.81
2024-01-31,5.0,56.614
2024-01-31,7.0,78.206
2024-01-31,10.0,96.956
2024-02-01,3.0,32.964
2024-02-01,5.0,55.079
2024-02-01,7.0,76.953
2024-02-01,10.0,96.441
2024-02-02,3.0,31.803
2024-02-02,5.0,54.609
2024-02-02,7.0,76.418
2024-02-02,10.0,95.785
2024-02-05,3.0,31.987
2024-02-05,5.0,55.323
2024-02-05,7.0,76.98
2024-02-05,10.0,96.164
2024-02-06,3.0,32.434
2024-02-06,5.0,55.659
2024-02-06,7.0,77.278
2024-02-06,10.0,96.558
2024-02-07,3.0,32.567
2024-02-07,5.0,55.557
2024-02-07,7.0,77.186
2024-02-07,10.0,96.65
2024-02-08,3.0,32.303
2024-02-08,5.0,55.243
2024-02-08,7.0,77.053
2024-02-08,10.0,96.472
2024-02-09,3.0,31.432
2024-02-09,5.0,54.136
2024-02-09,7.0,75.886
2024-02-09,10.0,95.562
2024-02-12,3.0,30.509
2024-02-12,5.0,53.619
2024-02-12,7.0,75.288
2024-02-12,10.0,94.822
2024-02-13,3.0,31.337
2024-02-13,5.0,55.056
2024-02-13,7.0,76.876
2024-02-13,10.0,95.873
2024-02-14,3.0,31.245
2024-02-14,5.0,54.015
2024-02-14,7.0,75.753
2024-02-14,10.0,95.327
2024-02-15,3.0,29.966
2024-02-15,5.0,52.343
2024-02-15,7.0,74.041
2024-02-15,10.0,93.813
2024-02-16,3.0,30.023
2024-02-16,5.0,53.184
2024-02-16,7.0,74.781
2024-02-16,10.0,94.182
2024-02-19,3.0,30.361
2024-02-19,10.0,94.194
2024-02-20,3.0,29.912
2024-02-20,5.0,52.981
2024-02-20,7.0,74.905
2024-02-20,10.0,94.259
2024-02-21,3.0,29.748
2024-02-21,5.0,52.524
2024-02-21,7.0,74.563
2024-02-21,10.0,94.015
2024-02-22,3.0,28.47
2024-02-22,5.0,50.878
2024-02-22,7.0,72.608
2024-02-22,10.0,92.614
2024-02-23,3.0,28.242
2024-02-23,5.0,51.569
2024-02-23,7.0,73.296
2024-02-23,10.0,92.767
2024-02-26,3.0,29.18
2024-02-26,5.0,52.48
2024-02-26,7.0,74.265
2024-02-26,10.0,93.754
2024-02-27,3.0,29.267
2024-02-27,5.0,51.865
2024-02-27,7.0,73.823
2024-02-27,10.0,93.499
2024-02-28,3.0,29.63
2024-02-28,5.0,53.066
2024-02-28,7.0,74.809
2024-02-28,10.0,94.345
2024-02-29,3.0,29.599
2024-02-29,5.0,52.413
2024-02-29,7.0,74.208
2024-02-29,10.0,94.093
2024-03-01,3.0,28.792
2024-03-01,5.0,51.499
2024-03-01,7.0,73.486
2024-03-01,10.0,93.525
2024-03-04,3.0,28.06
2024-03-04,5.0,51.154
2024-03-04,7.0,73.074
2024-03-04,10.0,93.281
2024-03-05,3.0,28.647
2024-03-05,5.0,51.725
2024-03-05,7.0,73.618
2024-03-05,10.0,93.663
2024-03-06,3.0,28.387
2024-03-06,5.0,50.607
2024-03-06,7.0,72.623
2024-03-06,10.0,93.04
2024-03-07,3.0,27.236
2024-03-07,5.0,50.074
2024-03-07,7.0,71.987
2024-03-07,10.0,92.33
2024-03-08,3.0,26.846
2024-03-08,5.0,49.641
2024-03-08,7.0,71.612
2024-03-08,10.0,92.035
2024-03-11,3.0,26.84
2024-03-11,5.0,49.541
2024-03-11,7.0,71.551
2024-03-11,10.0,91.889
2024-03-12,3.0,25.911
2024-03-12,5.0,48.434
2024-03-12,7.0,70.471
2024-03-12,10.0,90.975
2024-03-13,3.0,25.61
2024-03-13,5.0,48.087
2024-03-13,7.0,70.131
2024-03-13,10.0,90.561
2024-03-14,3.0,25.939
2024-03-14,5.0,49.3
2024-03-14,7.0,71.284
2024-03-14,10.0,91.283
2024-03-15,3.0,26.838
2024-03-15,5.0,49.988
2024-03-15,7.0,71.849
2024-03-15,10.0,91.864
2024-03-18,3.0,26.526
2024-03-18,5.0,49.047
2024-03-18,7.0,70.91
2024-03-18,10.0,91.204
2024-03-19,3.0,25.968
2024-03-19,5.0,48.22
2024-03-19,7.0,70.417
2024-03-19,10.0,90.53
2024-03-20,3.0,30.183
2024-03-20,5.0,51.363
2024-03-20,10.0,90.107
2024-03-21,3.0,28.548
2024-03-21,5.0,50.911
2024-03-21,10.0,91.12
2024-03-22,3.0,29.598
2024-03-22,5.0,52.34
2024-03-22,10.0,92.433
2024-03-25,3.0,29.856
2024-03-25,5.0,52.515
2024-03-25,10.0,92.65
2024-03-26,3.0,31.033
2024-03-26,5.0,53.246
2024-03-26,10.0,93.307
2024-03-27,3.0,29.335
2024-03-27,5.0,51.302
2024-03-27,7.0,73.465
2024-03-27,10.0,91.579
2024-03-28,3.0,29.258
2024-03-28,5.0,51.489
2024-03-28,7.0,73.168
2024-03-28,10.0,91.509
2024-03-29,3.0,29.239
2024-03-29,10.0,91.508
2024-04-01,3.0,29.954
2024-04-01,5.0,52.031
2024-04-01,7.0,74.239
2024-04-01,10.0,92.327
2024-04-02,3.0,30.665
2024-04-02,5.0,52.721
2024-04-02,7.0,74.972
2024-04-02,10.0,92.979
2024-04-03,3.0,29.937
2024-04-03,5.0,52.017
2024-04-03,7.0,74.933
2024-04-03,10.0,92.373
2024-04-04,3.0,30.878
2024-04-04,5.0,53.756
2024-04-04,10.0,93.335
2024-04-05,3.0,30.614
2024-04-05,5.0,52.536
2024-04-05,10.0,92.899
2024-04-08,3.0,29.395
2024-04-08,5.0,51.194
2024-04-08,10.0,91.602
2024-04-09,3.0,29.068
2024-04-09,5.0,50.886
2024-04-09,10.0,91.32
2024-04-10,3.0,30.787
2024-04-10,5.0,53.03
2024-04-10,10.0,93.142
2024-04-11,3.0,30.627
2024-04-11,5.0,52.78
2024-04-11,10.0,92.855
2024-04-12,3.0,32.785
2024-04-12,5.0,54.559
2024-04-12,10.0,94.65
2024-04-15,3.0,35.063
2024-04-15,5.0,57.47
2024-04-15,7.0,77.471
2024-04-15,10.0,97.162
2024-04-16,3.0,35.806
2024-04-16,5.0,57.891
2024-04-16,7.0,78.075
2024-04-16,10.0,97.73
2024-04-17,3.0,35.969
2024-04-17,5.0,57.877
2024-04-17,7.0,77.485
2024-04-17,10.0,97.649
2024-04-18,3.0,35.833
2024-04-18,5.0,57.432
2024-04-18,7.0,78.093
2024-04-18,10.0,97.311
2024-04-19,3.0,35.283
2024-04-19,5.0,56.815
2024-04-19,7.0,77.415
2024-04-19,10.0,96.657
2024-04-22,3.0,32.937
2024-04-22,5.0,54.21
2024-04-22,7.0,74.498
2024-04-22,10.0,94.061
2024-04-23,3.0,30.895
2024-04-23,5.0,52.395
2024-04-23,7.0,73.008
2024-04-23,10.0,92.345
2024-04-24,3.0,31.496
2024-04-24,5.0,53.418
2024-04-24,7.0,73.658
2024-04-24,10.0,93.263
2024-04-25,3.0,31.777
2024-04-25,5.0,53.502
2024-04-25,7.0,74.134
2024-04-25,10.0,93.434
2024-04-26,3.0,30.441
2024-04-26,5.0,51.904
2024-04-26,7.0,72.364
2024-04-26,10.0,91.969
2024-04-29,3.0,30.228
2024-04-29,5.0,51.831
2024-04-29,10.0,91.841
2024-04-30,3.0,31.87
2024-04-30,5.0,53.829
2024-04-30,7.0,74.037
2024-04-30,10.0,93.52
2024-05-01,3.0,31.43
2024-05-01,5.0,53.026
2024-05-01,7.0,73.158
2024-05-01,10.0,93.041
2024-05-02,3.0,30.106
2024-05-02,5.0,51.528
2024-05-02,7.0,72.205
2024-05-02,10.0,91.708
2024-05-03,3.0,29.083
2024-05-03,5.0,50.513
2024-05-03,7.0,70.852
2024-05-03,10.0,90.707
2024-05-06,3.0,28.771
2024-05-06,5.0,50.181
2024-05-06,7.0,70.499
2024-05-06,10.0,90.445
2024-05-07,3.0,28.597
2024-05-07,5.0,50.213
2024-05-07,7.0,70.798
2024-05-07,10.0,90.562
2024-05-08,3.0,28.728
2024-05-08,5.0,50.375
2024-05-08,7.0,70.975
2024-05-08,10.0,90.794
2024-05-09,3.0,28.763
2024-05-09,5.0,50.178
2024-05-09,7.0,70.801
2024-05-09,10.0,90.686
2024-05-10,3.0,28.921
2024-05-10,5.0,50.617
2024-05-10,7.0,71.03
2024-05-10,10.0,91.045
2024-05-13,3.0,29.205
2024-05-13,5.0,50.929
2024-05-13,7.0,71.308
2024-05-13,10.0,91.384
2024-05-14,3.0,28.805
2024-05-14,5.0,50.37
2024-05-14,7.0,70.991
2024-05-14,10.0,90.907
2024-05-15,3.0,27.751
2024-05-15,5.0,49.008
2024-05-15,7.0,69.648
2024-05-15,10.0,89.793
2024-05-16,3.0,27.945
2024-05-16,5.0,49.4
2024-05-16,7.0,69.788
2024-05-16,10.0,89.958
2024-05-17,3.0,27.685
2024-05-17,5.0,48.802
2024-05-17,7.0,69.578
2024-05-17,10.0,89.527
2024-05-20,3.0,27.253
2024-05-20,5.0,48.601
2024-05-20,7.0,69.052
2024-05-20,10.0,89.175
2024-05-21,3.0,27.325
2024-05-21,5.0,48.902
2024-05-21,7.0,69.508
2024-05-21,10.0,89.587
2024-05-22,3.0,27.904
2024-05-22,5.0,49.684
2024-05-22,7.0,70.215
2024-05-22,10.0,90.242
2024-05-23,3.0,28.781
2024-05-23,5.0,50.463
2024-05-23,7.0,71.061
2024-05-23,10.0,90.998
2024-05-24,3.0,27.723
2024-05-24,5.0,49.225
2024-05-24,7.0,69.642
2024-05-24,10.0,89.878
2024-05-27,3.0,27.653
2024-05-27,10.0,89.891
2024-05-28,3.0,28.327
2024-05-28,5.0,49.898
2024-05-28,7.0,70.607
2024-05-28,10.0,90.572
2024-05-29,3.0,29.178
2024-05-29,5.0,50.79
2024-05-29,7.0,71.325
2024-05-29,10.0,91.41
2024-05-30,3.0,29.071
2024-05-30,5.0,50.657
2024-05-30,7.0,70.929
2024-05-30,10.0,91.264
2024-05-31,3.0,28.462
2024-05-31,5.0,49.845
2024-05-31,7.0,70.49
2024-05-31,10.0,90.752
2024-06-03,3.0,28.069
2024-06-03,5.0,49.503
2024-06-03,7.0,70.61
2024-06-03,10.0,90.257
2024-06-04,3.0,29.182
2024-06-04,5.0,50.679
2024-06-04,7.0,71.213
2024-06-04,10.0,91.31
2024-06-05,3.0,28.616
2024-06-05,5.0,49.894
2024-06-05,7.0,70.283
2024-06-05,10.0,90.688
2024-06-06,3.0,29.069
2024-06-06,5.0,50.326
2024-06-06,7.0,70.915
2024-06-06,10.0,90.979
2024-06-07,3.0,28.853
2024-06-07,5.0,50.013
2024-06-07,7.0,70.515
2024-06-07,10.0,90.647
2024-06-10,3.0,28.803
2024-06-10,5.0,50.107
2024-06-10,7.0,70.408
2024-06-10,10.0,90.63
2024-06-11,3.0,29.283
2024-06-11,5.0,50.566
2024-06-11,7.0,71.108
2024-06-11,10.0,91.08
2024-06-12,3.0,28.283
2024-06-12,5.0,49.321
2024-06-12,7.0,69.805
2024-06-12,10.0,89.849
2024-06-13,3.0,29.474
2024-06-13,5.0,51.197
2024-06-13,7.0,71.241
2024-06-13,10.0,91.503
2024-06-14,3.0,31.799
2024-06-14,5.0,53.828
2024-06-14,7.0,74.22
2024-06-14,10.0,94.219
2024-06-17,3.0,31.728
2024-06-17,5.0,53.032
2024-06-17,7.0,73.652
2024-06-17,10.0,93.354
2024-06-18,3.0,31.024
2024-06-18,5.0,52.18
2024-06-18,7.0,72.851
2024-06-18,10.0,92.586
2024-06-19,3.0,30.933
2024-06-19,7.0,72.851
2024-06-20,3.0,31.754
2024-06-20,5.0,53.369
2024-06-20,7.0,74.043
2024-06-20,10.0,93.755
2024-06-21,3.0,31.904
2024-06-21,5.0,53.196
2024-06-21,7.0,73.921
2024-06-21,10.0,93.6
2024-06-24,3.0,31.914
2024-06-24,5.0,53.275
2024-06-24,7.0,73.714
2024-06-24,10.0,93.473
2024-06-25,3.0,32.487
2024-06-25,5.0,53.985
2024-06-25,7.0,74.458
2024-06-25,10.0,94.195
2024-06-26,3.0,32.827
2024-06-26,5.0,54.357
2024-06-26,7.0,74.575
2024-06-26,10.0,94.449
2024-06-27,3.0,32.336
2024-06-27,5.0,53.451
2024-06-27,7.0,74.033
2024-06-27,10.0,93.646
2024-06-28,3.0,32.421
2024-06-28,5.0,53.452
2024-06-28,7.0,74.074
2024-06-28,10.0,93.746
2024-07-01,3.0,31.349
2024-07-01,5.0,52.388
2024-07-01,10.0,92.733
2024-07-02,3.0,29.938
2024-07-02,5.0,50.733
2024-07-02,10.0,91.035
2024-07-03,3.0,29.218
2024-07-03,5.0,50.034
2024-07-03,10.0,90.501
2024-07-04,3.0,29.218
2024-07-05,3.0,29.323
2024-07-05,5.0,49.797
2024-07-05,10.0,90.208
2024-07-08,3.0,27.764
2024-07-08,5.0,49.008
2024-07-08,10.0,89.728
2024-07-09,3.0,28.181
2024-07-09,5.0,49.423
2024-07-09,7.0,70.045
2024-07-09,10.0,90.127
2024-07-10,3.0,27.979
2024-07-10,5.0,48.979
2024-07-10,7.0,69.4
2024-07-10,10.0,89.613
2024-07-11,3.0,27.519
2024-07-11,5.0,48.64
2024-07-11,7.0,69.234
2024-07-11,10.0,89.357
2024-07-12,3.0,27.186
2024-07-12,5.0,48.2
2024-07-12,7.0,68.681
2024-07-12,10.0,89.008
2024-07-15,3.0,27.503
2024-07-15,5.0,48.523
2024-07-15,7.0,69.004
2024-07-15,10.0,89.399
2024-07-16,3.0,27.248
2024-07-16,5.0,48.028
2024-07-16,7.0,68.597
2024-07-16,10.0,89.158
2024-07-17,3.0,28.075
2024-07-17,5.0,49.121
2024-07-17,7.0,69.874
2024-07-17,10.0,90.17
2024-07-18,3.0,29.153
2024-07-18,5.0,50.494
2024-07-18,10.0,91.5
2024-07-19,3.0,29.357
2024-07-19,5.0,50.83
2024-07-19,10.0,91.813
2024-07-22,3.0,28.146
2024-07-22,5.0,49.243
2024-07-22,7.0,69.906
2024-07-22,10.0,90.154
2024-07-23,3.0,28.381
2024-07-23,5.0,49.604
2024-07-23,7.0,70.228
2024-07-23,10.0,90.621
2024-07-24,3.0,29.635
2024-07-24,5.0,51.618
2024-07-24,7.0,72.257
2024-07-24,10.0,92.834
2024-07-25,3.0,30.217
2024-07-25,5.0,52.348
2024-07-25,7.0,73.116
2024-07-25,10.0,93.51
2024-07-26,3.0,29.988
2024-07-26,5.0,51.048
2024-07-26,7.0,71.666
2024-07-26,10.0,92.174
2024-07-29,3.0,30.644
2024-07-29,5.0,51.778
2024-07-29,7.0,71.885
2024-07-29,10.0,92.806
2024-07-30,3.0,31.657
2024-07-30,5.0,52.52
2024-07-30,7.0,72.79
2024-07-30,10.0,93.676
2024-07-31,3.0,30.501
2024-07-31,5.0,51.809
2024-07-31,7.0,71.463
2024-07-31,10.0,92.78
2024-08-01,3.0,33.149
2024-08-01,5.0,54.609
2024-08-01,7.0,74.998
2024-08-01,10.0,95.589
2024-08-02,3.0,36.971
2024-08-02,5.0,58.268
2024-08-02,7.0,78.139
2024-08-02,10.0,99.04
2024-08-05,3.0,39.901
2024-08-05,5.0,60.777
2024-08-05,10.0,102.947
2024-08-06,3.0,38.648
2024-08-06,5.0,60.375
2024-08-06,7.0,79.934
2024-08-06,10.0,100.218
2024-08-07,3.0,39.851
2024-08-07,5.0,61.12
2024-08-07,7.0,80.811
2024-08-07,10.0,101.665
2024-08-08,3.0,36.655
2024-08-08,5.0,57.793
2024-08-08,7.0,77.873
2024-08-08,10.0,98.84
2024-08-09,3.0,36.505
2024-08-09,5.0,57.718
2024-08-09,7.0,77.607
2024-08-09,10.0,98.712
2024-08-12,3.0,38.411
2024-08-12,5.0,59.51
2024-08-12,10.0,99.534
2024-08-13,3.0,36.685
2024-08-13,5.0,57.63
2024-08-13,10.0,98.293
2024-08-14,3.0,34.741
2024-08-14,5.0,55.24
2024-08-14,7.0,75.387
2024-08-14,10.0,96.941
2024-08-15,3.0,31.436
2024-08-15,5.0,52.186
2024-08-15,7.0,72.116
2024-08-15,10.0,95.387
2024-08-16,3.0,30.07
2024-08-16,5.0,50.979
2024-08-16,7.0,70.917
2024-08-16,10.0,93.715
2024-08-19,3.0,29.829
2024-08-19,5.0,50.79
2024-08-19,7.0,70.644
2024-08-19,10.0,93.05
2024-08-20,3.0,30.38
2024-08-20,5.0,51.213
2024-08-20,7.0,71.293
2024-08-20,10.0,93.399
2024-08-21,3.0,29.643
2024-08-21,5.0,50.548
2024-08-21,7.0,70.603
2024-08-21,10.0,92.621
2024-08-22,3.0,30.232
2024-08-22,5.0,51.198
2024-08-22,7.0,71.707
2024-08-22,10.0,92.483
2024-08-23,3.0,28.184
2024-08-23,5.0,49.208
2024-08-23,10.0,90.521
2024-08-26,3.0,28.379
2024-08-26,5.0,49.464
2024-08-26,10.0,91.091
2024-08-27,3.0,28.33
2024-08-27,5.0,49.238
2024-08-27,10.0,90.95
2024-08-28,3.0,28.693
2024-08-28,5.0,49.9
2024-08-28,7.0,70.441
2024-08-28,10.0,91.671
2024-08-29,3.0,28.558
2024-08-29,5.0,49.63
2024-08-29,10.0,91.502
2024-08-30,3.0,28.355
2024-08-30,5.0,49.259
2024-08-30,10.0,91.131
2024-09-02,3.0,28.023
2024-09-02,10.0,91.193
2024-09-03,3.0,30.589
2024-09-03,5.0,52.108
2024-09-03,7.0,72.619
2024-09-03,10.0,93.906
2024-09-04,3.0,30.57
2024-09-04,5.0,51.969
2024-09-04,7.0,72.496
2024-09-04,10.0,93.791
2024-09-05,3.0,30.44
2024-09-05,5.0,51.75
2024-09-05,7.0,72.447
2024-09-05,10.0,93.433
2024-09-06,3.0,32.486
2024-09-06,5.0,54.02
2024-09-06,7.0,74.363
2024-09-06,10.0,95.529
2024-09-09,3.0,30.737
2024-09-09,5.0,51.645
2024-09-09,7.0,72.082
2024-09-09,10.0,93.316
2024-09-10,3.0,31.562
2024-09-10,5.0,53.036
2024-09-10,7.0,73.482
2024-09-10,10.0,94.854
2024-09-11,3.0,30.721
2024-09-11,5.0,51.824
2024-09-11,7.0,72.545
2024-09-11,10.0,93.551
2024-09-12,3.0,29.999
2024-09-12,5.0,50.888
2024-09-12,7.0,71.136
2024-09-12,10.0,92.467
2024-09-13,3.0,28.886
2024-09-13,5.0,49.823
2024-09-13,7.0,70.329
2024-09-13,10.0,91.41
2024-09-16,3.0,28.604
2024-09-16,5.0,49.299
2024-09-16,7.0,69.79
2024-09-16,10.0,90.965
2024-09-17,3.0,28.659
2024-09-17,5.0,49.53
2024-09-17,7.0,69.996
2024-09-17,10.0,91.135
2024-09-18,3.0,28.327
2024-09-18,5.0,49.162
2024-09-18,7.0,69.527
2024-09-18,10.0,90.794
2024-09-19,3.0,27.027
2024-09-19,5.0,47.691
2024-09-19,7.0,68.169
2024-09-19,10.0,89.564
2024-09-20,3.0,31.984
2024-09-20,5.0,52.23
2024-09-20,7.0,71.495
2024-09-20,10.0,90.963
2024-09-23,3.0,32.319
2024-09-23,5.0,52.986
2024-09-23,7.0,73.272
2024-09-23,10.0,92.821
2024-09-24,3.0,32.27
2024-09-24,5.0,52.561
2024-09-24,7.0,73.143
2024-09-24,10.0,92.587
2024-09-25,3.0,32.667
2024-09-25,5.0,53.178
2024-09-25,7.0,73.903
2024-09-25,10.0,93.217
2024-09-26,3.0,31.917
2024-09-26,5.0,52.31
2024-09-26,7.0,73.707
2024-09-26,10.0,92.559
2024-09-27,3.0,32.14
2024-09-27,5.0,52.571
2024-09-27,7.0,73.209
2024-09-27,10.0,92.86
2024-09-30,3.0,32.353
2024-09-30,5.0,52.705
2024-09-30,7.0,73.423
2024-09-30,10.0,92.955
2024-10-01,3.0,33.591
2024-10-01,5.0,54.341
2024-10-01,7.0,75.081
2024-10-01,10.0,94.417
2024-10-02,3.0,32.897
2024-10-02,5.0,53.348
2024-10-02,7.0,74.192
2024-10-02,10.0,93.425
2024-10-03,3.0,33.547
2024-10-03,5.0,54.074
2024-10-03,7.0,74.679
2024-10-03,10.0,94.082
2024-10-04,3.0,32.418
2024-10-04,5.0,52.783
2024-10-04,7.0,73.448
2024-10-04,10.0,92.643
2024-10-07,3.0,33.15
2024-10-07,5.0,53.818
2024-10-07,7.0,74.434
2024-10-07,10.0,93.628
2024-10-08,3.0,32.533
2024-10-08,5.0,52.834
2024-10-08,7.0,73.774
2024-10-08,10.0,92.665
2024-10-09,3.0,32.007
2024-10-09,5.0,52.283
2024-10-09,7.0,73.186
2024-10-09,10.0,92.115
2024-10-10,3.0,31.988
2024-10-10,5.0,52.224
2024-10-10,7.0,73.152
2024-10-10,10.0,92.137
2024-10-11,3.0,31.436
2024-10-11,5.0,51.725
2024-10-11,7.0,72.568
2024-10-11,10.0,91.58
2024-10-14,3.0,31.44
2024-10-14,10.0,91.657
2024-10-15,3.0,31.307
2024-10-15,5.0,51.617
2024-10-15,7.0,72.373
2024-10-15,10.0,91.393
2024-10-16,3.0,30.993
2024-10-16,5.0,51.209
2024-10-16,7.0,71.947
2024-10-16,10.0,91.099
2024-10-17,3.0,31.15
2024-10-17,5.0,51.598
2024-10-17,7.0,72.353
2024-10-17,10.0,91.449
2024-10-18,3.0,31.083
2024-10-18,5.0,51.194
2024-10-18,7.0,72.1
2024-10-18,10.0,91.125
2024-10-21,3.0,31.69
2024-10-21,5.0,51.959
2024-10-21,7.0,72.89
2024-10-21,10.0,91.854
2024-10-22,3.0,31.986
2024-10-22,5.0,52.358
2024-10-22,7.0,73.104
2024-10-22,10.0,92.164
2024-10-23,3.0,32.95
2024-10-23,5.0,53.28
2024-10-23,7.0,74.129
2024-10-23,10.0,93.094
2024-10-24,3.0,32.32
2024-10-24,5.0,52.544
2024-10-24,7.0,73.413
2024-10-24,10.0,92.326
2024-10-25,3.0,32.632
2024-10-25,5.0,52.87
2024-10-25,7.0,73.798
2024-10-25,10.0,92.681
2024-10-28,3.0,31.798
2024-10-28,5.0,51.965
2024-10-28,7.0,72.561
2024-10-28,10.0,91.746
2024-10-29,3.0,31.937
2024-10-29,5.0,52.21
2024-10-29,7.0,73.046
2024-10-29,10.0,92.038
2024-10-30,3.0,32.365
2024-10-30,5.0,52.84
2024-10-30,7.0,73.253
2024-10-30,10.0,92.433
2024-10-31,3.0,33.377
2024-10-31,5.0,53.85
2024-10-31,7.0,74.753
2024-10-31,10.0,93.678
2024-11-01,3.0,32.797
2024-11-01,5.0,53.016
2024-11-01,7.0,73.936
2024-11-01,10.0,92.87
2024-11-04,3.0,33.442
2024-11-04,5.0,53.82
2024-11-04,7.0,74.761
2024-11-04,10.0,93.693
2024-11-05,3.0,31.462
2024-11-05,5.0,51.907
2024-11-05,7.0,72.722
2024-11-05,10.0,91.89
2024-11-06,3.0,29.121
2024-11-06,5.0,48.894
2024-11-06,7.0,69.702
2024-11-06,10.0,88.76
2024-11-07,3.0,28
2024-11-07,5.0,48.035
2024-11-07,7.0,68.946
2024-11-07,10.0,88.151
2024-11-08,3.0,27.303
2024-11-08,5.0,47.214
2024-11-08,7.0,68.108
2024-11-08,10.0,87.405
2024-11-11,3.0,27.23
2024-11-11,10.0,87.413
2024-11-12,3.0,28.113
2024-11-12,5.0,48.061
2024-11-12,7.0,69.044
2024-11-12,10.0,88.26
2024-11-13,3.0,28.298
2024-11-13,5.0,48.364
2024-11-13,7.0,68.972
2024-11-13,10.0,88.501
2024-11-14,3.0,28.971
2024-11-14,5.0,48.986
2024-11-14,7.0,70.019
2024-11-14,10.0,89.212
2024-11-15,3.0,29.276
2024-11-15,5.0,49.438
2024-11-15,7.0,70.476
2024-11-15,10.0,89.72
2024-11-18,3.0,28.948
2024-11-18,5.0,49.039
2024-11-18,7.0,69.773
2024-11-18,10.0,89.29
2024-11-19,3.0,28.833
2024-11-19,5.0,48.929
2024-11-19,7.0,69.604
2024-11-19,10.0,89.199
2024-11-20,3.0,28.827
2024-11-20,5.0,48.993
2024-11-20,7.0,69.333
2024-11-20,10.0,89.26
2024-11-21,3.0,28.663
2024-11-21,5.0,48.882
2024-11-21,7.0,69.128
2024-11-21,10.0,89.074
2024-11-22,3.0,28.51
2024-11-22,5.0,48.59
2024-11-22,7.0,68.833
2024-11-22,10.0,88.79
2024-11-25,3.0,28.139
2024-11-25,5.0,48.028
2024-11-25,7.0,68.275
2024-11-25,10.0,88.269
2024-11-26,3.0,28.159
2024-11-26,5.0,48.206
2024-11-26,7.0,68.481
2024-11-26,10.0,88.417
2024-11-27,3.0,28.152
2024-11-27,5.0,48.156
2024-11-27,7.0,68.44
2024-11-27,10.0,88.383
2024-11-28,3.0,28.061
2024-11-29,3.0,27.711
2024-11-29,5.0,47.611
2024-11-29,7.0,67.816
2024-11-29,10.0,87.811
2024-12-02,3.0,27.463
2024-12-02,5.0,47.263
2024-12-02,7.0,67.566
2024-12-02,10.0,87.655
2024-12-03,3.0,27.596
2024-12-03,5.0,47.445
2024-12-03,7.0,67.794
2024-12-03,10.0,87.908
2024-12-04,3.0,27.656
2024-12-04,5.0,47.592
2024-12-04,7.0,67.86
2024-12-04,10.0,87.979
2024-12-05,3.0,27.493
2024-12-05,5.0,47.288
2024-12-05,7.0,67.725
2024-12-05,10.0,87.763
2024-12-06,3.0,27.018
2024-12-06,5.0,47.073
2024-12-06,7.0,67.149
2024-12-06,10.0,87.61
2024-12-09,3.0,27.663
2024-12-09,5.0,47.459
2024-12-09,7.0,67.724
2024-12-09,10.0,88.101
2024-12-10,3.0,27.358
2024-12-10,5.0,47.339
2024-12-10,7.0,67.662
2024-12-10,10.0,87.934
2024-12-11,3.0,26.909
2024-12-11,5.0,46.859
2024-12-11,7.0,67.152
2024-12-11,10.0,87.559
2024-12-12,3.0,27.45
2024-12-12,5.0,47.567
2024-12-12,7.0,67.952
2024-12-12,10.0,88.229
2024-12-13,3.0,27.831
2024-12-13,5.0,47.812
2024-12-13,7.0,68.415
2024-12-13,10.0,88.545
2024-12-16,3.0,27.722
2024-12-16,5.0,47.516
2024-12-16,7.0,68.087
2024-12-16,10.0,88.198
2024-12-17,3.0,27.882
2024-12-17,5.0,47.77
2024-12-17,7.0,68.343
2024-12-17,10.0,88.491
2024-12-18,3.0,30.078
2024-12-18,5.0,50.423
2024-12-18,7.0,70.948
2024-12-18,10.0,90.983
2024-12-19,3.0,31.441
2024-12-19,5.0,51.405
2024-12-19,7.0,71.882
2024-12-19,10.0,91.89
2024-12-20,3.0,29.36
2024-12-20,5.0,49.293
2024-12-20,7.0,69.812
2024-12-20,10.0,89.69
2024-12-23,3.0,29.58
2024-12-23,5.0,49.613
2024-12-23,7.0,69.829
2024-12-23,10.0,90.128
2024-12-24,3.0,28.793
2024-12-24,5.0,48.688
2024-12-24,7.0,69.03
2024-12-24,10.0,88.985
2024-12-25,3.0,28.806
2024-12-26,3.0,28.453
2024-12-26,5.0,48.255
2024-12-26,7.0,68.691
2024-12-26,10.0,88.586
2024-12-27,3.0,29.368
2024-12-27,5.0,49.258
2024-12-27,7.0,69.671
2024-12-27,10.0,89.611
2024-12-30,3.0,30.285
2024-12-30,5.0,50.205
2024-12-30,7.0,70.762
2024-12-30,10.0,90.69
2024-12-31,3.0,29.848
2024-12-31,5.0,49.843
2024-12-31,7.0,70.45
2024-12-31,10.0,90.23
2025-01-01,3.0,29.841
2025-01-02,3.0,29.572
2025-01-02,5.0,49.325
2025-01-02,7.0,69.938
2025-01-02,10.0,89.864
2025-01-03,3.0,28.917
2025-01-03,5.0,48.655
2025-01-03,7.0,69.132
2025-01-03,10.0,89.169
2025-01-06,3.0,28.686
2025-01-06,5.0,48.476
2025-01-06,7.0,68.786
2025-01-06,10.0,89.116
2025-01-07,3.0,29.561
2025-01-07,5.0,49.466
2025-01-07,7.0,70.042
2025-01-07,10.0,90.108
2025-01-08,3.0,29.89
2025-01-08,5.0,50.114
2025-01-08,7.0,70.395
2025-01-08,10.0,90.549
2025-01-09,3.0,30.449
2025-01-09,5.0,50.356
2025-01-09,7.0,70.882
2025-01-09,10.0,90.838
2025-01-10,3.0,31.452
2025-01-10,5.0,51.501
2025-01-10,7.0,72.053
2025-01-10,10.0,92.017
2025-01-13,3.0,31.67
2025-01-13,5.0,51.789
2025-01-13,7.0,72.377
2025-01-13,10.0,92.339
2025-01-14,3.0,30.922
2025-01-14,5.0,50.749
2025-01-14,7.0,71.418
2025-01-14,10.0,91.361
2025-01-15,3.0,29.026
2025-01-15,5.0,48.718
2025-01-15,7.0,69.313
2025-01-15,10.0,89.449
2025-01-16,3.0,29.395
2025-01-16,5.0,49.348
2025-01-16,7.0,69.912
2025-01-16,10.0,90.111
2025-01-17,3.0,29.014
2025-01-17,5.0,48.863
2025-01-17,7.0,68.973
2025-01-17,10.0,89.657
2025-01-20,3.0,28.964
2025-01-20,10.0,89.546
2025-01-21,3.0,27.873
2025-01-21,5.0,47.503
2025-01-21,7.0,68.03
2025-01-21,10.0,88.244
2025-01-22,3.0,28.51
2025-01-22,5.0,48.248
2025-01-22,7.0,68.733
2025-01-22,10.0,88.945
2025-01-23,3.0,28.09
2025-01-23,5.0,47.734
2025-01-23,7.0,68.273
2025-01-23,10.0,88.56
2025-01-24,3.0,28.022
2025-01-24,5.0,48.073
2025-01-24,7.0,68.647
2025-01-24,10.0,88.843
2025-01-27,3.0,28.703
2025-01-27,5.0,48.757
2025-01-27,7.0,69.491
2025-01-27,10.0,89.626
2025-01-28,3.0,28.188
2025-01-28,5.0,48.187
2025-01-28,7.0,68.82
2025-01-28,10.0,88.982
2025-01-29,3.0,28.385
2025-01-29,5.0,48.36
2025-01-29,7.0,69.067
2025-01-29,10.0,89.329
2025-01-30,3.0,27.965
2025-01-30,5.0,48.139
2025-01-30,7.0,68.697
2025-01-30,10.0,88.902
2025-01-31,3.0,28.494
2025-01-31,5.0,48.656
2025-01-31,7.0,69.279
2025-01-31,10.0,89.58
2025-02-03,3.0,28.949
2025-02-03,5.0,48.738
2025-02-03,7.0,69.309
2025-02-03,10.0,89.8
2025-02-04,3.0,27.99
2025-02-04,5.0,48.077
2025-02-04,7.0,68.652
2025-02-04,10.0,88.908
2025-02-05,3.0,27.872
2025-02-05,5.0,47.87
2025-02-05,7.0,68.522
2025-02-05,10.0,88.868
2025-02-06,3.0,28.035
2025-02-06,5.0,47.99
2025-02-06,7.0,68.68
2025-02-06,10.0,89.154
2025-02-07,3.0,28.555
2025-02-07,5.0,48.529
2025-02-07,7.0,69.324
2025-02-07,10.0,89.972
2025-02-10,3.0,28.048
2025-02-10,5.0,47.946
2025-02-10,7.0,68.679
2025-02-10,10.0,89.214
2025-02-11,3.0,28.025
2025-02-11,5.0,47.95
2025-02-11,7.0,68.605
2025-02-11,10.0,89.134
2025-02-12,3.0,27.718
2025-02-12,5.0,47.58
2025-02-12,7.0,67.988
2025-02-12,10.0,88.921
2025-02-13,3.0,27.12
2025-02-13,5.0,46.86
2025-02-13,7.0,67.478
2025-02-13,10.0,88.274
2025-02-14,3.0,26.937
2025-02-14,5.0,46.748
2025-02-14,7.0,67.31
2025-02-14,10.0,88.113
2025-02-17,3.0,27.065
2025-02-17,10.0,88.48
2025-02-18,3.0,26.801
2025-02-18,5.0,46.583
2025-02-18,7.0,67.236
2025-02-18,10.0,88.026
2025-02-19,3.0,26.74
2025-02-19,5.0,46.64
2025-02-19,7.0,67.159
2025-02-19,10.0,87.934
2025-02-20,3.0,26.942
2025-02-20,5.0,46.754
2025-02-20,7.0,67.425
2025-02-20,10.0,88.137
2025-02-21,3.0,28.423
2025-02-21,5.0,48.47
2025-02-21,7.0,69.195
2025-02-21,10.0,89.838
2025-02-24,3.0,28.582
2025-02-24,5.0,48.748
2025-02-24,7.0,68.955
2025-02-24,10.0,90.062
2025-02-25,3.0,28.532
2025-02-25,5.0,48.609
2025-02-25,7.0,69.27
2025-02-25,10.0,89.9
2025-02-26,3.0,28.553
2025-02-26,5.0,48.692
2025-02-26,7.0,69.44
2025-02-26,10.0,90.152
2025-02-27,3.0,29.783
2025-02-27,5.0,50.022
2025-02-27,7.0,70.798
2025-02-27,10.0,91.433
2025-02-28,3.0,29.232
2025-02-28,5.0,49.2
2025-02-28,7.0,70.146
2025-02-28,10.0,90.723
2025-03-03,3.0,29.995
2025-03-03,5.0,50.275
2025-03-03,7.0,71.116
2025-03-03,10.0,91.692
2025-03-04,3.0,29.733
2025-03-04,5.0,49.684
2025-03-04,7.0,70.684
2025-03-04,10.0,91.293
2025-03-05,3.0,29.469
2025-03-05,5.0,49.834
2025-03-05,7.0,70.409
2025-03-05,10.0,90.955
2025-03-06,3.0,31.518
2025-03-06,5.0,51.926
2025-03-06,7.0,72.901
2025-03-06,10.0,93.451
2025-03-07,3.0,31.045
2025-03-07,5.0,51.482
2025-03-07,7.0,72.297
2025-03-07,10.0,92.866
2025-03-10,3.0,33.673
2025-03-10,5.0,54.557
2025-03-10,7.0,75.415
2025-03-10,10.0,95.836
2025-03-11,3.0,34.869
2025-03-11,5.0,55.529
2025-03-11,7.0,75.947
2025-03-11,10.0,96.109
2025-03-12,3.0,34.891
2025-03-12,5.0,55.495
2025-03-12,7.0,76.023
2025-03-12,10.0,96.154
2025-03-13,3.0,36.403
2025-03-13,5.0,57.332
2025-03-13,7.0,78.059
2025-03-13,10.0,98.115
2025-03-14,3.0,34.604
2025-03-14,5.0,55.127
2025-03-14,7.0,75.847
2025-03-14,10.0,96.022
2025-03-17,3.0,34.074
2025-03-17,5.0,53.946
2025-03-17,7.0,74.682
2025-03-17,10.0,94.997
2025-03-18,3.0,34.153
2025-03-18,5.0,54.275
2025-03-18,7.0,74.645
2025-03-18,10.0,95.078
2025-03-19,3.0,32.74
2025-03-19,5.0,52.52
2025-03-19,7.0,72.845
2025-03-19,10.0,93.734
2025-03-20,3.0,37.967
2025-03-20,5.0,58.239
2025-03-20,7.0,78.275
2025-03-20,10.0,97.124
2025-03-21,3.0,39.572
2025-03-21,5.0,59.545
2025-03-21,7.0,80.471
2025-03-21,10.0,98.861
2025-03-24,3.0,37.04
2025-03-24,5.0,57.165
2025-03-24,7.0,77.765
2025-03-24,10.0,96.21
2025-03-25,3.0,36.587
2025-03-25,5.0,56.862
2025-03-25,7.0,77.565
2025-03-25,10.0,96.093
2025-03-26,3.0,37.547
2025-03-26,5.0,58.052
2025-03-26,7.0,78.459
2025-03-26,10.0,97.144
2025-03-27,3.0,38.652
2025-03-27,5.0,59.165
2025-03-27,7.0,80.027
2025-03-27,10.0,98.475
2025-03-28,3.0,40.465
2025-03-28,5.0,61.175
2025-03-28,7.0,81.811
2025-03-28,10.0,100.113
2025-03-31,3.0,40.461
2025-03-31,5.0,61.451
2025-03-31,7.0,81.914
2025-03-31,10.0,100.025
2025-04-01,3.0,40.225
2025-04-01,5.0,60.785
2025-04-01,7.0,81.478
2025-04-01,10.0,99.512
2025-04-02,3.0,39.949
2025-04-02,5.0,59.695
2025-04-02,7.0,81.126
2025-04-02,10.0,99.146
2025-04-03,3.0,44.85
2025-04-03,5.0,67.153
2025-04-03,7.0,87.25
2025-04-03,10.0,104.583
2025-04-04,3.0,49.85
2025-04-04,5.0,72.201
2025-04-04,7.0,93.503
2025-04-04,10.0,110.279
2025-04-07,3.0,55.166
2025-04-07,5.0,76.52
2025-04-07,7.0,96.86
2025-04-07,10.0,112.686
2025-04-08,3.0,59.082
2025-04-08,5.0,81.052
2025-04-08,7.0,100.826
2025-04-08,10.0,115.931
2025-04-09,3.0,47.563
2025-04-09,5.0,67.982
2025-04-09,7.0,87.136
2025-04-09,10.0,103.993
2025-04-10,3.0,52.722
2025-04-10,5.0,74.8
2025-04-10,7.0,94.534
2025-04-10,10.0,110.344
2025-04-11,3.0,51.577
2025-04-11,5.0,72.978
2025-04-11,7.0,92.565
2025-04-11,10.0,108.087
2025-04-14,3.0,50.683
2025-04-14,5.0,70.99
2025-04-14,7.0,90.762
2025-04-14,10.0,106.733
2025-04-15,3.0,49.679
2025-04-15,5.0,69.824
2025-04-15,7.0,90.021
2025-04-15,10.0,106.323
2025-04-16,3.0,51.495
2025-04-16,5.0,71.758
2025-04-16,7.0,92.012
2025-04-16,10.0,108.514
2025-04-17,3.0,50.359
2025-04-17,5.0,70.019
2025-04-17,10.0,107.441
2025-04-18,3.0,50.163
2025-04-21,3.0,53.607
2025-04-21,5.0,73.755
2025-04-21,7.0,94.32
2025-04-21,10.0,110.359
2025-04-22,3.0,52.192
2025-04-22,5.0,72.265
2025-04-22,7.0,92.411
2025-04-22,10.0,108.623
2025-04-23,3.0,49.168
2025-04-23,5.0,68.808
2025-04-23,7.0,89.46
2025-04-23,10.0,106.151
2025-04-24,3.0,46.952
2025-04-24,5.0,66.419
2025-04-24,7.0,86.867
2025-04-24,10.0,103.626
2025-04-25,3.0,46.372
2025-04-25,5.0,66.417
2025-04-25,7.0,86.923
2025-04-25,10.0,103.642
2025-04-28,3.0,46.833
2025-04-28,5.0,67.295
2025-04-28,7.0,87.569
2025-04-28,10.0,104.349
2025-04-29,3.0,46.559
2025-04-29,5.0,66.99
2025-04-29,7.0,87.313
2025-04-29,10.0,104.175
2025-04-30,3.0,46.871
2025-04-30,5.0,67.118
2025-04-30,7.0,88.044
2025-04-30,10.0,104.811
2025-05-01,3.0,46.66
2025-05-01,5.0,67.49
2025-05-01,7.0,87.947
2025-05-01,10.0,104.657
2025-05-02,3.0,44.044
2025-05-02,5.0,64.328
2025-05-02,7.0,84.979
2025-05-02,10.0,101.882
2025-05-05,3.0,43.114
2025-05-05,5.0,63.693
2025-05-05,7.0,83.993
2025-05-05,10.0,100.922
2025-05-06,3.0,43.9
2025-05-06,5.0,64.764
2025-05-06,7.0,84.972
2025-05-06,10.0,101.999
2025-05-07,3.0,43.146
2025-05-07,5.0,63.414
2025-05-07,7.0,84.159
2025-05-07,10.0,101.27
2025-05-08,3.0,41.222
2025-05-08,5.0,61.368
2025-05-08,7.0,82.092
2025-05-08,10.0,99.525
2025-05-09,3.0,41.407
2025-05-09,5.0,61.858
2025-05-09,7.0,82.159
2025-05-09,10.0,99.685
2025-05-12,3.0,35.865
2025-05-12,5.0,55.483
2025-05-12,7.0,76.282
2025-05-12,10.0,94.527
2025-05-13,3.0,33.59
2025-05-13,5.0,54.078
2025-05-13,7.0,74.881
2025-05-13,10.0,93.339
2025-05-14,3.0,35.157
2025-05-14,5.0,55.75
2025-05-14,7.0,76.649
2025-05-14,10.0,95.042
2025-05-15,3.0,34.356
2025-05-15,5.0,54.994
2025-05-15,7.0,75.782
2025-05-15,10.0,94.17
2025-05-16,3.0,34.095
2025-05-16,5.0,54.708
2025-05-16,7.0,75.309
2025-05-16,10.0,93.693
2025-05-19,3.0,34.516
2025-05-19,5.0,54.98
2025-05-19,7.0,75.849
2025-05-19,10.0,94.01
2025-05-20,3.0,34.573
2025-05-20,5.0,55.292
2025-05-20,7.0,75.802
2025-05-20,10.0,94.115
2025-05-21,3.0,37.644
2025-05-21,5.0,58.441
2025-05-21,7.0,79.325
2025-05-21,10.0,96.443
2025-05-22,3.0,37.436
2025-05-22,5.0,57.939
2025-05-22,7.0,78.311
2025-05-22,10.0,96.745
2025-05-23,3.0,38.872
2025-05-23,5.0,59.526
2025-05-23,7.0,80.348
2025-05-23,10.0,98.334
2025-05-26,3.0,38.994
2025-05-27,3.0,35.493
2025-05-27,5.0,55.708
2025-05-27,7.0,76.528
2025-05-27,10.0,94.528
2025-05-28,3.0,35.472
2025-05-28,5.0,56.082
2025-05-28,7.0,76.958
2025-05-28,10.0,94.807
2025-05-29,3.0,35.45
2025-05-29,5.0,56.131
2025-05-29,7.0,77.096
2025-05-29,10.0,94.98
2025-05-30,3.0,35.205
2025-05-30,5.0,56.16
2025-05-30,7.0,77.002
2025-05-30,10.0,94.965
2025-06-02,3.0,34.711
2025-06-02,5.0,55.341
2025-06-02,7.0,76.179
2025-06-02,10.0,94.248
2025-06-03,3.0,34.283
2025-06-03,5.0,54.959
2025-06-03,7.0,75.734
2025-06-03,10.0,93.887
2025-06-04,3.0,34.46
2025-06-04,5.0,55.16
2025-06-04,7.0,75.958
2025-06-04,10.0,94.21
2025-06-05,3.0,34.747
2025-06-05,5.0,55.661
2025-06-05,7.0,76.378
2025-06-05,10.0,94.719
2025-06-06,3.0,33.536
2025-06-06,5.0,54.006
2025-06-06,7.0,74.772
2025-06-06,10.0,93.166
2025-06-09,3.0,33.278
2025-06-09,5.0,53.913
2025-06-09,7.0,74.526
2025-06-09,10.0,92.907
2025-06-10,3.0,32.626
2025-06-10,5.0,53.087
2025-06-10,7.0,73.823
2025-06-10,10.0,92.488
2025-06-11,3.0,32.795
2025-06-11,5.0,53.267
2025-06-11,7.0,74.108
2025-06-11,10.0,92.687
2025-06-12,3.0,33.195
2025-06-12,5.0,53.846
2025-06-12,7.0,74.539
2025-06-12,10.0,93.075
2025-06-13,3.0,35.199
2025-06-13,5.0,55.892
2025-06-13,7.0,76.786
2025-06-13,10.0,95.068
2025-06-16,3.0,33.79
2025-06-16,5.0,54.284
2025-06-16,7.0,75.176
2025-06-16,10.0,93.653
2025-06-17,3.0,35.894
2025-06-17,5.0,56.819
2025-06-17,7.0,77.321
2025-06-17,10.0,95.57
2025-06-18,3.0,35.587
2025-06-18,5.0,56.101
2025-06-18,7.0,76.887
2025-06-18,10.0,95.105
2025-06-19,3.0,35.626
2025-06-20,3.0,35.53
2025-06-20,5.0,56.013
2025-06-20,7.0,76.782
2025-06-20,10.0,95.03
2025-06-23,3.0,34.397
2025-06-23,5.0,54.692
2025-06-23,7.0,75.518
2025-06-23,10.0,93.79
2025-06-24,3.0,32.728
2025-06-24,5.0,52.799
2025-06-24,7.0,73.565
2025-06-24,10.0,92.032
2025-06-25,3.0,32.679
2025-06-25,5.0,53.402
2025-06-25,7.0,74.254
2025-06-25,10.0,92.82
2025-06-26,3.0,32.039
2025-06-26,5.0,52.492
2025-06-26,7.0,73.437
2025-06-26,10.0,92.067
2025-06-27,3.0,31.644
2025-06-27,5.0,51.991
2025-06-27,7.0,73.171
2025-06-27,10.0,91.777
2025-06-30,3.0,30.51
2025-06-30,5.0,51.058
2025-06-30,7.0,71.072
2025-06-30,10.0,90.775
2025-07-01,3.0,30.15
2025-07-01,5.0,50.559
2025-07-01,7.0,70.632
2025-07-01,10.0,90.388
2025-07-02,3.0,29.765
2025-07-02,5.0,50.178
2025-07-02,7.0,70.242
2025-07-02,10.0,90.155
2025-07-03,3.0,28.991
2025-07-03,5.0,49.305
2025-07-03,7.0,69.288
2025-07-03,10.0,89.286
2025-07-04,3.0,29.047
2025-07-07,3.0,30.05
2025-07-07,5.0,50.89
2025-07-07,7.0,70.822
2025-07-07,10.0,90.81
2025-07-08,3.0,30.526
2025-07-08,5.0,51.234
2025-07-08,7.0,71.236
2025-07-08,10.0,91.137
2025-07-09,3.0,29.505
2025-07-09,5.0,50.05
2025-07-09,7.0,70.102
2025-07-09,10.0,90.046
2025-07-10,3.0,29.223
2025-07-10,5.0,49.847
2025-07-10,7.0,69.839
2025-07-10,10.0,89.896
2025-07-11,3.0,29.913
2025-07-11,5.0,50.536
2025-07-11,7.0,70.503
2025-07-11,10.0,90.49
2025-07-14,3.0,30.152
2025-07-14,5.0,50.943
2025-07-14,7.0,70.941
2025-07-14,10.0,90.86
2025-07-15,3.0,31.134
2025-07-15,5.0,52.14
2025-07-15,7.0,72.126
2025-07-15,10.0,92.011
2025-07-16,3.0,31.075
2025-07-16,5.0,51.95
2025-07-16,7.0,71.921
2025-07-16,10.0,91.783
2025-07-17,3.0,30.044
2025-07-17,5.0,50.658
2025-07-17,7.0,70.677
2025-07-17,10.0,90.567
2025-07-18,3.0,30.24
2025-07-18,5.0,50.805
2025-07-18,7.0,70.888
2025-07-18,10.0,90.759
2025-07-21,3.0,30.465
2025-07-21,5.0,50.99
2025-07-21,7.0,71.024
2025-07-21,10.0,90.959
2025-07-22,3.0,30.547
2025-07-22,5.0,51.105
2025-07-22,7.0,71.048
2025-07-22,10.0,90.951
2025-07-23,3.0,29.631
2025-07-23,5.0,50.115
2025-07-23,7.0,70.131
2025-07-23,10.0,90.12
2025-07-24,3.0,29.751
2025-07-24,5.0,50.139
2025-07-24,7.0,70.096
2025-07-24,10.0,90.127
2025-07-25,3.0,29.548
2025-07-25,5.0,50.044
2025-07-25,7.0,69.918
2025-07-25,10.0,90.049
2025-07-28,3.0,29.891
2025-07-28,5.0,50.25
2025-07-28,7.0,70.261
2025-07-28,10.0,90.318
2025-07-29,3.0,30.491
2025-07-29,5.0,50.934
2025-07-29,7.0,70.895
2025-07-29,10.0,90.973
2025-07-30,3.0,30.351
2025-07-30,5.0,50.837
2025-07-30,7.0,70.926
2025-07-30,10.0,90.861
2025-07-31,3.0,30.834
2025-07-31,5.0,51.339
2025-07-31,7.0,71.282
2025-07-31,10.0,91.281
2025-08-01,3.0,33.301
2025-08-01,5.0,53.94
2025-08-01,7.0,73.951
2025-08-01,10.0,93.559
2025-08-04,3.0,31.504
2025-08-04,5.0,51.886
2025-08-04,7.0,71.914
2025-08-04,10.0,91.625
2025-08-05,3.0,32.031
2025-08-05,5.0,52.519
2025-08-05,7.0,72.386
2025-08-05,10.0,92.229
2025-08-06,3.0,31.51
2025-08-06,5.0,52.03
2025-08-06,7.0,71.949
2025-08-06,10.0,91.753
2025-08-07,3.0,31.45
2025-08-07,5.0,51.977
2025-08-07,7.0,71.992
2025-08-07,10.0,91.833
2025-08-08,3.0,30.563
2025-08-08,5.0,51.044
2025-08-08,7.0,71.116
2025-08-08,10.0,91.015
2025-08-11,3.0,31.016
2025-08-11,5.0,51.492
2025-08-11,7.0,71.577
2025-08-11,10.0,91.477
2025-08-12,3.0,29.667
2025-08-12,5.0,50.104
2025-08-12,7.0,70.114
2025-08-12,10.0,90.17
2025-08-13,3.0,29.145
2025-08-13,5.0,49.718
2025-08-13,7.0,69.762
2025-08-13,10.0,89.759
2025-08-14,3.0,29.602
2025-08-14,5.0,49.961
2025-08-14,7.0,70.167
2025-08-14,10.0,90.095
2025-08-15,3.0,29.524
2025-08-15,5.0,50.036
2025-08-15,7.0,70.189
2025-08-15,10.0,90.128
2025-08-18,3.0,29.547
2025-08-18,5.0,50.035
2025-08-18,7.0,70.287
2025-08-18,10.0,90.227
2025-08-19,3.0,30.038
2025-08-19,5.0,50.388
2025-08-19,7.0,70.7
2025-08-19,10.0,90.626
2025-08-20,3.0,30.235
2025-08-20,5.0,50.752
2025-08-20,7.0,71.082
2025-08-20,10.0,90.969
2025-08-21,3.0,31.136
2025-08-21,5.0,51.588
2025-08-21,7.0,71.882
2025-08-21,10.0,91.704
2025-08-22,3.0,28.883
2025-08-22,5.0,49.065
2025-08-22,7.0,69.367
2025-08-22,10.0,89.367
2025-08-25,3.0,29.241
2025-08-25,5.0,49.644
2025-08-25,7.0,69.978
2025-08-25,10.0,90.014
2025-08-26,3.0,29.224
2025-08-26,5.0,49.65
2025-08-26,7.0,69.97
2025-08-26,10.0,90.002
2025-08-27,3.0,29.829
2025-08-27,5.0,50.3
2025-08-27,7.0,70.547
2025-08-27,10.0,90.47
2025-08-28,3.0,29.571
2025-08-28,5.0,50.12
2025-08-28,7.0,70.372
2025-08-28,10.0,90.291
2025-08-29,3.0,30.308
2025-08-29,5.0,50.958
2025-08-29,7.0,71.277
2025-08-29,10.0,91.17
2025-09-01,3.0,30.321
2025-09-01,10.0,91.26
2025-09-02,3.0,31.092
2025-09-02,5.0,51.023
2025-09-02,7.0,71.552
2025-09-02,10.0,91.251
2025-09-03,3.0,30.316
2025-09-03,5.0,50.9
2025-09-03,7.0,71.3
2025-09-03,10.0,91.095
2025-09-04,3.0,30.101
2025-09-04,5.0,49.542
2025-09-04,7.0,69.859
2025-09-04,10.0,89.848
2025-09-05,3.0,30.469
2025-09-05,5.0,49.9
2025-09-05,7.0,70.307
2025-09-05,10.0,90.204
2025-09-08,3.0,30.148
2025-09-08,5.0,49.997
2025-09-08,7.0,70.284
2025-09-08,10.0,90.274
2025-09-09,3.0,29.613
2025-09-09,5.0,49.539
2025-09-09,7.0,69.954
2025-09-09,10.0,89.946
2025-09-10,3.0,29.639
2025-09-10,5.0,48.988
2025-09-10,10.0,89.439
2025-09-11,3.0,27.474
2025-09-11,5.0,47.709
2025-09-11,7.0,68.045
2025-09-11,10.0,88.299
2025-09-12,3.0,27.682
2025-09-12,5.0,47.849
2025-09-12,7.0,68.29
2025-09-12,10.0,88.456
2025-09-15,3.0,26.84
2025-09-15,5.0,46.994
2025-09-15,7.0,67.43
2025-09-15,10.0,87.6
2025-09-16,3.0,27.314
2025-09-16,5.0,47.453
2025-09-16,7.0,67.766
2025-09-16,10.0,87.978
2025-09-17,3.0,27.682
2025-09-17,5.0,47.76
2025-09-17,7.0,68.228
2025-09-17,10.0,88.326
2025-09-18,3.0,26.807
2025-09-18,5.0,46.95
2025-09-18,7.0,67.35
2025-09-18,10.0,87.487
2025-09-19,3.0,27.088
2025-09-19,5.0,47.262
2025-09-19,7.0,67.626
2025-09-19,10.0,87.517
2025-09-22,3.0,31.542
2025-09-22,5.0,51.721
2025-09-22,7.0,71.465
2025-09-22,10.0,90.688
2025-09-23,3.0,31.724
2025-09-23,5.0,52.152
2025-09-23,7.0,72.012
2025-09-23,10.0,91.279
2025-09-24,3.0,32.106
2025-09-24,5.0,52.631
2025-09-24,7.0,72.606
2025-09-24,10.0,91.574
2025-09-25,3.0,32.789
2025-09-25,5.0,53.495
2025-09-25,7.0,73.652
2025-09-25,10.0,92.416
2025-09-26,3.0,32.223
2025-09-26,5.0,52.826
2025-09-26,7.0,72.487
2025-09-26,10.0,91.701
2025-09-29,3.0,31.54
2025-09-29,5.0,52.215
2025-09-29,7.0,71.947
2025-09-29,10.0,91.14
2025-09-30,3.0,31.503
2025-09-30,5.0,52.07
2025-09-30,7.0,71.737
2025-09-30,10.0,90.994
2025-10-01,3.0,31.703
2025-10-01,5.0,52.098
2025-10-01,7.0,72.281
2025-10-01,10.0,91.113
2025-10-02,3.0,31.283
2025-10-02,5.0,51.646
2025-10-02,7.0,71.786
2025-10-02,10.0,90.59
2025-10-03,3.0,31.1
2025-10-03,5.0,51.489
2025-10-03,7.0,71.739
2025-10-03,10.0,90.535
2025-10-06,3.0,30.65
2025-10-06,5.0,50.904
2025-10-06,7.0,70.652
2025-10-06,10.0,89.982
2025-10-07,3.0,31.054
2025-10-07,5.0,51.425
2025-10-07,7.0,71.205
2025-10-07,10.0,90.5
2025-10-08,3.0,31.496
2025-10-08,5.0,51.866
2025-10-08,7.0,72.161
2025-10-08,10.0,91.033
2025-10-09,3.0,31.996
2025-10-09,5.0,52.597
2025-10-09,7.0,72.682
2025-10-09,10.0,91.423
2025-10-10,3.0,34.579
2025-10-10,5.0,56.702
2025-10-10,7.0,75.995
2025-10-10,10.0,94.952
2025-10-13,3.0,34.502
2025-10-13,7.0,74.127
2025-10-13,10.0,94.575
2025-10-14,3.0,32.67
2025-10-14,5.0,53.369
2025-10-14,7.0,73.473
2025-10-14,10.0,91.89
2025-10-15,3.0,32.3
2025-10-15,5.0,52.788
2025-10-15,7.0,73.089
2025-10-15,10.0,91.816
2025-10-16,3.0,33.966
2025-10-16,5.0,54.866
2025-10-16,7.0,74.97
2025-10-16,10.0,93.494
2025-10-17,3.0,33.248
2025-10-17,5.0,53.644
2025-10-17,7.0,73.516
2025-10-17,10.0,92.685
2025-10-20,3.0,31.874
2025-10-20,5.0,52.158
2025-10-20,7.0,71.076
2025-10-20,10.0,91.019
2025-10-21,3.0,32.237
2025-10-21,5.0,52.853
2025-10-21,7.0,71.972
2025-10-21,10.0,91.547
2025-10-22,3.0,32.605
2025-10-22,5.0,53.048
2025-10-22,7.0,72.359
2025-10-22,10.0,92.085
2025-10-23,3.0,31.787
2025-10-23,5.0,52.078
2025-10-23,7.0,71.256
2025-10-23,10.0,91.061
2025-10-24,3.0,31.183
2025-10-24,5.0,51.531
2025-10-24,7.0,70.699
2025-10-24,10.0,90.763
2025-10-27,3.0,30.018
2025-10-27,5.0,50.222
2025-10-27,7.0,69.313
2025-10-27,10.0,89.521
2025-10-28,3.0,30.442
2025-10-28,5.0,50.74
2025-10-28,7.0,69.661
2025-10-28,10.0,90.008
2025-10-29,3.0,30.841
2025-10-29,5.0,51.083
2025-10-29,7.0,69.934
2025-10-29,10.0,90.473
2025-10-30,3.0,31.67
2025-10-30,5.0,51.795
2025-10-30,7.0,71.069
2025-10-30,10.0,91.079
2025-10-31,3.0,32.272
2025-10-31,5.0,52.591
2025-10-31,7.0,71.682
2025-10-31,10.0,91.69
2025-11-03,3.0,32.812
2025-11-03,5.0,53.279
2025-11-03,7.0,71.895
2025-11-03,10.0,92.366
2025-11-04,3.0,33.368
2025-11-04,5.0,53.834
2025-11-04,7.0,73.008
2025-11-04,10.0,92.928
2025-11-05,3.0,32.369
2025-11-05,5.0,52.686
2025-11-05,7.0,71.767
2025-11-05,10.0,91.77
2025-11-06,3.0,33.126
2025-11-06,5.0,53.54
2025-11-06,7.0,72.705
2025-11-06,10.0,92.674
2025-11-07,3.0,33.064
2025-11-07,5.0,53.485
2025-11-07,7.0,72.658
2025-11-07,10.0,92.599
2025-11-10,3.0,31.594
2025-11-10,5.0,51.818
2025-11-10,7.0,70.706
2025-11-10,10.0,90.879
2025-11-11,3.0,31.594
2025-11-11,7.0,70.446
2025-11-12,3.0,31.883
2025-11-12,5.0,52.177
2025-11-12,7.0,71.247
2025-11-12,10.0,91.233
2025-11-13,3.0,32.972
2025-11-13,5.0,53.645
2025-11-13,7.0,72.362
2025-11-13,10.0,92.615
2025-11-14,3.0,32.928
2025-11-14,5.0,53.384
2025-11-14,7.0,72.528
2025-11-14,10.0,92.426
2025-11-17,3.0,33.722
2025-11-17,5.0,54.398
2025-11-17,7.0,73.209
2025-11-17,10.0,93.375
2025-11-18,3.0,34.538
2025-11-18,5.0,55.278
2025-11-18,7.0,74.068
2025-11-18,10.0,94.082
2025-11-19,3.0,33.96
2025-11-19,5.0,53.875
2025-11-19,7.0,72.892
2025-11-19,10.0,93.143
2025-11-20,3.0,35.291
2025-11-20,5.0,55.983
2025-11-20,7.0,74.964
2025-11-20,10.0,94.861
2025-11-21,3.0,34.283
2025-11-21,5.0,54.508
2025-11-21,7.0,73.285
2025-11-21,10.0,93.573
2025-11-24,3.0,32.884
2025-11-24,5.0,53.037
2025-11-24,7.0,72.057
2025-11-24,10.0,92.276
2025-11-25,3.0,32.253
2025-11-25,5.0,52.437
2025-11-25,7.0,71.28
2025-11-25,10.0,91.478
2025-11-26,3.0,31.595
2025-11-26,5.0,51.748
2025-11-26,7.0,70.57
2025-11-26,10.0,90.88
2025-11-27,3.0,31.688
2025-11-27,7.0,70.302
2025-11-28,3.0,31.238
2025-11-28,5.0,51.121
2025-11-28,7.0,70.111
2025-11-28,10.0,90.561
2025-12-01,3.0,31.244
2025-12-01,5.0,51.267
2025-12-01,7.0,70.197
2025-12-01,10.0,90.506
2025-12-02,3.0,31.023
2025-12-02,5.0,51.045
2025-12-02,7.0,69.944
2025-12-02,10.0,90.291
2025-12-03,3.0,31.04
2025-12-03,5.0,51.025
2025-12-03,7.0,69.954
2025-12-03,10.0,90.318
2025-12-04,3.0,30.553
2025-12-04,5.0,50.783
2025-12-04,7.0,69.852
2025-12-04,10.0,90.117
2025-12-05,3.0,30.3
2025-12-05,5.0,50.506
2025-12-05,7.0,69.55
2025-12-05,10.0,89.789
2025-12-08,3.0,30.713
2025-12-08,5.0,50.775
2025-12-08,7.0,70.023
2025-12-08,10.0,90.184
2025-12-09,3.0,30.75
2025-12-09,5.0,51.092
2025-12-09,7.0,70.154
2025-12-09,10.0,90.324
2025-12-10,3.0,29.77
2025-12-10,5.0,49.92
2025-12-10,7.0,68.815
2025-12-10,10.0,88.999
2025-12-11,3.0,29.634
2025-12-11,5.0,49.798
2025-12-11,7.0,69.42
2025-12-11,10.0,89.335
2025-12-12,3.0,30.429
2025-12-12,5.0,50.774
2025-12-12,7.0,70.378
2025-12-12,10.0,90.308
2025-12-15,3.0,30.437
2025-12-15,5.0,50.964
2025-12-15,7.0,70.473
2025-12-15,10.0,90.232
2025-12-16,3.0,30.622
2025-12-16,5.0,50.919
2025-12-16,7.0,70.49
2025-12-16,10.0,90.254
2025-12-17,3.0,31.416
2025-12-17,5.0,51.77
2025-12-17,7.0,71.401
2025-12-17,10.0,91.021
2025-12-18,3.0,30.604
2025-12-18,5.0,50.898
2025-12-18,7.0,70.292
2025-12-18,10.0,90.269
2025-12-19,3.0,30.523
2025-12-19,5.0,50.772
2025-12-19,7.0,70.392
2025-12-19,10.0,90.214
2025-12-22,3.0,29.956
2025-12-22,5.0,50.157
2025-12-22,7.0,69.416
2025-12-22,10.0,89.739
2025-12-23,3.0,29.729
2025-12-23,5.0,50.028
2025-12-23,7.0,69.619
2025-12-23,10.0,89.461
2025-12-24,3.0,29.695
2025-12-24,5.0,49.948
2025-12-24,7.0,69.59
2025-12-24,10.0,89.48
2025-12-25,3.0,29.706
2025-12-25,10.0,89.444
2025-12-26,3.0,29.818
2025-12-26,5.0,50.178
2025-12-26,7.0,69.765
2025-12-26,10.0,89.492
2025-12-29,3.0,30.107
2025-12-29,5.0,50.415
2025-12-29,7.0,69.878
2025-12-29,10.0,89.842
2025-12-30,3.0,29.707
2025-12-30,5.0,49.983
2025-12-30,7.0,69.583
2025-12-30,10.0,89.336
2025-12-31,3.0,29.688
2025-12-31,5.0,50.008
2025-12-31,7.0,69.591
2025-12-31,10.0,89.358
2026-01-01,3.0,29.733
2026-01-02,3.0,29.794
2026-01-02,5.0,50.105
2026-01-02,7.0,69.736
2026-01-02,10.0,89.53
2026-01-05,3.0,29.108
2026-01-05,5.0,49.255
2026-01-05,7.0,68.715
2026-01-05,10.0,88.811
2026-01-06,3.0,28.76
2026-01-06,5.0,49.094
2026-01-06,7.0,68.285
2026-01-06,10.0,88.61
2026-01-07,3.0,29.273
2026-01-07,5.0,49.619
2026-01-07,7.0,68.942
2026-01-07,10.0,89.241
2026-01-08,3.0,28.921
2026-01-08,5.0,49.223
2026-01-08,7.0,68.462
2026-01-08,10.0,88.753
2026-01-09,3.0,28.783
2026-01-09,5.0,49.111
2026-01-09,7.0,68.17
2026-01-09,10.0,88.67
2026-01-12,3.0,28.7
2026-01-12,5.0,49.085
2026-01-12,7.0,68.21
2026-01-12,10.0,88.5
2026-01-13,3.0,28.863
2026-01-13,5.0,49.174
2026-01-13,7.0,68.439
2026-01-13,10.0,88.773
2026-01-14,3.0,29.147
2026-01-14,5.0,49.51
2026-01-14,7.0,68.696
2026-01-14,10.0,88.956
2026-01-15,3.0,28.677
2026-01-15,5.0,48.994
2026-01-15,7.0,67.877
2026-01-15,10.0,88.448
2026-01-16,3.0,28.44
2026-01-16,5.0,48.67
2026-01-16,7.0,67.879
2026-01-16,10.0,88.247
2026-01-19,3.0,28.431
2026-01-19,7.0,68.002
2026-01-19,10.0,88.229
2026-01-20,3.0,29.8
2026-01-20,5.0,50.228
2026-01-20,7.0,69.52
2026-01-20,10.0,89.73
2026-01-21,3.0,28.636
2026-01-21,5.0,48.925
2026-01-21,7.0,68.061
2026-01-21,10.0,88.423
2026-01-22,3.0,28.234
2026-01-22,5.0,48.476
2026-01-22,7.0,67.675
2026-01-22,10.0,88.097
2026-01-23,3.0,28.604
2026-01-23,5.0,49.07
2026-01-23,7.0,68.197
2026-01-23,10.0,88.698
2026-01-26,3.0,28.599
2026-01-26,5.0,48.88
2026-01-26,7.0,68.097
2026-01-26,10.0,88.609
2026-01-27,3.0,28.792
2026-01-27,5.0,49.014
2026-01-27,7.0,68.174
2026-01-27,10.0,88.644
2026-01-28,3.0,28.744
2026-01-28,5.0,49.041
2026-01-28,7.0,68.24
2026-01-28,10.0,88.589
2026-01-29,3.0,28.9
2026-01-29,5.0,49.164
2026-01-29,7.0,68.412
2026-01-29,10.0,88.787
2026-01-30,3.0,29.077
2026-01-30,5.0,49.399
2026-01-30,7.0,68.603
2026-01-30,10.0,89.003
2026-02-02,3.0,28.591
2026-02-02,5.0,48.798
2026-02-02,7.0,68.013
2026-02-02,10.0,88.499
2026-02-03,3.0,29.257
2026-02-03,5.0,49.677
2026-02-03,7.0,68.837
2026-02-03,10.0,89.103
2026-02-04,3.0,29.614
2026-02-04,5.0,49.913
2026-02-04,7.0,69.092
2026-02-04,10.0,89.632
2026-02-05,3.0,31.216
2026-02-05,5.0,52.336
2026-02-05,7.0,71.47
2026-02-05,10.0,91.814
2026-02-06,3.0,29.855
2026-02-06,5.0,50.336
2026-02-06,7.0,69.407
2026-02-06,10.0,89.871
2026-02-09,3.0,29.653
2026-02-09,5.0,49.943
2026-02-09,7.0,69.114
2026-02-09,10.0,89.53
2026-02-10,3.0,30.21
2026-02-10,5.0,50.446
2026-02-10,7.0,69.562
2026-02-10,10.0,90.141
2026-02-11,3.0,30.114
2026-02-11,5.0,50.358
2026-02-11,7.0,69.534
2026-02-11,10.0,89.937
2026-02-12,3.0,31.257
2026-02-12,5.0,51.442
2026-02-12,7.0,70.722
2026-02-12,10.0,91.254
2026-02-13,3.0,31.714
2026-02-13,5.0,52.206
2026-02-13,7.0,71.454
2026-02-13,10.0,91.871
2026-02-16,3.0,31.559
2026-02-16,7.0,71.063
2026-02-16,10.0,91.911
2026-02-17,3.0,32.222
2026-02-17,5.0,52.434
2026-02-17,7.0,71.525
2026-02-17,10.0,91.844
2026-02-18,3.0,31.49
2026-02-18,5.0,51.636
2026-02-18,7.0,70.582
2026-02-18,10.0,91.157
2026-02-19,3.0,31.644
2026-02-19,5.0,51.848
2026-02-19,7.0,70.921
2026-02-19,10.0,91.342
2026-02-20,3.0,31.357
2026-02-20,5.0,51.364
2026-02-20,7.0,70.405
2026-02-20,10.0,90.903
2026-02-23,3.0,32.266
2026-02-23,5.0,52.448
2026-02-23,7.0,71.678
2026-02-23,10.0,92.023
2026-02-24,3.0,32.552
2026-02-24,5.0,52.935
2026-02-24,7.0,71.942
2026-02-24,10.0,92.536
2026-02-25,3.0,32.095
2026-02-25,5.0,51.942
2026-02-25,7.0,71.429
2026-02-25,10.0,92.018
2026-02-26,3.0,33.116
2026-02-26,5.0,53.739
2026-02-26,7.0,72.655
2026-02-26,10.0,93.221
2026-02-27,3.0,35.215
2026-02-27,5.0,55.951
2026-02-27,7.0,75.205
2026-02-27,10.0,95.448
2026-03-02,3.0,34.643
2026-03-02,5.0,54.675
2026-03-02,7.0,73.637
2026-03-02,10.0,94.19
2026-03-03,3.0,35.003
2026-03-03,5.0,55.748
2026-03-03,7.0,74.378
2026-03-03,10.0,94.404
2026-03-04,3.0,33.751
2026-03-04,5.0,53.842
2026-03-04,7.0,72.712
2026-03-04,10.0,93.32
2026-03-05,3.0,35.434
2026-03-05,5.0,55.946
2026-03-05,7.0,74.932
2026-03-05,10.0,95.383
2026-03-06,3.0,37.891
2026-03-06,5.0,58.455
2026-03-06,7.0,77.179
2026-03-06,10.0,97.644
2026-03-09,3.0,35.312
2026-03-09,5.0,55.034
2026-03-09,7.0,74.497
2026-03-09,10.0,94.364
2026-03-10,3.0,35.54
2026-03-10,5.0,55.88
2026-03-10,7.0,74.752
2026-03-10,10.0,95.097
2026-03-11,3.0,36.727
2026-03-11,5.0,57.332
2026-03-11,7.0,76.476
2026-03-11,10.0,96.445
2026-03-12,3.0,39.644
2026-03-12,5.0,60.519
2026-03-12,7.0,79.399
2026-03-12,10.0,99.671
2026-03-13,3.0,40.459
2026-03-13,5.0,61.782
2026-03-13,7.0,80.956
2026-03-13,10.0,100.82
2026-03-16,3.0,38.681
2026-03-16,5.0,59.423
2026-03-16,7.0,78.333
2026-03-16,10.0,98.294
2026-03-17,3.0,36.823
2026-03-17,5.0,57.09
2026-03-17,7.0,76.21
2026-03-17,10.0,96.418
2026-03-18,3.0,39.62
2026-03-18,5.0,60.603
2026-03-18,7.0,77.46
2026-03-18,10.0,99.582
2026-03-19,3.0,38.226
2026-03-19,5.0,58.656
2026-03-19,7.0,78.584
2026-03-19,10.0,97.7
2026-03-20,3.0,44.701
2026-03-20,5.0,66.409
2026-03-20,7.0,84.017
2026-03-20,10.0,102.967
2026-03-23,3.0,41.916
2026-03-23,5.0,62.843
2026-03-23,7.0,80.62
2026-03-23,10.0,100.024
2026-03-24,3.0,41.139
2026-03-24,5.0,61.271
2026-03-24,7.0,79.561
2026-03-24,10.0,98.774
2026-03-25,3.0,41.522
2026-03-25,5.0,62.704
2026-03-25,7.0,80.352
2026-03-25,10.0,99.771
2026-03-26,3.0,43.74
2026-03-26,5.0,64.987
2026-03-26,7.0,82.736
2026-03-26,10.0,102.115
2026-03-27,3.0,45.812
2026-03-27,5.0,67.399
2026-03-27,7.0,85.318
2026-03-27,10.0,104.503
2026-03-30,3.0,46.151
2026-03-30,5.0,67.746
2026-03-30,7.0,84.399
2026-03-30,10.0,104.518
2026-03-31,3.0,42.044
2026-03-31,5.0,63.159
2026-03-31,7.0,79.95
2026-03-31,10.0,100.287
2026-04-01,3.0,39.8
2026-04-01,5.0,60.584
2026-04-01,7.0,77.357
2026-04-01,10.0,97.87
2026-04-02,3.0,39.15
2026-04-02,5.0,59.936
2026-04-02,7.0,76.628
2026-04-02,10.0,97.388
2026-04-03,3.0,39.847
2026-04-03,5.0,60.845
2026-04-03,7.0,77.491
2026-04-03,10.0,98.429
2026-04-06,3.0,38.597
2026-04-06,5.0,59.216
2026-04-06,7.0,76.455
2026-04-06,10.0,96.806
2026-04-07,3.0,38.723
2026-04-07,5.0,59.314
2026-04-07,7.0,76.633
2026-04-07,10.0,96.967
2026-04-08,3.0,35.372
2026-04-08,5.0,55.847
2026-04-08,7.0,73.008
2026-04-08,10.0,93.873
2026-04-09,3.0,34.79
2026-04-09,5.0,54.938
2026-04-09,7.0,72.258
2026-04-09,10.0,93.272
2026-04-10,3.0,35.651
2026-04-10,5.0,55.838
2026-04-10,7.0,73.267
2026-04-10,10.0,94.579
2026-04-13,3.0,34.543
2026-04-13,5.0,54.646
2026-04-13,7.0,71.966
2026-04-13,10.0,92.827
2026-04-14,3.0,34.279
2026-04-14,5.0,54.12
2026-04-14,7.0,71.701
2026-04-14,10.0,92.824
2026-04-15,3.0,34.099
2026-04-15,5.0,53.895
2026-04-15,7.0,71.127
2026-04-15,10.0,92.685
2026-04-16,3.0,34.301
2026-04-16,5.0,54.867
2026-04-16,7.0,72.534
2026-04-16,10.0,93.31
2026-04-17,3.0,32.815
2026-04-17,5.0,53.167
2026-04-17,7.0,70.893
2026-04-17,10.0,92.227
2026-04-20,3.0,33.093
2026-04-20,5.0,53.486
2026-04-20,7.0,71.33
2026-04-20,10.0,92.938
2026-04-21,3.0,33.667
2026-04-21,5.0,54.087
2026-04-21,7.0,71.995
2026-04-21,10.0,93.46
2026-04-22,3.0,33.329
2026-04-22,5.0,54.092
2026-04-22,7.0,71.757
2026-04-22,10.0,93.243
2026-04-23,3.0,33.799
2026-04-23,5.0,54.65
2026-04-23,7.0,72.375
2026-04-23,10.0,93.682
2026-04-24,3.0,33.89
2026-04-24,5.0,54.603
2026-04-24,7.0,72.47
2026-04-24,10.0,93.802
2026-04-27,3.0,33.724
2026-04-27,5.0,54.378
2026-04-27,7.0,72.535
2026-04-27,10.0,93.623
2026-04-28,3.0,34.248
2026-04-28,5.0,55.031
2026-04-28,7.0,73.174
2026-04-28,10.0,94.384
2026-04-29,3.0,35.186
2026-04-29,5.0,56.121
2026-04-29,7.0,74.175
2026-04-29,10.0,95.313
2026-04-30,3.0,33.894
2026-04-30,5.0,54.41
2026-04-30,7.0,72.463
2026-04-30,10.0,93.717
2026-05-01,3.0,33.662
2026-05-01,5.0,54.131
2026-05-01,7.0,71.997
2026-05-01,10.0,93.408
2026-05-04,3.0,34.286
2026-05-04,5.0,54.866
2026-05-04,7.0,73.004
2026-05-04,10.0,94.291
2026-05-05,3.0,33.405
2026-05-05,5.0,54.067
2026-05-05,7.0,72.12
2026-05-05,10.0,93.287
2026-05-06,3.0,32.247
2026-05-06,5.0,52.698
2026-05-06,7.0,70.854
2026-05-06,10.0,92.136
2026-05-07,3.0,33.269
2026-05-07,5.0,53.626
2026-05-07,7.0,71.911
2026-05-07,10.0,93.008
2026-05-08,3.0,32.406
2026-05-08,5.0,52.721
2026-05-08,7.0,71.019
2026-05-08,10.0,92.367
2026-05-11,3.0,32.943
2026-05-11,5.0,53.383
2026-05-11,7.0,71.595
2026-05-11,10.0,92.762
2026-05-12,3.0,33.248
2026-05-12,5.0,53.673
2026-05-12,7.0,71.857
2026-05-12,10.0,92.977
2026-05-13,3.0,32.56
2026-05-13,5.0,53.094
2026-05-13,7.0,71.322
2026-05-13,10.0,92.496
2026-05-14,3.0,32.63
2026-05-14,5.0,53.193
2026-05-14,7.0,71.421
2026-05-14,10.0,92.758
2026-05-15,3.0,33.384
2026-05-15,5.0,54.134
2026-05-15,7.0,72.234
2026-05-15,10.0,93.57
2026-05-18,3.0,33.058
2026-05-18,5.0,53.722
2026-05-18,7.0,71.982
2026-05-18,10.0,93.041
2026-05-19,3.0,33.625
2026-05-19,5.0,54.54
2026-05-19,7.0,72.823
2026-05-19,10.0,93.897
2026-05-20,3.0,32.481
2026-05-20,5.0,53.285
2026-05-20,7.0,71.489
2026-05-20,10.0,92.714
2026-05-21,3.0,32.053
2026-05-21,5.0,52.721
2026-05-21,7.0,71.046
2026-05-21,10.0,92.269
2026-05-22,3.0,31.695
2026-05-22,5.0,52.394
2026-05-22,7.0,70.617
2026-05-22,10.0,91.804
2026-05-25,10.0,91.802
2026-05-26,3.0,31.213
2026-05-26,5.0,51.71
2026-05-26,7.0,70.094
2026-05-26,10.0,91.356
2026-05-27,3.0,30.893
2026-05-27,5.0,51.458
2026-05-27,7.0,69.757
2026-05-27,10.0,91.14
2026-05-28,3.0,30.488
2026-05-28,5.0,51.004
2026-05-28,7.0,69.352
2026-05-28,10.0,90.634
2026-05-29,3.0,29.992
2026-05-29,5.0,50.478
2026-05-29,7.0,68.796
2026-05-29,10.0,90.1
2026-06-01,3.0,30.372
2026-06-01,5.0,50.736
2026-06-01,7.0,68.72
2026-06-01,10.0,90.445
2026-06-02,3.0,30.11
2026-06-02,5.0,50.48
2026-06-02,7.0,68.41
2026-06-02,10.0,90.075
2026-06-03,3.0,30.524
2026-06-03,5.0,51.32
2026-06-03,7.0,69.335
2026-06-03,10.0,90.895
2026-06-04,3.0,30.195
2026-06-04,5.0,50.9
2026-06-04,7.0,68.994
2026-06-04,10.0,90.59
2026-06-05,3.0,31.569
2026-06-05,5.0,52.479
2026-06-05,7.0,70.526
2026-06-05,10.0,92.032
2026-06-08,3.0,31.127
2026-06-08,5.0,51.959
2026-06-08,7.0,70.017
2026-06-08,10.0,91.656
2026-06-09,3.0,30.79
2026-06-09,5.0,51.552
2026-06-09,7.0,69.68
2026-06-09,10.0,91.247
2026-06-10,3.0,31.728
2026-06-10,5.0,52.612
2026-06-10,7.0,70.714
2026-06-10,10.0,92.156
2026-06-11,3.0,30.313
2026-06-11,5.0,50.916
2026-06-11,7.0,69.108
2026-06-11,10.0,90.694
2026-06-12,3.0,29.871
2026-06-12,5.0,50.48
2026-06-12,7.0,68.643
2026-06-12,10.0,90.271
2026-06-15,3.0,29.347
2026-06-15,5.0,49.815
2026-06-15,7.0,68.035
2026-06-15,10.0,89.783
2026-06-16,3.0,29.782
2026-06-16,5.0,50.318
2026-06-16,7.0,68.44
2026-06-16,10.0,90.257
2026-06-17,3.0,30.797
2026-06-17,5.0,51.499
2026-06-17,7.0,69.722
2026-06-17,10.0,91.357
2026-06-18,3.0,29.777
2026-06-18,5.0,50.283
2026-06-18,7.0,68.434
2026-06-18,10.0,90.25
2026-06-19,3.0,29.94
2026-06-19,7.0,68.596
2026-06-19,10.0,90.396
2026-06-22,3.0,29.725
2026-06-22,5.0,50.23
2026-06-22,7.0,68.525
2026-06-22,10.0,90.192
2026-06-23,3.0,30.223
2026-06-23,5.0,50.892
2026-06-23,7.0,69.098
2026-06-23,10.0,90.762
2026-06-24,3.0,30.407
2026-06-24,5.0,50.913
2026-06-24,7.0,69.255
2026-06-24,10.0,91.014
2026-06-25,3.0,30.528
2026-06-25,5.0,51.083
2026-06-25,7.0,69.384
2026-06-25,10.0,91.159
2026-06-26,3.0,30.793
2026-06-26,5.0,51.29
2026-06-26,7.0,69.563
2026-06-26,10.0,91.158
2026-06-29,3.0,30.157
2026-06-29,5.0,50.69
2026-06-29,7.0,68.927
2026-06-29,10.0,90.657
2026-06-30,3.0,30.387
2026-06-30,5.0,51.065
2026-06-30,7.0,69.227
2026-06-30,10.0,90.904
2026-07-01,3.0,30.208
2026-07-01,5.0,50.647
2026-07-01,7.0,68.998
2026-07-01,10.0,90.645
2026-07-02,3.0,29.953
2026-07-02,5.0,50.371
2026-07-02,7.0,68.658
2026-07-02,10.0,90.367
2026-07-03,3.0,29.681
2026-07-03,7.0,68.403
2026-07-03,10.0,90.112
2026-07-06,3.0,29.281
2026-07-06,5.0,49.763
2026-07-06,7.0,68.09
2026-07-06,10.0,89.813
2026-07-07,3.0,29.873
2026-07-07,5.0,50.463
2026-07-07,7.0,68.853
2026-07-07,10.0,90.557
2026-07-08,3.0,30.58
2026-07-08,5.0,51.281
2026-07-08,7.0,69.492
2026-07-08,10.0,91.04
2026-07-09,3.0,30.172
2026-07-09,5.0,50.706
2026-07-09,7.0,69.054
2026-07-09,10.0,90.61
2026-07-10,3.0,30.503
2026-07-10,5.0,51.108
2026-07-10,7.0,69.458
2026-07-10,10.0,91.026
2026-07-13,3.0,31.458
2026-07-13,5.0,52.109
2026-07-13,7.0,70.405
2026-07-13,10.0,91.979
2026-07-14,3.0,31.11
2026-07-14,5.0,51.673
2026-07-14,7.0,70.015
2026-07-14,10.0,91.515
2026-07-15,3.0,30.44
2026-07-15,5.0,50.89
2026-07-15,7.0,69.127
2026-07-15,10.0,90.791
2026-07-16,3.0,30.912
2026-07-16,5.0,51.453
2026-07-16,7.0,69.844
2026-07-16,10.0,91.434
2026-07-17,3.0,31.688
2026-07-17,5.0,52.29
2026-07-17,7.0,70.668
2026-07-17,10.0,92.291
2026-07-20,3.0,31.583
2026-07-20,5.0,52.163
2026-07-20,7.0,70.554
2026-07-20,10.0,92.153
2026-07-21,3.0,31.195
2026-07-21,5.0,51.735
2026-07-21,7.0,70.209
2026-07-21,10.0,91.712
2026-07-22,3.0,31.416
2026-07-22,5.0,51.97
2026-07-22,7.0,70.367
2026-07-22,10.0,91.984
2026-07-23,3.0,32.809
2026-07-23,5.0,53.539
2026-07-23,7.0,72.372
2026-07-23,10.0,93.273
2026-07-24,3.0,32.91
2026-07-24,5.0,53.531
2026-07-24,7.0,71.879
2026-07-24,10.0,93.456
2026-07-27,3.0,32.245
2026-07-27,5.0,52.977
2026-07-27,7.0,71.591
2026-07-27,10.0,92.802
2026-07-28,3.0,32.397
2026-07-28,5.0,53.159
2026-07-28,7.0,71.846
2026-07-28,10.0,93.208
2026-07-29,3.0,33.58
2026-07-29,5.0,54.7
2026-07-29,7.0,72.726
2026-07-29,10.0,94.022
2026-07-30,3.0,32.284
2026-07-30,5.0,53.101
2026-07-30,7.0,71.593
2026-07-30,10.0,92.926
2026-07-31,3.0,32.283
2026-07-31,5.0,52.845
2026-07-31,7.0,71.541
2026-07-31,10.0,92.665
2026-08-03,3.0,30.737
2026-08-03,5.0,51.339
2026-08-03,7.0,69.927
2026-08-03,10.0,91.228
2026-08-04,3.0,30.159
2026-08-04,5.0,50.66
2026-08-04,7.0,69.218
2026-08-04,10.0,90.663
2026-08-05,3.0,30.585
2026-08-05,5.0,51.125
2026-08-05,7.0,69.663
2026-08-05,10.0,91.191
2026-08-06,3.0,30.568
2026-08-06,5.0,51.203
2026-08-06,7.0,69.47
2026-08-06,10.0,91.145
2026-08-07,3.0,30.253
2026-08-07,5.0,50.833
2026-08-07,7.0,69.114
2026-08-07,10.0,90.878
2026-08-10,3.0,31.198
2026-08-10,5.0,51.789
2026-08-10,7.0,69.99
2026-08-10,10.0,91.78
2026-08-11,3.0,30.892
2026-08-11,5.0,51.574
2026-08-11,7.0,69.944
2026-08-11,10.0,91.648
2026-08-12,3.0,30.626
2026-08-12,5.0,51.241
2026-08-12,7.0,69.539
2026-08-12,10.0,91.4
2026-08-13,3.0,30.133
2026-08-13,5.0,50.665
2026-08-13,7.0,68.979
2026-08-13,10.0,90.895
2026-08-14,3.0,30.204
2026-08-14,5.0,50.824
2026-08-14,7.0,69.172
2026-08-14,10.0,90.998
2026-08-17,3.0,30.74
2026-08-17,5.0,51.37
2026-08-17,7.0,69.754
2026-08-17,10.0,91.695
2026-08-18,3.0,31.218
2026-08-18,5.0,51.82
2026-08-18,7.0,70.253
2026-08-18,10.0,92.157
2026-08-19,3.0,30.512
2026-08-19,5.0,51.035
2026-08-19,7.0,69.415
2026-08-19,10.0,91.405
2026-08-20,3.0,31.014
2026-08-20,5.0,51.473
2026-08-20,7.0,69.823
2026-08-20,10.0,91.833
2026-08-21,3.0,30.33
2026-08-21,5.0,50.894
2026-08-21,7.0,69.242
2026-08-21,10.0,91.219
2026-08-24,3.0,30.145
2026-08-24,5.0,50.658
2026-08-24,7.0,69.05
2026-08-24,10.0,91.086
2026-08-25,3.0,29.872
2026-08-25,5.0,50.249
2026-08-25,7.0,68.654
2026-08-25,10.0,90.753
2026-08-26,3.0,29.616
2026-08-26,5.0,49.981
2026-08-26,7.0,68.31
2026-08-26,10.0,90.415
2026-08-27,3.0,29.779
2026-08-27,5.0,50.149
2026-08-27,7.0,68.497
2026-08-27,10.0,90.584
2026-08-28,3.0,29.73
2026-08-28,5.0,50.274
2026-08-28,7.0,68.7
2026-08-28,10.0,90.736
2026-08-31,3.0,29.698
2026-08-31,5.0,50.267
2026-08-31,7.0,68.698
2026-08-31,10.0,90.771
