date,years,rate_pct
2020-01-02,1.0,1.523
2020-01-02,3.0,1.433
2020-01-02,5.0,1.4675
2020-01-02,7.0,1.527
2020-01-02,10.0,1.615
2020-01-03,1.0,1.502
2020-01-03,3.0,1.371
2020-01-03,5.0,1.385
2020-01-03,7.0,1.438
2020-01-03,10.0,1.516
2020-01-06,1.0,1.508
2020-01-06,3.0,1.367
2020-01-06,5.0,1.3805
2020-01-06,7.0,1.431
2020-01-06,10.0,1.518
2020-01-07,1.0,1.49698
2020-01-07,3.0,1.375
2020-01-07,5.0,1.39125
2020-01-07,7.0,1.444
2020-01-07,10.0,1.529
2020-01-08,1.0,1.523
2020-01-08,3.0,1.422
2020-01-08,5.0,1.445
2020-01-08,7.0,1.497
2020-01-08,10.0,1.584
2020-01-09,1.0,1.518
2020-01-09,3.0,1.417
2020-01-09,5.0,1.43
2020-01-09,7.0,1.483
2020-01-09,10.0,1.5705
2020-01-10,1.0,1.515
2020-01-10,3.0,1.403
2020-01-10,5.0,1.412
2020-01-10,7.0,1.457
2020-01-10,10.0,1.536
2020-01-13,1.0,1.5218
2020-01-13,3.0,1.416
2020-01-13,5.0,1.4225
2020-01-13,7.0,1.4745
2020-01-13,10.0,1.556
2020-01-14,1.0,1.5175
2020-01-14,3.0,1.39725
2020-01-14,5.0,1.40525
2020-01-14,7.0,1.456
2020-01-14,10.0,1.534
2020-01-15,1.0,1.5146
2020-01-15,3.0,1.3882
2020-01-15,5.0,1.392
2020-01-15,7.0,1.4355
2020-01-15,10.0,1.5159
2020-01-16,1.0,1.5135
2020-01-16,3.0,1.3993
2020-01-16,5.0,1.405
2020-01-16,7.0,1.44625
2020-01-16,10.0,1.5226
2020-01-17,1.0,1.5122
2020-01-17,3.0,1.3973
2020-01-17,5.0,1.40925
2020-01-17,7.0,1.452
2020-01-17,10.0,1.535
2020-01-20,1.0,1.5116
2020-01-20,3.0,1.3977
2020-01-20,5.0,1.4105
2020-01-20,7.0,1.4496
2020-01-20,10.0,1.5226
2020-01-21,1.0,1.495
2020-01-21,3.0,1.366
2020-01-21,5.0,1.368
2020-01-21,7.0,1.412
2020-01-21,10.0,1.496
2020-01-22,1.0,1.495
2020-01-22,3.0,1.361
2020-01-22,5.0,1.366
2020-01-22,7.0,1.408
2020-01-22,10.0,1.481
2020-01-23,1.0,1.4798
2020-01-23,3.0,1.337
2020-01-23,5.0,1.3325
2020-01-23,7.0,1.371
2020-01-23,10.0,1.442
2020-01-24,1.0,1.476
2020-01-24,3.0,1.31
2020-01-24,5.0,1.297
2020-01-24,7.0,1.333
2020-01-24,10.0,1.402
2020-01-27,1.0,1.4335
2020-01-27,3.0,1.235
2020-01-27,5.0,1.219
2020-01-27,7.0,1.25
2020-01-27,10.0,1.319
2020-01-28,1.0,1.459
2020-01-28,3.0,1.272
2020-01-28,5.0,1.262
2020-01-28,7.0,1.297
2020-01-28,10.0,1.3715
2020-01-29,1.0,1.435
2020-01-29,3.0,1.2125
2020-01-29,5.0,1.191
2020-01-29,7.0,1.226
2020-01-29,10.0,1.305
2020-01-30,1.0,1.4275
2020-01-30,3.0,1.2139
2020-01-30,5.0,1.1925
2020-01-30,7.0,1.227
2020-01-30,10.0,1.303
2020-01-31,1.0,1.3435
2020-01-31,3.0,1.1198
2020-01-31,5.0,1.106
2020-01-31,7.0,1.145
2020-01-31,10.0,1.2245
2020-02-03,1.0,1.3875
2020-02-03,3.0,1.1635
2020-02-03,5.0,1.147
2020-02-03,7.0,1.179
2020-02-03,10.0,1.2615
2020-02-04,1.0,1.432
2020-02-04,3.0,1.232
2020-02-04,5.0,1.2165
2020-02-04,7.0,1.252
2020-02-04,10.0,1.329
2020-02-05,1.0,1.455
2020-02-05,3.0,1.278
2020-02-05,5.0,1.2695
2020-02-05,7.0,1.311
2020-02-05,10.0,1.3895
2020-02-06,1.0,1.453
2020-02-06,3.0,1.28
2020-02-06,5.0,1.2735
2020-02-06,7.0,1.311
2020-02-06,10.0,1.3855
2020-02-07,1.0,1.422
2020-02-07,3.0,1.231
2020-02-07,5.0,1.225
2020-02-07,7.0,1.262
2020-02-07,10.0,1.335
2020-02-10,1.0,1.4095
2020-02-10,3.0,1.212
2020-02-10,5.0,1.205
2020-02-10,7.0,1.239
2020-02-10,10.0,1.312
2020-02-11,1.0,1.421
2020-02-11,3.0,1.24
2020-02-11,5.0,1.232
2020-02-11,7.0,1.267
2020-02-11,10.0,1.341
2020-02-12,1.0,1.4349
2020-02-12,3.0,1.2687
2020-02-12,5.0,1.2693
2020-02-12,7.0,1.3052
2020-02-12,10.0,1.3761
2020-02-13,1.0,1.4209
2020-02-13,3.0,1.2526
2020-02-13,5.0,1.2462
2020-02-13,7.0,1.2797
2020-02-13,10.0,1.3481
2020-02-14,1.0,1.403
2020-02-14,3.0,1.2277
2020-02-14,5.0,1.2124
2020-02-14,7.0,1.2445
2020-02-14,10.0,1.3107
2020-02-17,1.0,1.4029
2020-02-17,3.0,1.229
2020-02-17,5.0,1.2124
2020-02-17,7.0,1.2435
2020-02-17,10.0,1.3107
2020-02-18,1.0,1.3861
2020-02-18,3.0,1.2009
2020-02-18,5.0,1.1853
2020-02-18,7.0,1.2145
2020-02-18,10.0,1.2765
2020-02-19,1.0,1.4062
2020-02-19,3.0,1.2164
2020-02-19,5.0,1.1974
2020-02-19,7.0,1.2205
2020-02-19,10.0,1.2786
2020-02-20,1.0,1.379
2020-02-20,3.0,1.1723
2020-02-20,5.0,1.15
2020-02-20,7.0,1.172
2020-02-20,10.0,1.2231
2020-02-21,1.0,1.343
2020-02-21,3.0,1.1233
2020-02-21,5.0,1.101
2020-02-21,7.0,1.121
2020-02-21,10.0,1.177
2020-02-24,1.0,1.26
2020-02-24,3.0,1.0265
2020-02-24,5.0,1.0005
2020-02-24,7.0,1.024
2020-02-24,10.0,1.0875
2020-02-25,1.0,1.2445
2020-02-25,3.0,1.008
2020-02-25,5.0,0.9849
2020-02-25,7.0,1.008
2020-02-25,10.0,1.071
2020-02-26,1.0,1.1893
2020-02-26,3.0,0.9751
2020-02-26,5.0,0.9698
2020-02-26,7.0,1.002
2020-02-26,10.0,1.0726
2020-02-27,1.0,1.044
2020-02-27,3.0,0.861
2020-02-27,5.0,0.867
2020-02-27,7.0,0.903
2020-02-27,10.0,0.975
2020-02-28,1.0,0.91
2020-02-28,3.0,0.725
2020-02-28,5.0,0.748
2020-02-28,7.0,0.788
2020-02-28,10.0,0.8745
2020-03-02,1.0,0.8482
2020-03-02,3.0,0.7429
2020-03-02,5.0,0.792
2020-03-02,7.0,0.8368
2020-03-02,10.0,0.916
2020-03-03,1.0,0.5858
2020-03-03,3.0,0.5303
2020-03-03,5.0,0.5867
2020-03-03,7.0,0.654
2020-03-03,10.0,0.7499
2020-03-04,1.0,0.5841
2020-03-04,3.0,0.5587
2020-03-04,5.0,0.6277
2020-03-04,7.0,0.7073
2020-03-04,10.0,0.814
2020-03-05,1.0,0.4481
2020-03-05,3.0,0.4486
2020-03-05,5.0,0.5389
2020-03-05,7.0,0.6056
2020-03-05,10.0,0.673
2020-03-06,1.0,0.3615
2020-03-06,3.0,0.404
2020-03-06,5.0,0.482
2020-03-06,7.0,0.543
2020-03-06,10.0,0.618
2020-03-09,1.0,0.1955
2020-03-09,3.0,0.2402
2020-03-09,5.0,0.3263
2020-03-09,7.0,0.3573
2020-03-09,10.0,0.3887
2020-03-10,1.0,0.316
2020-03-10,3.0,0.39
2020-03-10,5.0,0.483
2020-03-10,7.0,0.548
2020-03-10,10.0,0.6045
2020-03-11,1.0,0.1985
2020-03-11,3.0,0.3235
2020-03-11,5.0,0.5043
2020-03-11,7.0,0.5802
2020-03-11,10.0,0.6499
2020-03-12,1.0,0.131
2020-03-12,3.0,0.2637
2020-03-12,5.0,0.4113
2020-03-12,7.0,0.4934
2020-03-12,10.0,0.5837
2020-03-13,1.0,0.147
2020-03-13,3.0,0.331
2020-03-13,5.0,0.511
2020-03-13,7.0,0.622
2020-03-13,10.0,0.7039
2020-03-16,1.0,0.1206
2020-03-16,3.0,0.2164
2020-03-16,5.0,0.3442
2020-03-16,7.0,0.4315
2020-03-16,10.0,0.5062
2020-03-17,1.0,0.1486
2020-03-17,3.0,0.3437
2020-03-17,5.0,0.531
2020-03-17,7.0,0.6465
2020-03-17,10.0,0.739
2020-03-18,1.0,0.14
2020-03-18,3.0,0.3114
2020-03-18,5.0,0.5254
2020-03-18,7.0,0.6741
2020-03-18,10.0,0.8029
2020-03-19,1.0,0.115
2020-03-19,3.0,0.2355
2020-03-19,5.0,0.3854
2020-03-19,7.0,0.5457
2020-03-19,10.0,0.6974
2020-03-20,1.0,0.0894
2020-03-20,3.0,0.1534
2020-03-20,5.0,0.2308
2020-03-20,7.0,0.355
2020-03-20,10.0,0.4636
2020-03-23,1.0,0.0785
2020-03-23,3.0,0.139
2020-03-23,5.0,0.208
2020-03-23,7.0,0.317
2020-03-23,10.0,0.421
2020-03-24,1.0,0.089
2020-03-24,3.0,0.1895
2020-03-24,5.0,0.3
2020-03-24,7.0,0.381
2020-03-24,10.0,0.4765
2020-03-25,1.0,0.07
2020-03-25,3.0,0.199
2020-03-25,5.0,0.3156
2020-03-25,7.0,0.4231
2020-03-25,10.0,0.547
2020-03-26,1.0,0.0593
2020-03-26,3.0,0.1688
2020-03-26,5.0,0.3096
2020-03-26,7.0,0.4099
2020-03-26,10.0,0.51
2020-03-27,1.0,0.054
2020-03-27,3.0,0.1214
2020-03-27,5.0,0.2115
2020-03-27,7.0,0.292
2020-03-27,10.0,0.376
2020-03-30,1.0,0.0674
2020-03-30,3.0,0.1401
2020-03-30,5.0,0.25
2020-03-30,7.0,0.3602
2020-03-30,10.0,0.4649
2020-03-31,1.0,0.07
2020-03-31,3.0,0.1316
2020-03-31,5.0,0.237
2020-03-31,7.0,0.3397
2020-03-31,10.0,0.4507
2020-04-01,1.0,0.0633
2020-04-01,3.0,0.1224
2020-04-01,5.0,0.2282
2020-04-01,7.0,0.3161
2020-04-01,10.0,0.414
2020-04-02,1.0,0.0694
2020-04-02,3.0,0.1225
2020-04-02,5.0,0.226
2020-04-02,7.0,0.312
2020-04-02,10.0,0.3962
2020-04-03,1.0,0.068
2020-04-03,3.0,0.1275
2020-04-03,5.0,0.232
2020-04-03,7.0,0.311
2020-04-03,10.0,0.403
2020-04-06,1.0,0.0712
2020-04-06,3.0,0.157
2020-04-06,5.0,0.2748
2020-04-06,7.0,0.3646
2020-04-06,10.0,0.4568
2020-04-07,1.0,0.0733
2020-04-07,3.0,0.1736
2020-04-07,5.0,0.3
2020-04-07,7.0,0.4035
2020-04-07,10.0,0.5068
2020-04-08,1.0,0.0702
2020-04-08,3.0,0.167
2020-04-08,5.0,0.3116
2020-04-08,7.0,0.4355
2020-04-08,10.0,0.5567
2020-04-09,1.0,0.0667
2020-04-09,3.0,0.1459
2020-04-09,5.0,0.2786
2020-04-09,7.0,0.4102
2020-04-09,10.0,0.557
2020-04-10,1.0,0.0582
2020-04-10,3.0,0.1463
2020-04-10,5.0,0.2786
2020-04-10,7.0,0.421
2020-04-10,10.0,0.573
2020-04-13,1.0,0.0741
2020-04-13,3.0,0.1573
2020-04-13,5.0,0.311
2020-04-13,7.0,0.4472
2020-04-13,10.0,0.5838
2020-04-14,1.0,0.084
2020-04-14,3.0,0.1461
2020-04-14,5.0,0.289
2020-04-14,7.0,0.427
2020-04-14,10.0,0.5713
2020-04-15,1.0,0.0737
2020-04-15,3.0,0.1062
2020-04-15,5.0,0.2034
2020-04-15,7.0,0.3183
2020-04-15,10.0,0.4433
2020-04-16,1.0,0.0763
2020-04-16,3.0,0.1161
2020-04-16,5.0,0.2165
2020-04-16,7.0,0.328
2020-04-16,10.0,0.4451
2020-04-17,1.0,0.0661
2020-04-17,3.0,0.105
2020-04-17,5.0,0.213
2020-04-17,7.0,0.3277
2020-04-17,10.0,0.456
2020-04-20,1.0,0.0646
2020-04-20,3.0,0.0962
2020-04-20,5.0,0.188
2020-04-20,7.0,0.293
2020-04-20,10.0,0.4125
2020-04-21,1.0,0.06
2020-04-21,3.0,0.0866
2020-04-21,5.0,0.1694
2020-04-21,7.0,0.2635
2020-04-21,10.0,0.3695
2020-04-22,1.0,0.064
2020-04-22,3.0,0.0934
2020-04-22,5.0,0.1851
2020-04-22,7.0,0.283
2020-04-22,10.0,0.3931
2020-04-23,1.0,0.0604
2020-04-23,3.0,0.0866
2020-04-23,5.0,0.1738
2020-04-23,7.0,0.264
2020-04-23,10.0,0.3661
2020-04-24,1.0,0.0584
2020-04-24,3.0,0.0901
2020-04-24,5.0,0.169
2020-04-24,7.0,0.2557
2020-04-24,10.0,0.3591
2020-04-27,1.0,0.0561
2020-04-27,3.0,0.0983
2020-04-27,5.0,0.1996
2020-04-27,7.0,0.299
2020-04-27,10.0,0.4112
2020-04-28,1.0,0.0557
2020-04-28,3.0,0.0857
2020-04-28,5.0,0.1728
2020-04-28,7.0,0.2599
2020-04-28,10.0,0.36
2020-04-29,1.0,0.0434
2020-04-29,3.0,0.0755
2020-04-29,5.0,0.167
2020-04-29,7.0,0.267
2020-04-29,10.0,0.38
2020-04-30,1.0,0.0407
2020-04-30,3.0,0.0694
2020-04-30,5.0,0.1599
2020-04-30,7.0,0.2671
2020-04-30,10.0,0.3885
2020-05-01,1.0,0.036
2020-05-01,3.0,0.0637
2020-05-01,5.0,0.1447
2020-05-01,7.0,0.246
2020-05-01,10.0,0.3624
2020-05-04,1.0,0.036
2020-05-04,3.0,0.062
2020-05-04,5.0,0.1515
2020-05-04,7.0,0.2562
2020-05-04,10.0,0.3738
2020-05-05,1.0,0.0422
2020-05-05,3.0,0.063
2020-05-05,5.0,0.157
2020-05-05,7.0,0.2642
2020-05-05,10.0,0.3854
2020-05-06,1.0,0.0349
2020-05-06,3.0,0.0496
2020-05-06,5.0,0.137
2020-05-06,7.0,0.2581
2020-05-06,10.0,0.3919
2020-05-07,1.0,0.0162
2020-05-07,3.0,-0.0063
2020-05-07,5.0,0.075
2020-05-07,7.0,0.196
2020-05-07,10.0,0.33
2020-05-08,1.0,0.0313
2020-05-08,3.0,0.019
2020-05-08,5.0,0.0967
2020-05-08,7.0,0.223
2020-05-08,10.0,0.3675
2020-05-11,1.0,0.0397
2020-05-11,3.0,0.0166
2020-05-11,5.0,0.1047
2020-05-11,7.0,0.233
2020-05-11,10.0,0.3815
2020-05-12,1.0,0.0425
2020-05-12,3.0,-0.0015
2020-05-12,5.0,0.074
2020-05-12,7.0,0.2057
2020-05-12,10.0,0.3467
2020-05-13,1.0,0.0403
2020-05-13,3.0,0.0089
2020-05-13,5.0,0.0799
2020-05-13,7.0,0.1938
2020-05-13,10.0,0.33
2020-05-14,1.0,0.0388
2020-05-14,3.0,0.0046
2020-05-14,5.0,0.0727
2020-05-14,7.0,0.177
2020-05-14,10.0,0.314
2020-05-15,1.0,0.0385
2020-05-15,3.0,0.0134
2020-05-15,5.0,0.0899
2020-05-15,7.0,0.209
2020-05-15,10.0,0.3488
2020-05-18,1.0,0.0504
2020-05-18,3.0,0.0433
2020-05-18,5.0,0.159
2020-05-18,7.0,0.283
2020-05-18,10.0,0.436
2020-05-19,1.0,0.0516
2020-05-19,3.0,0.035
2020-05-19,5.0,0.1238
2020-05-19,7.0,0.2481
2020-05-19,10.0,0.4004
2020-05-20,1.0,0.0478
2020-05-20,3.0,0.0375
2020-05-20,5.0,0.1277
2020-05-20,7.0,0.2504
2020-05-20,10.0,0.3983
2020-05-21,1.0,0.0411
2020-05-21,3.0,0.0392
2020-05-21,5.0,0.131
2020-05-21,7.0,0.2535
2020-05-21,10.0,0.4023
2020-05-22,1.0,0.0454
2020-05-22,3.0,0.0295
2020-05-22,5.0,0.1349
2020-05-22,7.0,0.247
2020-05-22,10.0,0.396
2020-05-25,1.0,0.0425
2020-05-25,3.0,0.0286
2020-05-25,5.0,0.131
2020-05-25,7.0,0.247
2020-05-25,10.0,0.396
2020-05-26,1.0,0.0552
2020-05-26,3.0,0.0367
2020-05-26,5.0,0.1395
2020-05-26,7.0,0.2729
2020-05-26,10.0,0.434
2020-05-27,1.0,0.0551
2020-05-27,3.0,0.0436
2020-05-27,5.0,0.137
2020-05-27,7.0,0.2605
2020-05-27,10.0,0.41
2020-05-28,1.0,0.0562
2020-05-28,3.0,0.0404
2020-05-28,5.0,0.142
2020-05-28,7.0,0.266
2020-05-28,10.0,0.4209
2020-05-29,1.0,0.0492
2020-05-29,3.0,0.0241
2020-05-29,5.0,0.1125
2020-05-29,7.0,0.2352
2020-05-29,10.0,0.3875
2020-06-01,1.0,0.05025
2020-06-01,3.0,0.0238
2020-06-01,5.0,0.1138
2020-06-01,7.0,0.2343
2020-06-01,10.0,0.3876
2020-06-02,1.0,0.05275
2020-06-02,3.0,0.0255
2020-06-02,5.0,0.1173
2020-06-02,7.0,0.2477
2020-06-02,10.0,0.409
2020-06-03,1.0,0.0619
2020-06-03,3.0,0.04975
2020-06-03,5.0,0.1517
2020-06-03,7.0,0.2935
2020-06-03,10.0,0.4659
2020-06-04,1.0,0.066
2020-06-04,3.0,0.0642
2020-06-04,5.0,0.1946
2020-06-04,7.0,0.3553
2020-06-04,10.0,0.5404
2020-06-05,1.0,0.0687
2020-06-05,3.0,0.1064
2020-06-05,5.0,0.2571
2020-06-05,7.0,0.4218
2020-06-05,10.0,0.6057
2020-06-08,1.0,0.0756
2020-06-08,3.0,0.101
2020-06-08,5.0,0.241
2020-06-08,7.0,0.4044
2020-06-08,10.0,0.5872
2020-06-09,1.0,0.0683
2020-06-09,3.0,0.0775
2020-06-09,5.0,0.2003
2020-06-09,7.0,0.3587
2020-06-09,10.0,0.54875
2020-06-10,1.0,0.0565
2020-06-10,3.0,0.037
2020-06-10,5.0,0.1285
2020-06-10,7.0,0.2789
2020-06-10,10.0,0.4569
2020-06-11,1.0,0.0773
2020-06-11,3.0,0.0417
2020-06-11,5.0,0.122
2020-06-11,7.0,0.2426
2020-06-11,10.0,0.3906
2020-06-12,1.0,0.0749
2020-06-12,3.0,0.0428
2020-06-12,5.0,0.1301
2020-06-12,7.0,0.271
2020-06-12,10.0,0.426
2020-06-15,1.0,0.0782
2020-06-15,3.0,0.0497
2020-06-15,5.0,0.149
2020-06-15,7.0,0.2821
2020-06-15,10.0,0.4437
2020-06-16,1.0,0.0799
2020-06-16,3.0,0.0495
2020-06-16,5.0,0.15
2020-06-16,7.0,0.2932
2020-06-16,10.0,0.4679
2020-06-17,1.0,0.068
2020-06-17,3.0,0.0448
2020-06-17,5.0,0.1384
2020-06-17,7.0,0.274
2020-06-17,10.0,0.4433
2020-06-18,1.0,0.064
2020-06-18,3.0,0.0361
2020-06-18,5.0,0.1216
2020-06-18,7.0,0.2575
2020-06-18,10.0,0.423
2020-06-19,1.0,0.0593
2020-06-19,3.0,0.0294
2020-06-19,5.0,0.12
2020-06-19,7.0,0.2431
2020-06-19,10.0,0.4038
2020-06-22,1.0,0.053
2020-06-22,3.0,0.0267
2020-06-22,5.0,0.123
2020-06-22,7.0,0.2584
2020-06-22,10.0,0.424
2020-06-23,1.0,0.0556
2020-06-23,3.0,0.0255
2020-06-23,5.0,0.121
2020-06-23,7.0,0.2606
2020-06-23,10.0,0.4316
2020-06-24,1.0,0.0511
2020-06-24,3.0,0.0252
2020-06-24,5.0,0.1105
2020-06-24,7.0,0.2416
2020-06-24,10.0,0.401
2020-06-25,1.0,0.0504
2020-06-25,3.0,0.0266
2020-06-25,5.0,0.1197
2020-06-25,7.0,0.2471
2020-06-25,10.0,0.406
2020-06-26,1.0,0.0413
2020-06-26,3.0,0.0095
2020-06-26,5.0,0.0905
2020-06-26,7.0,0.213
2020-06-26,10.0,0.3583
2020-06-29,1.0,0.034
2020-06-29,3.0,-0.0052
2020-06-29,5.0,0.0675
2020-06-29,7.0,0.192
2020-06-29,10.0,0.3424
2020-06-30,1.0,0.0317
2020-06-30,3.0,-0.003
2020-06-30,5.0,0.082
2020-06-30,7.0,0.2092
2020-06-30,10.0,0.379
2020-07-01,1.0,0.0393
2020-07-01,3.0,0.0087
2020-07-01,5.0,0.0949
2020-07-01,7.0,0.2283
2020-07-01,10.0,0.3914
2020-07-02,1.0,0.043
2020-07-02,3.0,0.0009
2020-07-02,5.0,0.08302
2020-07-02,7.0,0.216
2020-07-02,10.0,0.383
2020-07-03,1.0,0.042
2020-07-03,3.0,0.0003
2020-07-03,5.0,0.084
2020-07-03,7.0,0.229
2020-07-03,10.0,0.399
2020-07-06,1.0,0.0473
2020-07-06,3.0,0.0048
2020-07-06,5.0,0.0881
2020-07-06,7.0,0.2216
2020-07-06,10.0,0.3886
2020-07-07,1.0,0.0464
2020-07-07,3.0,0.0031
2020-07-07,5.0,0.0755
2020-07-07,7.0,0.1974
2020-07-07,10.0,0.3511
2020-07-08,1.0,0.0428
2020-07-08,3.0,0.0047
2020-07-08,5.0,0.09
2020-07-08,7.0,0.2207
2020-07-08,10.0,0.3799
2020-07-09,1.0,0.0434
2020-07-09,3.0,-0.0066
2020-07-09,5.0,0.0745
2020-07-09,7.0,0.1898
2020-07-09,10.0,0.337
2020-07-10,1.0,0.0443
2020-07-10,3.0,0.0013
2020-07-10,5.0,0.0974
2020-07-10,7.0,0.2229
2020-07-10,10.0,0.3742
2020-07-13,1.0,0.0453
2020-07-13,3.0,-0.0012
2020-07-13,5.0,0.0759
2020-07-13,7.0,0.1943
2020-07-13,10.0,0.3397
2020-07-14,1.0,0.0487
2020-07-14,3.0,0.0051
2020-07-14,5.0,0.081
2020-07-14,7.0,0.1978
2020-07-14,10.0,0.3428
2020-07-15,1.0,0.0488
2020-07-15,3.0,0.0041
2020-07-15,5.0,0.0819
2020-07-15,7.0,0.2026
2020-07-15,10.0,0.3521
2020-07-16,1.0,0.0477
2020-07-16,3.0,-0.0001
2020-07-16,5.0,0.0699
2020-07-16,7.0,0.1916
2020-07-16,10.0,0.3411
2020-07-17,1.0,0.049
2020-07-17,3.0,0.0056
2020-07-17,5.0,0.0815
2020-07-17,7.0,0.2027
2020-07-17,10.0,0.358
2020-07-20,1.0,0.0481
2020-07-20,3.0,5e-05
2020-07-20,5.0,0.0718
2020-07-20,7.0,0.19
2020-07-20,10.0,0.335
2020-07-21,1.0,0.0484
2020-07-21,3.0,-0.0029
2020-07-21,5.0,0.0612
2020-07-21,7.0,0.179
2020-07-21,10.0,0.3282
2020-07-22,1.0,0.0484
2020-07-22,3.0,0.0027
2020-07-22,5.0,0.0712
2020-07-22,7.0,0.184
2020-07-22,10.0,0.3273
2020-07-23,1.0,0.0464
2020-07-23,3.0,0.0012
2020-07-23,5.0,0.0675
2020-07-23,7.0,0.1749
2020-07-23,10.0,0.315
2020-07-24,1.0,0.0465
2020-07-24,3.0,0.003
2020-07-24,5.0,0.072
2020-07-24,7.0,0.1844
2020-07-24,10.0,0.328
2020-07-27,1.0,0.0479
2020-07-27,3.0,0.011
2020-07-27,5.0,0.0839
2020-07-27,7.0,0.2013
2020-07-27,10.0,0.351
2020-07-28,1.0,0.0455
2020-07-28,3.0,0.0029
2020-07-28,5.0,0.0653
2020-07-28,7.0,0.1759
2020-07-28,10.0,0.3193
2020-07-29,1.0,0.0469
2020-07-29,3.0,-0.0016
2020-07-29,5.0,0.0567
2020-07-29,7.0,0.169
2020-07-29,10.0,0.3143
2020-07-30,1.0,0.0406
2020-07-30,3.0,-0.0094
2020-07-30,5.0,0.0435
2020-07-30,7.0,0.1508
2020-07-30,10.0,0.2903
2020-07-31,1.0,0.0379
2020-07-31,3.0,-0.0272
2020-07-31,5.0,0.022
2020-07-31,7.0,0.1307
2020-07-31,10.0,0.2695
2020-08-03,1.0,0.0413
2020-08-03,3.0,-0.0145
2020-08-03,5.0,0.0472
2020-08-03,7.0,0.1591
2020-08-03,10.0,0.3033
2020-08-04,1.0,0.04003
2020-08-04,3.0,-0.0237
2020-08-04,5.0,0.0205
2020-08-04,7.0,0.1215
2020-08-04,10.0,0.2612
2020-08-05,1.0,0.0437
2020-08-05,3.0,-0.0053
2020-08-05,5.0,0.0503
2020-08-05,7.0,0.1573
2020-08-05,10.0,0.3028
2020-08-06,1.0,0.045
2020-08-06,3.0,-0.0031
2020-08-06,5.0,0.0497
2020-08-06,7.0,0.1564
2020-08-06,10.0,0.298
2020-08-07,1.0,0.0494
2020-08-07,3.0,0.0118
2020-08-07,5.0,0.07
2020-08-07,7.0,0.183
2020-08-07,10.0,0.328
2020-08-10,1.0,0.0519
2020-08-10,3.0,0.0164
2020-08-10,5.0,0.079
2020-08-10,7.0,0.1958
2020-08-10,10.0,0.352
2020-08-11,1.0,0.0562
2020-08-11,3.0,0.0351
2020-08-11,5.0,0.1048
2020-08-11,7.0,0.2326
2020-08-11,10.0,0.4013
2020-08-12,1.0,0.0591
2020-08-12,3.0,0.0421
2020-08-12,5.0,0.125
2020-08-12,7.0,0.2566
2020-08-12,10.0,0.428
2020-08-13,1.0,0.0616
2020-08-13,3.0,0.0451
2020-08-13,5.0,0.1385
2020-08-13,7.0,0.2754
2020-08-13,10.0,0.4581
2020-08-14,1.0,0.0634
2020-08-14,3.0,0.0408
2020-08-14,5.0,0.1262
2020-08-14,7.0,0.2711
2020-08-14,10.0,0.4648
2020-08-17,1.0,0.0616
2020-08-17,3.0,0.0353
2020-08-17,5.0,0.1145
2020-08-17,7.0,0.2526
2020-08-17,10.0,0.4363
2020-08-18,1.0,0.0607
2020-08-18,3.0,0.0251
2020-08-18,5.0,0.1005
2020-08-18,7.0,0.2338
2020-08-18,10.0,0.4133
2020-08-19,1.0,0.0543
2020-08-19,3.0,0.026
2020-08-19,5.0,0.1055
2020-08-19,7.0,0.241
2020-08-19,10.0,0.4298
2020-08-20,1.0,0.0516
2020-08-20,3.0,0.0239
2020-08-20,5.0,0.102
2020-08-20,7.0,0.2339
2020-08-20,10.0,0.4132
2020-08-21,1.0,0.0516
2020-08-21,3.0,0.0243
2020-08-21,5.0,0.0967
2020-08-21,7.0,0.2226
2020-08-21,10.0,0.3978
2020-08-24,1.0,0.0533
2020-08-24,3.0,0.0336
2020-08-24,5.0,0.1031
2020-08-24,7.0,0.2286
2020-08-24,10.0,0.4083
2020-08-25,1.0,0.0568
2020-08-25,3.0,0.0411
2020-08-25,5.0,0.1265
2020-08-25,7.0,0.2641
2020-08-25,10.0,0.4518
2020-08-26,1.0,0.0584
2020-08-26,3.0,0.0439
2020-08-26,5.0,0.128
2020-08-26,7.0,0.27
2020-08-26,10.0,0.462
2020-08-27,1.0,0.0597
2020-08-27,3.0,0.056
2020-08-27,5.0,0.155
2020-08-27,7.0,0.311
2020-08-27,10.0,0.5195
2020-08-28,1.0,0.0528
2020-08-28,3.0,0.0317
2020-08-28,5.0,0.1215
2020-08-28,7.0,0.283
2020-08-28,10.0,0.5013
2020-08-31,1.0,0.0549
2020-08-31,3.0,0.0326
2020-08-31,5.0,0.119
2020-08-31,7.0,0.273
2020-08-31,10.0,0.4785
2020-09-01,1.0,0.0556
2020-09-01,3.0,0.028
2020-09-01,5.0,0.1077
2020-09-01,7.0,0.2513
2020-09-01,10.0,0.449
2020-09-02,1.0,0.055
2020-09-02,3.0,0.0335
2020-09-02,5.0,0.111
2020-09-02,7.0,0.248
2020-09-02,10.0,0.438
2020-09-03,1.0,0.0529
2020-09-03,3.0,0.0307
2020-09-03,5.0,0.1122
2020-09-03,7.0,0.2421
2020-09-03,10.0,0.4273
2020-09-04,1.0,0.05875
2020-09-04,3.0,0.0495
2020-09-04,5.0,0.1525
2020-09-04,7.0,0.2965
2020-09-04,10.0,0.495
2020-09-07,1.0,0.061
2020-09-07,3.0,0.0453
2020-09-07,5.0,0.155
2020-09-07,7.0,0.295
2020-09-07,10.0,0.498
2020-09-08,1.0,0.0615
2020-09-08,3.0,0.0395
2020-09-08,5.0,0.12
2020-09-08,7.0,0.2586
2020-09-08,10.0,0.4515
2020-09-09,1.0,0.0641
2020-09-09,3.0,0.0442
2020-09-09,5.0,0.1325
2020-09-09,7.0,0.2766
2020-09-09,10.0,0.475
2020-09-10,1.0,0.06
2020-09-10,3.0,0.032
2020-09-10,5.0,0.119
2020-09-10,7.0,0.262
2020-09-10,10.0,0.456
2020-09-11,1.0,0.055
2020-09-11,3.0,0.0225
2020-09-11,5.0,0.1055
2020-09-11,7.0,0.251
2020-09-11,10.0,0.448
2020-09-14,1.0,0.0564
2020-09-14,3.0,0.0324
2020-09-14,5.0,0.1183
2020-09-14,7.0,0.2566
2020-09-14,10.0,0.452
2020-09-15,1.0,0.058
2020-09-15,3.0,0.035
2020-09-15,5.0,0.121
2020-09-15,7.0,0.261
2020-09-15,10.0,0.455
2020-09-16,1.0,0.0596
2020-09-16,3.0,0.0396
2020-09-16,5.0,0.13
2020-09-16,7.0,0.272
2020-09-16,10.0,0.471
2020-09-17,1.0,0.0567
2020-09-17,3.0,0.0392
2020-09-17,5.0,0.1275
2020-09-17,7.0,0.2645
2020-09-17,10.0,0.459
2020-09-18,1.0,0.0629
2020-09-18,3.0,0.0421
2020-09-18,5.0,0.1348
2020-09-18,7.0,0.2759
2020-09-18,10.0,0.4748
2020-09-21,1.0,0.0601
2020-09-21,3.0,0.0359
2020-09-21,5.0,0.1198
2020-09-21,7.0,0.2528
2020-09-21,10.0,0.4463
2020-09-22,1.0,0.0585
2020-09-22,3.0,0.0339
2020-09-22,5.0,0.121
2020-09-22,7.0,0.257
2020-09-22,10.0,0.4515
2020-09-23,1.0,0.0577
2020-09-23,3.0,0.0362
2020-09-23,5.0,0.122
2020-09-23,7.0,0.2601
2020-09-23,10.0,0.4545
2020-09-24,1.0,0.0563
2020-09-24,3.0,0.0339
2020-09-24,5.0,0.121
2020-09-24,7.0,0.2561
2020-09-24,10.0,0.4482
2020-09-25,1.0,0.0571
2020-09-25,3.0,0.0328
2020-09-25,5.0,0.1177
2020-09-25,7.0,0.2554
2020-09-25,10.0,0.4465
2020-09-28,1.0,0.0559
2020-09-28,3.0,0.033
2020-09-28,5.0,0.1148
2020-09-28,7.0,0.2521
2020-09-28,10.0,0.4458
2020-09-29,1.0,0.0573
2020-09-29,3.0,0.0344
2020-09-29,5.0,0.111
2020-09-29,7.0,0.2516
2020-09-29,10.0,0.4458
2020-09-30,1.0,0.0582
2020-09-30,3.0,0.0363
2020-09-30,5.0,0.1292
2020-09-30,7.0,0.2731
2020-09-30,10.0,0.474
2020-10-01,1.0,0.0599
2020-10-01,3.0,0.042
2020-10-01,5.0,0.1295
2020-10-01,7.0,0.2694
2020-10-01,10.0,0.467
2020-10-02,1.0,0.0602
2020-10-02,3.0,0.0405
2020-10-02,5.0,0.14
2020-10-02,7.0,0.2866
2020-10-02,10.0,0.4885
2020-10-05,1.0,0.063
2020-10-05,3.0,0.062
2020-10-05,5.0,0.1825
2020-10-05,7.0,0.3444
2020-10-05,10.0,0.563
2020-10-06,1.0,0.0663
2020-10-06,3.0,0.0615
2020-10-06,5.0,0.1652
2020-10-06,7.0,0.3144
2020-10-06,10.0,0.5243
2020-10-07,1.0,0.0675
2020-10-07,3.0,0.068
2020-10-07,5.0,0.194
2020-10-07,7.0,0.3567
2020-10-07,10.0,0.5755
2020-10-08,1.0,0.069
2020-10-08,3.0,0.071
2020-10-08,5.0,0.193
2020-10-08,7.0,0.355
2020-10-08,10.0,0.57525
2020-10-09,1.0,0.069
2020-10-09,3.0,0.07375
2020-10-09,5.0,0.189
2020-10-09,7.0,0.34925
2020-10-09,10.0,0.56475
2020-10-12,1.0,0.069
2020-10-12,3.0,0.074
2020-10-12,5.0,0.191
2020-10-12,7.0,0.354
2020-10-12,10.0,0.568
2020-10-13,1.0,0.0662
2020-10-13,3.0,0.061
2020-10-13,5.0,0.1585
2020-10-13,7.0,0.31165
2020-10-13,10.0,0.52125
2020-10-14,1.0,0.067
2020-10-14,3.0,0.054
2020-10-14,5.0,0.1584
2020-10-14,7.0,0.3098
2020-10-14,10.0,0.51925
2020-10-15,1.0,0.06875
2020-10-15,3.0,0.06715
2020-10-15,5.0,0.17345
2020-10-15,7.0,0.322
2020-10-15,10.0,0.5287
2020-10-16,1.0,0.07
2020-10-16,3.0,0.068
2020-10-16,5.0,0.17885
2020-10-16,7.0,0.3295
2020-10-16,10.0,0.5365
2020-10-19,1.0,0.0714
2020-10-19,3.0,0.07135
2020-10-19,5.0,0.19125
2020-10-19,7.0,0.34635
2020-10-19,10.0,0.559
2020-10-20,1.0,0.07
2020-10-20,3.0,0.073
2020-10-20,5.0,0.196
2020-10-20,7.0,0.358
2020-10-20,10.0,0.5768
2020-10-21,1.0,0.0722
2020-10-21,3.0,0.0745
2020-10-21,5.0,0.2118
2020-10-21,7.0,0.385
2020-10-21,10.0,0.6121
2020-10-22,1.0,0.07315
2020-10-22,3.0,0.0831
2020-10-22,5.0,0.228
2020-10-22,7.0,0.408
2020-10-22,10.0,0.647
2020-10-23,1.0,0.073
2020-10-23,3.0,0.084
2020-10-23,5.0,0.22665
2020-10-23,7.0,0.40535
2020-10-23,10.0,0.6339
2020-10-26,1.0,0.0689
2020-10-26,3.0,0.0745
2020-10-26,5.0,0.19925
2020-10-26,7.0,0.36825
2020-10-26,10.0,0.58975
2020-10-27,1.0,0.07
2020-10-27,3.0,0.063
2020-10-27,5.0,0.1797
2020-10-27,7.0,0.3404
2020-10-27,10.0,0.55505
2020-10-28,1.0,0.069
2020-10-28,3.0,0.06775
2020-10-28,5.0,0.1859
2020-10-28,7.0,0.3472
2020-10-28,10.0,0.5616
2020-10-29,1.0,0.065
2020-10-29,3.0,0.0736
2020-10-29,5.0,0.21285
2020-10-29,7.0,0.3858
2020-10-29,10.0,0.6075
2020-10-30,1.0,0.068
2020-10-30,3.0,0.07875
2020-10-30,5.0,0.2264
2020-10-30,7.0,0.42
2020-10-30,10.0,0.653
2020-11-02,1.0,0.0665
2020-11-02,3.0,0.073
2020-11-02,5.0,0.21035
2020-11-02,7.0,0.39055
2020-11-02,10.0,0.6165
2020-11-03,1.0,0.074
2020-11-03,3.0,0.0823
2020-11-03,5.0,0.2305
2020-11-03,7.0,0.4266
2020-11-03,10.0,0.6659
2020-11-04,1.0,0.0692
2020-11-04,3.0,0.06165
2020-11-04,5.0,0.17395
2020-11-04,7.0,0.33615
2020-11-04,10.0,0.55
2020-11-05,1.0,0.07
2020-11-05,3.0,0.0654
2020-11-05,5.0,0.17545
2020-11-05,7.0,0.3382
2020-11-05,10.0,0.54785
2020-11-06,1.0,0.07375
2020-11-06,3.0,0.07575
2020-11-06,5.0,0.2021
2020-11-06,7.0,0.37415
2020-11-06,10.0,0.59785
2020-11-09,1.0,0.07825
2020-11-09,3.0,0.10165
2020-11-09,5.0,0.2634
2020-11-09,7.0,0.45365
2020-11-09,10.0,0.6941
2020-11-10,1.0,0.0808
2020-11-10,3.0,0.11425
2020-11-10,5.0,0.28565
2020-11-10,7.0,0.49
2020-11-10,10.0,0.72865
2020-11-11,1.0,0.0809
2020-11-11,3.0,0.108
2020-11-11,5.0,0.288
2020-11-11,7.0,0.491
2020-11-11,10.0,0.727
2020-11-12,1.0,0.076
2020-11-12,3.0,0.09855
2020-11-12,5.0,0.22645
2020-11-12,7.0,0.4035
2020-11-12,10.0,0.6312
2020-11-13,1.0,0.076
2020-11-13,3.0,0.10515
2020-11-13,5.0,0.24175
2020-11-13,7.0,0.4228
2020-11-13,10.0,0.65025
2020-11-16,1.0,0.078
2020-11-16,3.0,0.11
2020-11-16,5.0,0.248
2020-11-16,7.0,0.43205
2020-11-16,10.0,0.66555
2020-11-17,1.0,0.0755
2020-11-17,3.0,0.0977
2020-11-17,5.0,0.22195
2020-11-17,7.0,0.39495
2020-11-17,10.0,0.61855
2020-11-18,1.0,0.075
2020-11-18,3.0,0.1049
2020-11-18,5.0,0.237
2020-11-18,7.0,0.41365
2020-11-18,10.0,0.63475
2020-11-19,1.0,0.0677
2020-11-19,3.0,0.096
2020-11-19,5.0,0.22245
2020-11-19,7.0,0.38595
2020-11-19,10.0,0.6003
2020-11-20,1.0,0.06305
2020-11-20,3.0,0.094
2020-11-20,5.0,0.2232
2020-11-20,7.0,0.3829
2020-11-20,10.0,0.58655
2020-11-23,1.0,0.063
2020-11-23,3.0,0.1
2020-11-23,5.0,0.23725
2020-11-23,7.0,0.40475
2020-11-23,10.0,0.61935
2020-11-24,1.0,0.065
2020-11-24,3.0,0.10315
2020-11-24,5.0,0.24445
2020-11-24,7.0,0.4236
2020-11-24,10.0,0.64845
2020-11-25,1.0,0.06855
2020-11-25,3.0,0.101
2020-11-25,5.0,0.24445
2020-11-25,7.0,0.425
2020-11-25,10.0,0.65145
2020-11-26,1.0,0.0662
2020-11-26,3.0,0.1015
2020-11-26,5.0,0.243
2020-11-26,7.0,0.424
2020-11-26,10.0,0.652
2020-11-27,1.0,0.0669
2020-11-27,3.0,0.089
2020-11-27,5.0,0.219
2020-11-27,7.0,0.39
2020-11-27,10.0,0.609
2020-11-30,1.0,0.06925
2020-11-30,3.0,0.09985
2020-11-30,5.0,0.23585
2020-11-30,7.0,0.40705
2020-11-30,10.0,0.62905
2020-12-01,1.0,0.0681
2020-12-01,3.0,0.12
2020-12-01,5.0,0.2813
2020-12-01,7.0,0.4772
2020-12-01,10.0,0.716
2020-12-02,1.0,0.068
2020-12-02,3.0,0.119
2020-12-02,5.0,0.27495
2020-12-02,7.0,0.4728
2020-12-02,10.0,0.71105
2020-12-03,1.0,0.064
2020-12-03,3.0,0.113
2020-12-03,5.0,0.26215
2020-12-03,7.0,0.449
2020-12-03,10.0,0.68225
2020-12-04,1.0,0.063
2020-12-04,3.0,0.11845
2020-12-04,5.0,0.28215
2020-12-04,7.0,0.48995
2020-12-04,10.0,0.74115
2020-12-07,1.0,0.06545
2020-12-07,3.0,0.10525
2020-12-07,5.0,0.25055
2020-12-07,7.0,0.44995
2020-12-07,10.0,0.69985
2020-12-08,1.0,0.06765
2020-12-08,3.0,0.111
2020-12-08,5.0,0.2624
2020-12-08,7.0,0.457
2020-12-08,10.0,0.7034
2020-12-09,1.0,0.0608
2020-12-09,3.0,0.109
2020-12-09,5.0,0.2673
2020-12-09,7.0,0.468
2020-12-09,10.0,0.7191
2020-12-10,1.0,0.061
2020-12-10,3.0,0.104
2020-12-10,5.0,0.2588
2020-12-10,7.0,0.4504
2020-12-10,10.0,0.69
2020-12-11,1.0,0.05475
2020-12-11,3.0,0.0945
2020-12-11,5.0,0.24
2020-12-11,7.0,0.434
2020-12-11,10.0,0.677
2020-12-14,1.0,0.054
2020-12-14,3.0,0.0955
2020-12-14,5.0,0.241
2020-12-14,7.0,0.4365
2020-12-14,10.0,0.684
2020-12-15,1.0,0.0558
2020-12-15,3.0,0.096
2020-12-15,5.0,0.24735
2020-12-15,7.0,0.4445
2020-12-15,10.0,0.695
2020-12-16,1.0,0.0562
2020-12-16,3.0,0.096
2020-12-16,5.0,0.24565
2020-12-16,7.0,0.4469
2020-12-16,10.0,0.70025
2020-12-17,1.0,0.0577
2020-12-17,3.0,0.102
2020-12-17,5.0,0.258
2020-12-17,7.0,0.454
2020-12-17,10.0,0.71785
2020-12-18,1.0,0.055
2020-12-18,3.0,0.10145
2020-12-18,5.0,0.264
2020-12-18,7.0,0.4746
2020-12-18,10.0,0.73425
2020-12-21,1.0,0.0578
2020-12-21,3.0,0.0991
2020-12-21,5.0,0.26655
2020-12-21,7.0,0.47025
2020-12-21,10.0,0.72425
2020-12-22,1.0,0.05795
2020-12-22,3.0,0.09835
2020-12-22,5.0,0.2555
2020-12-22,7.0,0.458
2020-12-22,10.0,0.7115
2020-12-23,1.0,0.057
2020-12-23,3.0,0.1
2020-12-23,5.0,0.2692
2020-12-23,7.0,0.4773
2020-12-23,10.0,0.7396
2020-12-24,1.0,0.057
2020-12-24,3.0,0.1
2020-12-24,5.0,0.263
2020-12-24,7.0,0.469
2020-12-24,10.0,0.726
2020-12-25,1.0,0.0594
2020-12-25,3.0,0.1004
2020-12-28,1.0,0.06015
2020-12-28,3.0,0.103
2020-12-28,5.0,0.258
2020-12-28,7.0,0.468
2020-12-28,10.0,0.7283
2020-12-29,1.0,0.062
2020-12-29,3.0,0.10065
2020-12-29,5.0,0.26885
2020-12-29,7.0,0.47875
2020-12-29,10.0,0.7399
2020-12-30,1.0,0.0597
2020-12-30,3.0,0.0988
2020-12-30,5.0,0.25645
2020-12-30,7.0,0.46245
2020-12-30,10.0,0.721
2020-12-31,1.0,0.0589
2020-12-31,3.0,0.091
2020-12-31,5.0,0.244
2020-12-31,7.0,0.45
2020-12-31,10.0,0.705
2021-01-01,1.0,0.062
2021-01-01,3.0,0.0905
2021-01-01,5.0,0.2435
2021-01-01,7.0,0.448
2021-01-04,1.0,0.058
2021-01-04,3.0,0.087
2021-01-04,5.0,0.227
2021-01-04,7.0,0.43865
2021-01-04,10.0,0.69365
2021-01-05,1.0,0.05615
2021-01-05,3.0,0.094
2021-01-05,5.0,0.2555
2021-01-05,7.0,0.4738
2021-01-05,10.0,0.736
2021-01-06,1.0,0.065
2021-01-06,3.0,0.111
2021-01-06,5.0,0.29765
2021-01-06,7.0,0.5353
2021-01-06,10.0,0.811
2021-01-07,1.0,0.0675
2021-01-07,3.0,0.137
2021-01-07,5.0,0.3448
2021-01-07,7.0,0.5872
2021-01-07,10.0,0.8647
2021-01-08,1.0,0.06135
2021-01-08,3.0,0.14515
2021-01-08,5.0,0.37415
2021-01-08,7.0,0.6276
2021-01-08,10.0,0.9096
2021-01-11,1.0,0.06535
2021-01-11,3.0,0.15025
2021-01-11,5.0,0.3973
2021-01-11,7.0,0.6548
2021-01-11,10.0,0.93475
2021-01-12,1.0,0.0695
2021-01-12,3.0,0.15075
2021-01-12,5.0,0.396
2021-01-12,7.0,0.6517
2021-01-12,10.0,0.92865
2021-01-13,1.0,0.068
2021-01-13,3.0,0.1371
2021-01-13,5.0,0.361
2021-01-13,7.0,0.6081
2021-01-13,10.0,0.88215
2021-01-14,1.0,0.06765
2021-01-14,3.0,0.1323
2021-01-14,5.0,0.36945
2021-01-14,7.0,0.63085
2021-01-14,10.0,0.916
2021-01-15,1.0,0.063
2021-01-15,3.0,0.123
2021-01-15,5.0,0.3398
2021-01-15,7.0,0.5903
2021-01-15,10.0,0.8687
2021-01-18,1.0,0.0639
2021-01-18,3.0,0.124
2021-01-18,5.0,0.338
2021-01-18,7.0,0.588
2021-01-19,1.0,0.0659
2021-01-19,3.0,0.12045
2021-01-19,5.0,0.3337
2021-01-19,7.0,0.5863
2021-01-19,10.0,0.871
2021-01-20,1.0,0.0582
2021-01-20,3.0,0.1168
2021-01-20,5.0,0.33095
2021-01-20,7.0,0.58
2021-01-20,10.0,0.86
2021-01-21,1.0,0.0555
2021-01-21,3.0,0.116
2021-01-21,5.0,0.339
2021-01-21,7.0,0.60085
2021-01-21,10.0,0.89195
2021-01-22,1.0,0.054
2021-01-22,3.0,0.1102
2021-01-22,5.0,0.3321
2021-01-22,7.0,0.5935
2021-01-22,10.0,0.8831
2021-01-25,1.0,0.05415
2021-01-25,3.0,0.10135
2021-01-25,5.0,0.3033
2021-01-25,7.0,0.55065
2021-01-25,10.0,0.8315
2021-01-26,1.0,0.05
2021-01-26,3.0,0.10375
2021-01-26,5.0,0.31
2021-01-26,7.0,0.55865
2021-01-26,10.0,0.83885
2021-01-27,1.0,0.0525
2021-01-27,3.0,0.102
2021-01-27,5.0,0.305
2021-01-27,7.0,0.55035
2021-01-27,10.0,0.82645
2021-01-28,1.0,0.0546
2021-01-28,3.0,0.114
2021-01-28,5.0,0.32255
2021-01-28,7.0,0.57685
2021-01-28,10.0,0.858
2021-01-29,1.0,0.047
2021-01-29,3.0,0.10235
2021-01-29,5.0,0.323
2021-01-29,7.0,0.5869
2021-01-29,10.0,0.8795
2021-02-01,1.0,0.0487
2021-02-01,3.0,0.10395
2021-02-01,5.0,0.33495
2021-02-01,7.0,0.6026
2021-02-01,10.0,0.89665
2021-02-02,1.0,0.05015
2021-02-02,3.0,0.1158
2021-02-02,5.0,0.3516
2021-02-02,7.0,0.6248
2021-02-02,10.0,0.9201
2021-02-03,1.0,0.0484
2021-02-03,3.0,0.125
2021-02-03,5.0,0.37695
2021-02-03,7.0,0.661
2021-02-03,10.0,0.966
2021-02-04,1.0,0.0479
2021-02-04,3.0,0.12565
2021-02-04,5.0,0.37965
2021-02-04,7.0,0.6679
2021-02-04,10.0,0.98
2021-02-05,1.0,0.05
2021-02-05,3.0,0.1283
2021-02-05,5.0,0.385
2021-02-05,7.0,0.6819
2021-02-05,10.0,1.00715
2021-02-08,1.0,0.0512
2021-02-08,3.0,0.13475
2021-02-08,5.0,0.4037
2021-02-08,7.0,0.6996
2021-02-08,10.0,1.01965
2021-02-09,1.0,0.0491
2021-02-09,3.0,0.1319
2021-02-09,5.0,0.39345
2021-02-09,7.0,0.6845
2021-02-09,10.0,1.00195
2021-02-10,1.0,0.04595
2021-02-10,3.0,0.122
2021-02-10,5.0,0.36685
2021-02-10,7.0,0.6545
2021-02-10,10.0,0.96755
2021-02-11,1.0,0.046
2021-02-11,3.0,0.129
2021-02-11,5.0,0.3871
2021-02-11,7.0,0.6803
2021-02-11,10.0,1.0021
2021-02-12,1.0,0.04735
2021-02-12,3.0,0.13915
2021-02-12,5.0,0.4165
2021-02-12,7.0,0.719
2021-02-12,10.0,1.0529
2021-02-15,1.0,0.0473
2021-02-15,3.0,0.148
2021-02-15,5.0,0.417
2021-02-15,7.0,0.718
2021-02-16,1.0,0.048
2021-02-16,3.0,0.16775
2021-02-16,5.0,0.4941
2021-02-16,7.0,0.821
2021-02-16,10.0,1.1668
2021-02-17,1.0,0.05025
2021-02-17,3.0,0.1517
2021-02-17,5.0,0.4675
2021-02-17,7.0,0.78225
2021-02-17,10.0,1.11375
2021-02-18,1.0,0.048
2021-02-18,3.0,0.157
2021-02-18,5.0,0.479
2021-02-18,7.0,0.7992
2021-02-18,10.0,1.1375
2021-02-19,1.0,0.05305
2021-02-19,3.0,0.16805
2021-02-19,5.0,0.50825
2021-02-19,7.0,0.8404
2021-02-19,10.0,1.186
2021-02-22,1.0,0.054
2021-02-22,3.0,0.1849
2021-02-22,5.0,0.53005
2021-02-22,7.0,0.8659
2021-02-22,10.0,1.21125
2021-02-23,1.0,0.058
2021-02-23,3.0,0.1714
2021-02-23,5.0,0.5019
2021-02-23,7.0,0.8352
2021-02-23,10.0,1.1893
2021-02-24,1.0,0.0523
2021-02-24,3.0,0.1835
2021-02-24,5.0,0.51105
2021-02-24,7.0,0.8443
2021-02-24,10.0,1.19475
2021-02-25,1.0,0.0645
2021-02-25,3.0,0.2819
2021-02-25,5.0,0.6883
2021-02-25,7.0,1.0119
2021-02-25,10.0,1.3321
2021-02-26,1.0,0.062
2021-02-26,3.0,0.2443
2021-02-26,5.0,0.6217
2021-02-26,7.0,0.935
2021-02-26,10.0,1.233
2021-03-01,1.0,0.0605
2021-03-01,3.0,0.22205
2021-03-01,5.0,0.60685
2021-03-01,7.0,0.9394
2021-03-01,10.0,1.2605
2021-03-02,1.0,0.063
2021-03-02,3.0,0.212
2021-03-02,5.0,0.573
2021-03-02,7.0,0.90295
2021-03-02,10.0,1.2235
2021-03-03,1.0,0.0579
2021-03-03,3.0,0.24455
2021-03-03,5.0,0.6395
2021-03-03,7.0,0.984
2021-03-03,10.0,1.314
2021-03-04,1.0,0.056
2021-03-04,3.0,0.26775
2021-03-04,5.0,0.6955
2021-03-04,7.0,1.06035
2021-03-04,10.0,1.3955
2021-03-05,1.0,0.054
2021-03-05,3.0,0.2702
2021-03-05,5.0,0.69425
2021-03-05,7.0,1.0501
2021-03-05,10.0,1.3776
2021-03-08,1.0,0.055
2021-03-08,3.0,0.28565
2021-03-08,5.0,0.7255
2021-03-08,7.0,1.0692
2021-03-08,10.0,1.3795
2021-03-09,1.0,0.055
2021-03-09,3.0,0.2575
2021-03-09,5.0,0.6725
2021-03-09,7.0,1.001
2021-03-09,10.0,1.2985
2021-03-10,1.0,0.06
2021-03-10,3.0,0.24945
2021-03-10,5.0,0.66
2021-03-10,7.0,0.986
2021-03-10,10.0,1.28475
2021-03-11,1.0,0.06065
2021-03-11,3.0,0.25705
2021-03-11,5.0,0.67165
2021-03-11,7.0,1.0049
2021-03-11,10.0,1.3127
2021-03-12,1.0,0.05625
2021-03-12,3.0,0.27535
2021-03-12,5.0,0.71695
2021-03-12,7.0,1.07
2021-03-12,10.0,1.39455
2021-03-15,1.0,0.0605
2021-03-15,3.0,0.2658
2021-03-15,5.0,0.6996
2021-03-15,7.0,1.0486
2021-03-15,10.0,1.3695
2021-03-16,1.0,0.063
2021-03-16,3.0,0.2648
2021-03-16,5.0,0.6995
2021-03-16,7.0,1.0515
2021-03-16,10.0,1.3715
2021-03-17,1.0,0.0416
2021-03-17,3.0,0.2344
2021-03-17,5.0,0.6785
2021-03-17,7.0,1.0567
2021-03-17,10.0,1.4075
2021-03-18,1.0,0.048
2021-03-18,3.0,0.259
2021-03-18,5.0,0.72625
2021-03-18,7.0,1.10565
2021-03-18,10.0,1.446
2021-03-19,1.0,0.0392
2021-03-19,3.0,0.2726
2021-03-19,5.0,0.7623
2021-03-19,7.0,1.1525
2021-03-19,10.0,1.49515
2021-03-22,1.0,0.039
2021-03-22,3.0,0.26425
2021-03-22,5.0,0.7425
2021-03-22,7.0,1.1237
2021-03-22,10.0,1.4573
2021-03-23,1.0,0.039
2021-03-23,3.0,0.25
2021-03-23,5.0,0.6979
2021-03-23,7.0,1.058
2021-03-23,10.0,1.38145
2021-03-24,1.0,0.03875
2021-03-24,3.0,0.24635
2021-03-24,5.0,0.6978
2021-03-24,7.0,1.05925
2021-03-24,10.0,1.38
2021-03-25,1.0,0.038
2021-03-25,3.0,0.249
2021-03-25,5.0,0.71234
2021-03-25,7.0,1.08085
2021-03-25,10.0,1.40825
2021-03-26,1.0,0.036
2021-03-26,3.0,0.262
2021-03-26,5.0,0.7387
2021-03-26,7.0,1.117
2021-03-26,10.0,1.45215
2021-03-29,1.0,0.042
2021-03-29,3.0,0.2831
2021-03-29,5.0,0.766
2021-03-29,7.0,1.14615
2021-03-29,10.0,1.48315
2021-03-30,1.0,0.0418
2021-03-30,3.0,0.2905
2021-03-30,5.0,0.7778
2021-03-30,7.0,1.1552
2021-03-30,10.0,1.47885
2021-03-31,1.0,0.04225
2021-03-31,3.0,0.30775
2021-03-31,5.0,0.8191
2021-03-31,7.0,1.19715
2021-03-31,10.0,1.52245
2021-04-01,1.0,0.0422
2021-04-01,3.0,0.299
2021-04-01,5.0,0.784
2021-04-01,7.0,1.1446
2021-04-01,10.0,1.45535
2021-04-02,1.0,0.0452
2021-04-02,3.0,0.34815
2021-04-02,5.0,0.8541
2021-04-02,7.0,1.218
2021-04-02,10.0,1.503
2021-04-05,1.0,0.0433
2021-04-05,3.0,0.3256
2021-04-05,5.0,0.8135
2021-04-05,7.0,1.172
2021-04-05,10.0,1.4774
2021-04-06,1.0,0.0425
2021-04-06,3.0,0.2925
2021-04-06,5.0,0.759
2021-04-06,7.0,1.1187
2021-04-06,10.0,1.4298
2021-04-07,1.0,0.047
2021-04-07,3.0,0.28835
2021-04-07,5.0,0.757
2021-04-07,7.0,1.1251
2021-04-07,10.0,1.4455
2021-04-08,1.0,0.047
2021-04-08,3.0,0.2687
2021-04-08,5.0,0.7165
2021-04-08,7.0,1.07175
2021-04-08,10.0,1.38435
2021-04-09,1.0,0.047
2021-04-09,3.0,0.2825
2021-04-09,5.0,0.7415
2021-04-09,7.0,1.1055
2021-04-09,10.0,1.42715
2021-04-12,1.0,0.048
2021-04-12,3.0,0.29735
2021-04-12,5.0,0.751
2021-04-12,7.0,1.10695
2021-04-12,10.0,1.42445
2021-04-13,1.0,0.047
2021-04-13,3.0,0.26705
2021-04-13,5.0,0.6995
2021-04-13,7.0,1.05025
2021-04-13,10.0,1.36045
2021-04-14,1.0,0.0478
2021-04-14,3.0,0.278
2021-04-14,5.0,0.71367
2021-04-14,7.0,1.059
2021-04-14,10.0,1.371
2021-04-15,1.0,0.0495
2021-04-15,3.0,0.272
2021-04-15,5.0,0.6795
2021-04-15,7.0,1.0118
2021-04-15,10.0,1.3128
2021-04-16,1.0,0.0526
2021-04-16,3.0,0.2705
2021-04-16,5.0,0.6853
2021-04-16,7.0,1.0155
2021-04-16,10.0,1.312
2021-04-19,1.0,0.0514
2021-04-19,3.0,0.26495
2021-04-19,5.0,0.68344
2021-04-19,7.0,1.0245
2021-04-19,10.0,1.33355
2021-04-20,1.0,0.05105
2021-04-20,3.0,0.2516
2021-04-20,5.0,0.6575
2021-04-20,7.0,0.9925
2021-04-20,10.0,1.29655
2021-04-21,1.0,0.0508
2021-04-21,3.0,0.2567
2021-04-21,5.0,0.6609
2021-04-21,7.0,0.99325
2021-04-21,10.0,1.29635
2021-04-22,1.0,0.05175
2021-04-22,3.0,0.26255
2021-04-22,5.0,0.663
2021-04-22,7.0,0.99005
2021-04-22,10.0,1.2875
2021-04-23,1.0,0.051
2021-04-23,3.0,0.27735
2021-04-23,5.0,0.6895
2021-04-23,7.0,1.011
2021-04-23,10.0,1.306
2021-04-26,1.0,0.048
2021-04-26,3.0,0.27755
2021-04-26,5.0,0.696
2021-04-26,7.0,1.01645
2021-04-26,10.0,1.307
2021-04-27,1.0,0.053
2021-04-27,3.0,0.2966
2021-04-27,5.0,0.7326
2021-04-27,7.0,1.065
2021-04-27,10.0,1.36495
2021-04-28,1.0,0.046
2021-04-28,3.0,0.2784
2021-04-28,5.0,0.7145
2021-04-28,7.0,1.05335
2021-04-28,10.0,1.3595
2021-04-29,1.0,0.05085
2021-04-29,3.0,0.2862
2021-04-29,5.0,0.729
2021-04-29,7.0,1.076
2021-04-29,10.0,1.3839
2021-04-30,1.0,0.05085
2021-04-30,3.0,0.28125
2021-04-30,5.0,0.71911
2021-04-30,7.0,1.0657
2021-04-30,10.0,1.374
2021-05-03,1.0,0.0455
2021-05-03,3.0,0.272
2021-05-03,5.0,0.6968
2021-05-03,7.0,1.0377
2021-05-03,10.0,1.3445
2021-05-04,1.0,0.051
2021-05-04,3.0,0.2676
2021-05-04,5.0,0.6922
2021-05-04,7.0,1.03165
2021-05-04,10.0,1.33525
2021-05-05,1.0,0.045
2021-05-05,3.0,0.2585
2021-05-05,5.0,0.6705
2021-05-05,7.0,1.007
2021-05-05,10.0,1.30955
2021-05-06,1.0,0.0458
2021-05-06,3.0,0.2627
2021-05-06,5.0,0.68205
2021-05-06,7.0,1.0123
2021-05-06,10.0,1.31065
2021-05-07,1.0,0.04255
2021-05-07,3.0,0.2384
2021-05-07,5.0,0.6473
2021-05-07,7.0,0.99155
2021-05-07,10.0,1.31
2021-05-10,1.0,0.04665
2021-05-10,3.0,0.2354
2021-05-10,5.0,0.647
2021-05-10,7.0,0.9975
2021-05-10,10.0,1.326
2021-05-11,1.0,0.044
2021-05-11,3.0,0.24805
2021-05-11,5.0,0.6613
2021-05-11,7.0,1.0186
2021-05-11,10.0,1.3446
2021-05-12,1.0,0.0438
2021-05-12,3.0,0.28225
2021-05-12,5.0,0.72655
2021-05-12,7.0,1.08675
2021-05-12,10.0,1.41605
2021-05-13,1.0,0.043
2021-05-13,3.0,0.2634
2021-05-13,5.0,0.6865
2021-05-13,7.0,1.03485
2021-05-13,10.0,1.35525
2021-05-14,1.0,0.04165
2021-05-14,3.0,0.2701
2021-05-14,5.0,0.6829
2021-05-14,7.0,1.02985
2021-05-14,10.0,1.34925
2021-05-17,1.0,0.0415
2021-05-17,3.0,0.274
2021-05-17,5.0,0.698
2021-05-17,7.0,1.044
2021-05-17,10.0,1.36155
2021-05-18,1.0,0.0407
2021-05-18,3.0,0.27
2021-05-18,5.0,0.689
2021-05-18,7.0,1.03755
2021-05-18,10.0,1.357
2021-05-19,1.0,0.0432
2021-05-19,3.0,0.289
2021-05-19,5.0,0.7233
2021-05-19,7.0,1.07265
2021-05-19,10.0,1.38855
2021-05-20,1.0,0.0395
2021-05-20,3.0,0.26975
2021-05-20,5.0,0.691
2021-05-20,7.0,1.036
2021-05-20,10.0,1.35315
2021-05-21,1.0,0.0403
2021-05-21,3.0,0.27475
2021-05-21,5.0,0.69625
2021-05-21,7.0,1.03535
2021-05-21,10.0,1.34575
2021-05-24,1.0,0.0405
2021-05-24,3.0,0.26355
2021-05-24,5.0,0.6757
2021-05-24,7.0,1.0153
2021-05-24,10.0,1.326
2021-05-25,1.0,0.0388
2021-05-25,3.0,0.2446
2021-05-25,5.0,0.6424
2021-05-25,7.0,0.973
2021-05-25,10.0,1.2765
2021-05-26,1.0,0.0358
2021-05-26,3.0,0.249
2021-05-26,5.0,0.655
2021-05-26,7.0,0.98995
2021-05-26,10.0,1.29555
2021-05-27,1.0,0.03655
2021-05-27,3.0,0.2613
2021-05-27,5.0,0.68135
2021-05-27,7.0,1.02005
2021-05-27,10.0,1.32835
2021-05-28,1.0,0.034
2021-05-28,3.0,0.2633
2021-05-28,5.0,0.675
2021-05-28,7.0,1.0115
2021-05-28,10.0,1.3233
2021-05-31,3.0,0.2643
2021-05-31,5.0,0.6777
2021-05-31,7.0,1.0135
2021-06-01,1.0,0.03625
2021-06-01,3.0,0.2609
2021-06-01,5.0,0.684
2021-06-01,7.0,1.0289
2021-06-01,10.0,1.339
2021-06-02,1.0,0.0375
2021-06-02,3.0,0.254
2021-06-02,5.0,0.6675
2021-06-02,7.0,1.0113
2021-06-02,10.0,1.3181
2021-06-03,1.0,0.0371
2021-06-03,3.0,0.2763
2021-06-03,5.0,0.707
2021-06-03,7.0,1.0505
2021-06-03,10.0,1.3542
2021-06-04,1.0,0.0378
2021-06-04,3.0,0.25085
2021-06-04,5.0,0.6465
2021-06-04,7.0,0.97965
2021-06-04,10.0,1.2834
2021-06-07,1.0,0.0393
2021-06-07,3.0,0.25885
2021-06-07,5.0,0.656
2021-06-07,7.0,0.99205
2021-06-07,10.0,1.2945
2021-06-08,1.0,0.041
2021-06-08,3.0,0.25145
2021-06-08,5.0,0.637
2021-06-08,7.0,0.96605
2021-06-08,10.0,1.263
2021-06-09,1.0,0.03795
2021-06-09,3.0,0.24275
2021-06-09,5.0,0.6145
2021-06-09,7.0,0.9295
2021-06-09,10.0,1.2215
2021-06-10,1.0,0.04105
2021-06-10,3.0,0.2273
2021-06-10,5.0,0.5785
2021-06-10,7.0,0.8823
2021-06-10,10.0,1.1672
2021-06-11,1.0,0.0393
2021-06-11,3.0,0.24785
2021-06-11,5.0,0.61
2021-06-11,7.0,0.9097
2021-06-11,10.0,1.1867
2021-06-14,1.0,0.0431
2021-06-14,3.0,0.2662
2021-06-14,5.0,0.6465
2021-06-14,7.0,0.951
2021-06-14,10.0,1.2245
2021-06-15,1.0,0.04375
2021-06-15,3.0,0.2676
2021-06-15,5.0,0.6425
2021-06-15,7.0,0.94375
2021-06-15,10.0,1.218
2021-06-16,1.0,0.056
2021-06-16,3.0,0.3462
2021-06-16,5.0,0.75828
2021-06-16,7.0,1.05215
2021-06-16,10.0,1.305
2021-06-17,1.0,0.0565
2021-06-17,3.0,0.35545
2021-06-17,5.0,0.734
2021-06-17,7.0,0.9985
2021-06-17,10.0,1.22695
2021-06-18,1.0,0.0629
2021-06-18,3.0,0.374
2021-06-18,5.0,0.71275
2021-06-18,7.0,0.9455
2021-06-18,10.0,1.14905
2021-06-21,1.0,0.0652
2021-06-21,3.0,0.3753
2021-06-21,5.0,0.72378
2021-06-21,7.0,0.9759
2021-06-21,10.0,1.201
2021-06-22,1.0,0.05895
2021-06-22,3.0,0.35535
2021-06-22,5.0,0.707
2021-06-22,7.0,0.9575
2021-06-22,10.0,1.1815
2021-06-23,1.0,0.0625
2021-06-23,3.0,0.3823
2021-06-23,5.0,0.74
2021-06-23,7.0,0.99205
2021-06-23,10.0,1.2095
2021-06-24,1.0,0.0633
2021-06-24,3.0,0.39305
2021-06-24,5.0,0.7535
2021-06-24,7.0,0.9983
2021-06-24,10.0,1.2101
2021-06-25,1.0,0.0655
2021-06-25,3.0,0.3998
2021-06-25,5.0,0.7619
2021-06-25,7.0,1.01525
2021-06-25,10.0,1.23355
2021-06-28,1.0,0.0614
2021-06-28,3.0,0.3894
2021-06-28,5.0,0.7456
2021-06-28,7.0,0.98565
2021-06-28,10.0,1.19565
2021-06-29,1.0,0.0614
2021-06-29,3.0,0.38985
2021-06-29,5.0,0.7435
2021-06-29,7.0,0.9845
2021-06-29,10.0,1.198
2021-06-30,1.0,0.0622
2021-06-30,3.0,0.3938
2021-06-30,5.0,0.7465
2021-06-30,7.0,0.98315
2021-06-30,10.0,1.193
2021-07-01,1.0,0.0642
2021-07-01,3.0,0.4073
2021-07-01,5.0,0.753
2021-07-01,7.0,0.984
2021-07-01,10.0,1.19005
2021-07-02,1.0,0.06178
2021-07-02,3.0,0.37895
2021-07-02,5.0,0.7152
2021-07-02,7.0,0.9416
2021-07-02,10.0,1.1545
2021-07-05,3.0,0.3777
2021-07-05,5.0,0.7152
2021-07-05,7.0,0.9416
2021-07-06,1.0,0.0562
2021-07-06,3.0,0.3447
2021-07-06,5.0,0.65415
2021-07-06,7.0,0.87145
2021-07-06,10.0,1.07675
2021-07-07,1.0,0.0571
2021-07-07,3.0,0.34135
2021-07-07,5.0,0.642
2021-07-07,7.0,0.8515
2021-07-07,10.0,1.05335
2021-07-08,1.0,0.0552
2021-07-08,3.0,0.3055
2021-07-08,5.0,0.60799
2021-07-08,7.0,0.82395
2021-07-08,10.0,1.035
2021-07-09,1.0,0.0585
2021-07-09,3.0,0.34465
2021-07-09,5.0,0.6577
2021-07-09,7.0,0.893
2021-07-09,10.0,1.1155
2021-07-12,1.0,0.0591
2021-07-12,3.0,0.3413
2021-07-12,5.0,0.6555
2021-07-12,7.0,0.889
2021-07-12,10.0,1.1105
2021-07-13,1.0,0.0648
2021-07-13,3.0,0.39015
2021-07-13,5.0,0.7094
2021-07-13,7.0,0.939
2021-07-13,10.0,1.16355
2021-07-14,1.0,0.0605
2021-07-14,3.0,0.3596
2021-07-14,5.0,0.6625
2021-07-14,7.0,0.87995
2021-07-14,10.0,1.0937
2021-07-15,1.0,0.06
2021-07-15,3.0,0.35805
2021-07-15,5.0,0.641
2021-07-15,7.0,0.8404
2021-07-15,10.0,1.04195
2021-07-16,1.0,0.061
2021-07-16,3.0,0.36055
2021-07-16,5.0,0.638
2021-07-16,7.0,0.8375
2021-07-16,10.0,1.033
2021-07-19,1.0,0.06135
2021-07-19,3.0,0.2995
2021-07-19,5.0,0.55239
2021-07-19,7.0,0.73525
2021-07-19,10.0,0.91735
2021-07-20,1.0,0.0619
2021-07-20,3.0,0.2843
2021-07-20,5.0,0.5445
2021-07-20,7.0,0.75585
2021-07-20,10.0,0.96895
2021-07-21,1.0,0.0584
2021-07-21,3.0,0.3137
2021-07-21,5.0,0.6025
2021-07-21,7.0,0.823
2021-07-21,10.0,1.04495
2021-07-22,1.0,0.06
2021-07-22,3.0,0.308
2021-07-22,5.0,0.58925
2021-07-22,7.0,0.81175
2021-07-22,10.0,1.03625
2021-07-23,1.0,0.06
2021-07-23,3.0,0.3065
2021-07-23,5.0,0.5865
2021-07-23,7.0,0.8065
2021-07-23,10.0,1.0305
2021-07-26,1.0,0.0597
2021-07-26,3.0,0.317
2021-07-26,5.0,0.59817
2021-07-26,7.0,0.8201
2021-07-26,10.0,1.04605
2021-07-27,1.0,0.0609
2021-07-27,3.0,0.3003
2021-07-27,5.0,0.5725
2021-07-27,7.0,0.7834
2021-07-27,10.0,0.99885
2021-07-28,1.0,0.0567
2021-07-28,3.0,0.3045
2021-07-28,5.0,0.577
2021-07-28,7.0,0.789
2021-07-28,10.0,1.006
2021-07-29,1.0,0.05865
2021-07-29,3.0,0.31755
2021-07-29,5.0,0.61025
2021-07-29,7.0,0.82775
2021-07-29,10.0,1.04935
2021-07-30,1.0,0.053
2021-07-30,3.0,0.292
2021-07-30,5.0,0.5688
2021-07-30,7.0,0.78325
2021-07-30,10.0,1.00295
2021-08-02,1.0,0.0515
2021-08-02,3.0,0.2706
2021-08-02,5.0,0.5332
2021-08-02,7.0,0.74265
2021-08-02,10.0,0.95965
2021-08-03,1.0,0.0503
2021-08-03,3.0,0.2612
2021-08-03,5.0,0.52225
2021-08-03,7.0,0.73125
2021-08-03,10.0,0.946
2021-08-04,1.0,0.051
2021-08-04,3.0,0.28945
2021-08-04,5.0,0.55375
2021-08-04,7.0,0.7525
2021-08-04,10.0,0.958
2021-08-05,1.0,0.05595
2021-08-05,3.0,0.32725
2021-08-05,5.0,0.59975
2021-08-05,7.0,0.801
2021-08-05,10.0,1.0015
2021-08-06,1.0,0.05825
2021-08-06,3.0,0.35795
2021-08-06,5.0,0.6455
2021-08-06,7.0,0.86085
2021-08-06,10.0,1.074
2021-08-09,1.0,0.058
2021-08-09,3.0,0.37075
2021-08-09,5.0,0.66875
2021-08-09,7.0,0.8824
2021-08-09,10.0,1.091
2021-08-10,1.0,0.06285
2021-08-10,3.0,0.3898
2021-08-10,5.0,0.69927
2021-08-10,7.0,0.90975
2021-08-10,10.0,1.114
2021-08-11,1.0,0.05955
2021-08-11,3.0,0.36645
2021-08-11,5.0,0.6795
2021-08-11,7.0,0.89025
2021-08-11,10.0,1.0965
2021-08-12,1.0,0.062
2021-08-12,3.0,0.3802
2021-08-12,5.0,0.6966
2021-08-12,7.0,0.90925
2021-08-12,10.0,1.11485
2021-08-13,1.0,0.062
2021-08-13,3.0,0.36215
2021-08-13,5.0,0.64475
2021-08-13,7.0,0.842
2021-08-13,10.0,1.03485
2021-08-16,1.0,0.06225
2021-08-16,3.0,0.3518
2021-08-16,5.0,0.6305
2021-08-16,7.0,0.8292
2021-08-16,10.0,1.0236
2021-08-17,1.0,0.062
2021-08-17,3.0,0.362
2021-08-17,5.0,0.6385
2021-08-17,7.0,0.835
2021-08-17,10.0,1.02975
2021-08-18,1.0,0.06005
2021-08-18,3.0,0.3595
2021-08-18,5.0,0.64
2021-08-18,7.0,0.8344
2021-08-18,10.0,1.028
2021-08-19,1.0,0.06095
2021-08-19,3.0,0.36135
2021-08-19,5.0,0.638
2021-08-19,7.0,0.8243
2021-08-19,10.0,1.0093
2021-08-20,1.0,0.06
2021-08-20,3.0,0.3683
2021-08-20,5.0,0.6489
2021-08-20,7.0,0.83525
2021-08-20,10.0,1.019
2021-08-23,1.0,0.0618
2021-08-23,3.0,0.36
2021-08-23,5.0,0.63725
2021-08-23,7.0,0.82675
2021-08-23,10.0,1.01435
2021-08-24,1.0,0.0639
2021-08-24,3.0,0.3733
2021-08-24,5.0,0.667
2021-08-24,7.0,0.86525
2021-08-24,10.0,1.05885
2021-08-25,1.0,0.063
2021-08-25,3.0,0.38785
2021-08-25,5.0,0.696
2021-08-25,7.0,0.90775
2021-08-25,10.0,1.10875
2021-08-26,1.0,0.0615
2021-08-26,3.0,0.3965
2021-08-26,5.0,0.71375
2021-08-26,7.0,0.92175
2021-08-26,10.0,1.11625
2021-08-27,1.0,0.056
2021-08-27,3.0,0.3635
2021-08-27,5.0,0.67025
2021-08-27,7.0,0.8785
2021-08-27,10.0,1.077
2021-08-30,1.0,0.0563
2021-08-30,3.0,0.347
2021-08-30,5.0,0.641
2021-08-30,7.0,0.84985
2021-08-30,10.0,1.051
2021-08-31,1.0,0.0563
2021-08-31,3.0,0.3485
2021-08-31,5.0,0.6504
2021-08-31,7.0,0.8689
2021-08-31,10.0,1.0765
2021-09-01,1.0,0.0582
2021-09-01,3.0,0.3502
2021-09-01,5.0,0.6465
2021-09-01,7.0,0.861
2021-09-01,10.0,1.065
2021-09-02,1.0,0.0582
2021-09-02,3.0,0.3434
2021-09-02,5.0,0.63625
2021-09-02,7.0,0.8485
2021-09-02,10.0,1.0516
2021-09-03,1.0,0.057
2021-09-03,3.0,0.348
2021-09-03,5.0,0.6562
2021-09-03,7.0,0.879
2021-09-03,10.0,1.0903
2021-09-06,3.0,0.3515
2021-09-06,5.0,0.653
2021-09-06,7.0,0.874
2021-09-07,1.0,0.0575
2021-09-07,3.0,0.369
2021-09-07,5.0,0.69375
2021-09-07,7.0,0.9251
2021-09-07,10.0,1.1409
2021-09-08,1.0,0.0593
2021-09-08,3.0,0.36985
2021-09-08,5.0,0.68285
2021-09-08,7.0,0.907
2021-09-08,10.0,1.1165
2021-09-09,1.0,0.0565
2021-09-09,3.0,0.3607
2021-09-09,5.0,0.6635
2021-09-09,7.0,0.87575
2021-09-09,10.0,1.07715
2021-09-10,1.0,0.05548
2021-09-10,3.0,0.3772
2021-09-10,5.0,0.6925
2021-09-10,7.0,0.9131
2021-09-10,10.0,1.1195
2021-09-13,1.0,0.057
2021-09-13,3.0,0.3718
2021-09-13,5.0,0.6825
2021-09-13,7.0,0.89925
2021-09-13,10.0,1.1007
2021-09-14,1.0,0.0573
2021-09-14,3.0,0.3647
2021-09-14,5.0,0.668
2021-09-14,7.0,0.872
2021-09-14,10.0,1.0625
2021-09-15,1.0,0.058
2021-09-15,3.0,0.3732
2021-09-15,5.0,0.6788
2021-09-15,7.0,0.889
2021-09-15,10.0,1.08375
2021-09-16,1.0,0.06
2021-09-16,3.0,0.4007
2021-09-16,5.0,0.727
2021-09-16,7.0,0.93675
2021-09-16,10.0,1.127
2021-09-17,1.0,0.06
2021-09-17,3.0,0.4122
2021-09-17,5.0,0.7467
2021-09-17,7.0,0.962
2021-09-17,10.0,1.1526
2021-09-20,1.0,0.05748
2021-09-20,3.0,0.391
2021-09-20,5.0,0.70825
2021-09-20,7.0,0.9114
2021-09-20,10.0,1.093
2021-09-21,1.0,0.057
2021-09-21,3.0,0.3878
2021-09-21,5.0,0.7108
2021-09-21,7.0,0.91475
2021-09-21,10.0,1.098
2021-09-22,1.0,0.06237
2021-09-22,3.0,0.4242
2021-09-22,5.0,0.734
2021-09-22,7.0,0.916
2021-09-22,10.0,1.0801
2021-09-23,1.0,0.0672
2021-09-23,3.0,0.47575
2021-09-23,5.0,0.8263
2021-09-23,7.0,1.029
2021-09-23,10.0,1.2085
2021-09-24,1.0,0.06897
2021-09-24,3.0,0.479
2021-09-24,5.0,0.82475
2021-09-24,7.0,1.03975
2021-09-24,10.0,1.22975
2021-09-27,1.0,0.0726
2021-09-27,3.0,0.496
2021-09-27,5.0,0.862
2021-09-27,7.0,1.0786
2021-09-27,10.0,1.2645
2021-09-28,1.0,0.07212
2021-09-28,3.0,0.49669
2021-09-28,5.0,0.8802
2021-09-28,7.0,1.111
2021-09-28,10.0,1.3108
2021-09-29,1.0,0.0702
2021-09-29,3.0,0.47124
2021-09-29,5.0,0.848
2021-09-29,7.0,1.084
2021-09-29,10.0,1.284
2021-09-30,1.0,0.0707
2021-09-30,3.0,0.4627
2021-09-30,5.0,0.831
2021-09-30,7.0,1.0591
2021-09-30,10.0,1.2557
2021-10-01,1.0,0.067
2021-10-01,3.0,0.44028
2021-10-01,5.0,0.79575
2021-10-01,7.0,1.02725
2021-10-01,10.0,1.2289
2021-10-04,1.0,0.06785
2021-10-04,3.0,0.449
2021-10-04,5.0,0.8036
2021-10-04,7.0,1.036
2021-10-04,10.0,1.2405
2021-10-05,1.0,0.07023
2021-10-05,3.0,0.4692
2021-10-05,5.0,0.8299
2021-10-05,7.0,1.07425
2021-10-05,10.0,1.285
2021-10-06,1.0,0.0757
2021-10-06,3.0,0.4807
2021-10-06,5.0,0.8405
2021-10-06,7.0,1.0777
2021-10-06,10.0,1.2821
2021-10-07,1.0,0.0795
2021-10-07,3.0,0.5125
2021-10-07,5.0,0.8845
2021-10-07,7.0,1.13
2021-10-07,10.0,1.344
2021-10-08,1.0,0.08137
2021-10-08,3.0,0.542
2021-10-08,5.0,0.9248
2021-10-08,7.0,1.17125
2021-10-08,10.0,1.385
2021-10-11,3.0,0.5712
2021-10-11,5.0,0.899
2021-10-11,7.0,1.172
2021-10-11,10.0,1.355
2021-10-12,1.0,0.09133
2021-10-12,3.0,0.5762
2021-10-12,5.0,0.9314
2021-10-12,7.0,1.1545
2021-10-12,10.0,1.3479
2021-10-13,1.0,0.10108
2021-10-13,3.0,0.5991
2021-10-13,5.0,0.923
2021-10-13,7.0,1.124
2021-10-13,10.0,1.29925
2021-10-14,1.0,0.1064
2021-10-14,3.0,0.595
2021-10-14,5.0,0.904
2021-10-14,7.0,1.0989
2021-10-14,10.0,1.2732
2021-10-15,1.0,0.122
2021-10-15,3.0,0.6508
2021-10-15,5.0,0.97025
2021-10-15,7.0,1.15835
2021-10-15,10.0,1.32295
2021-10-18,1.0,0.12444
2021-10-18,3.0,0.69425
2021-10-18,5.0,1.00825
2021-10-18,7.0,1.19125
2021-10-18,10.0,1.349
2021-10-19,1.0,0.121
2021-10-19,3.0,0.6732
2021-10-19,5.0,1.003
2021-10-19,7.0,1.2114
2021-10-19,10.0,1.38925
2021-10-20,1.0,0.11965
2021-10-20,3.0,0.66668
2021-10-20,5.0,1.0086
2021-10-20,7.0,1.2249
2021-10-20,10.0,1.4114
2021-10-21,1.0,0.145
2021-10-21,3.0,0.7489
2021-10-21,5.0,1.083
2021-10-21,7.0,1.2862
2021-10-21,10.0,1.45825
2021-10-22,1.0,0.15113
2021-10-22,3.0,0.7327
2021-10-22,5.0,1.0454
2021-10-22,7.0,1.2339
2021-10-22,10.0,1.39525
2021-10-25,1.0,0.14402
2021-10-25,3.0,0.71194
2021-10-25,5.0,1.0304
2021-10-25,7.0,1.2308
2021-10-25,10.0,1.4043
2021-10-26,1.0,0.14487
2021-10-26,3.0,0.71995
2021-10-26,5.0,1.03275
2021-10-26,7.0,1.2234
2021-10-26,10.0,1.3862
2021-10-27,1.0,0.16791
2021-10-27,3.0,0.73674
2021-10-27,5.0,1.002
2021-10-27,7.0,1.1694
2021-10-27,10.0,1.3131
2021-10-28,1.0,0.1642
2021-10-28,3.0,0.72725
2021-10-28,5.0,0.9895
2021-10-28,7.0,1.164
2021-10-28,10.0,1.31705
2021-10-29,1.0,0.177
2021-10-29,3.0,0.75669
2021-10-29,5.0,0.9965
2021-10-29,7.0,1.1613
2021-10-29,10.0,1.3039
2021-11-01,1.0,0.16702
2021-11-01,3.0,0.75175
2021-11-01,5.0,1
2021-11-01,7.0,1.1668
2021-11-01,10.0,1.31025
2021-11-02,1.0,0.144
2021-11-02,3.0,0.70955
2021-11-02,5.0,0.99245
2021-11-02,7.0,1.1703
2021-11-02,10.0,1.31875
2021-11-03,1.0,0.1573
2021-11-03,3.0,0.74725
2021-11-03,5.0,1.038
2021-11-03,7.0,1.223
2021-11-03,10.0,1.377
2021-11-04,1.0,0.15117
2021-11-04,3.0,0.6899
2021-11-04,5.0,0.96875
2021-11-04,7.0,1.1478
2021-11-04,10.0,1.3009
2021-11-05,1.0,0.138
2021-11-05,3.0,0.64575
2021-11-05,5.0,0.90775
2021-11-05,7.0,1.07355
2021-11-05,10.0,1.21705
2021-11-08,1.0,0.15551
2021-11-08,3.0,0.69985
2021-11-08,5.0,0.966
2021-11-08,7.0,1.123
2021-11-08,10.0,1.257
2021-11-09,1.0,0.143
2021-11-09,3.0,0.68575
2021-11-09,5.0,0.93125
2021-11-09,7.0,1.084
2021-11-09,10.0,1.2125
2021-11-10,1.0,0.1795
2021-11-10,3.0,0.80305
2021-11-10,5.0,1.058
2021-11-10,7.0,1.20225
2021-11-10,10.0,1.32375
2021-11-11,1.0,0.18
2021-11-11,3.0,0.8356
2021-11-11,5.0,1.013
2021-11-11,7.0,1.204
2021-11-11,10.0,1.313
2021-11-12,1.0,0.1919
2021-11-12,3.0,0.8253
2021-11-12,5.0,1.076
2021-11-12,7.0,1.2279
2021-11-12,10.0,1.355
2021-11-15,1.0,0.195
2021-11-15,3.0,0.8457
2021-11-15,5.0,1.10575
2021-11-15,7.0,1.268
2021-11-15,10.0,1.4011
2021-11-16,1.0,0.194
2021-11-16,3.0,0.851
2021-11-16,5.0,1.12435
2021-11-16,7.0,1.2889
2021-11-16,10.0,1.41975
2021-11-17,1.0,0.185
2021-11-17,3.0,0.8193
2021-11-17,5.0,1.09225
2021-11-17,7.0,1.2497
2021-11-17,10.0,1.37615
2021-11-18,1.0,0.18455
2021-11-18,3.0,0.81035
2021-11-18,5.0,1.0745
2021-11-18,7.0,1.23275
2021-11-18,10.0,1.36475
2021-11-19,1.0,0.204
2021-11-19,3.0,0.84025
2021-11-19,5.0,1.08175
2021-11-19,7.0,1.2194
2021-11-19,10.0,1.33
2021-11-22,1.0,0.237
2021-11-22,3.0,0.9279
2021-11-22,5.0,1.1735
2021-11-22,7.0,1.312
2021-11-22,10.0,1.4185
2021-11-23,1.0,0.23445
2021-11-23,3.0,0.9175
2021-11-23,5.0,1.18625
2021-11-23,7.0,1.3393
2021-11-23,10.0,1.4565
2021-11-24,1.0,0.25645
2021-11-24,3.0,0.95075
2021-11-24,5.0,1.19475
2021-11-24,7.0,1.3274
2021-11-24,10.0,1.42265
2021-11-25,1.0,0.257
2021-11-25,3.0,0.958
2021-11-25,5.0,1.194
2021-11-25,7.0,1.326
2021-11-25,10.0,1.4242
2021-11-26,1.0,0.1896
2021-11-26,3.0,0.7895
2021-11-26,5.0,1.018
2021-11-26,7.0,1.165
2021-11-26,10.0,1.2632
2021-11-29,1.0,0.173
2021-11-29,3.0,0.774
2021-11-29,5.0,1.0182
2021-11-29,7.0,1.169
2021-11-29,10.0,1.2895
2021-11-30,1.0,0.2239
2021-11-30,3.0,0.8279
2021-11-30,5.0,1.0295
2021-11-30,7.0,1.1533
2021-11-30,10.0,1.25515
2021-12-01,1.0,0.2215
2021-12-01,3.0,0.8126
2021-12-01,5.0,1.0008
2021-12-01,7.0,1.1133
2021-12-01,10.0,1.2125
2021-12-02,1.0,0.2467
2021-12-02,3.0,0.8763
2021-12-02,5.0,1.0595
2021-12-02,7.0,1.1644
2021-12-02,10.0,1.2519
2021-12-03,1.0,0.22965
2021-12-03,3.0,0.837
2021-12-03,5.0,0.99425
2021-12-03,7.0,1.0884
2021-12-03,10.0,1.1736
2021-12-06,1.0,0.25925
2021-12-06,3.0,0.88955
2021-12-06,5.0,1.071
2021-12-06,7.0,1.1735
2021-12-06,10.0,1.264
2021-12-07,1.0,0.2875
2021-12-07,3.0,0.9388
2021-12-07,5.0,1.12203
2021-12-07,7.0,1.2199
2021-12-07,10.0,1.30475
2021-12-08,1.0,0.27785
2021-12-08,3.0,0.93785
2021-12-08,5.0,1.135
2021-12-08,7.0,1.2408
2021-12-08,10.0,1.33495
2021-12-09,1.0,0.29065
2021-12-09,3.0,0.9443
2021-12-09,5.0,1.13075
2021-12-09,7.0,1.22785
2021-12-09,10.0,1.3191
2021-12-10,1.0,0.2815
2021-12-10,3.0,0.91945
2021-12-10,5.0,1.1112
2021-12-10,7.0,1.2146
2021-12-10,10.0,1.31275
2021-12-13,1.0,0.2735
2021-12-13,3.0,0.8784
2021-12-13,5.0,1.0628
2021-12-13,7.0,1.15575
2021-12-13,10.0,1.2464
2021-12-14,1.0,0.2908
2021-12-14,3.0,0.9035
2021-12-14,5.0,1.09102
2021-12-14,7.0,1.1808
2021-12-14,10.0,1.26925
2021-12-15,1.0,0.31805
2021-12-15,3.0,0.9133
2021-12-15,5.0,1.0925
2021-12-15,7.0,1.1816
2021-12-15,10.0,1.27325
2021-12-16,1.0,0.312
2021-12-16,3.0,0.84785
2021-12-16,5.0,1.009
2021-12-16,7.0,1.1074
2021-12-16,10.0,1.2134
2021-12-17,1.0,0.33155
2021-12-17,3.0,0.86575
2021-12-17,5.0,1.0191
2021-12-17,7.0,1.1088
2021-12-17,10.0,1.2042
2021-12-20,1.0,0.3303
2021-12-20,3.0,0.86415
2021-12-20,5.0,1.02675
2021-12-20,7.0,1.1287
2021-12-20,10.0,1.23225
2021-12-21,1.0,0.3457
2021-12-21,3.0,0.9059
2021-12-21,5.0,1.07925
2021-12-21,7.0,1.1763
2021-12-21,10.0,1.2765
2021-12-22,1.0,0.35795
2021-12-22,3.0,0.91
2021-12-22,5.0,1.08547
2021-12-22,7.0,1.1781
2021-12-22,10.0,1.2735
2021-12-23,1.0,0.376
2021-12-23,3.0,0.93935
2021-12-23,5.0,1.10875
2021-12-23,7.0,1.20475
2021-12-23,10.0,1.3076
2021-12-24,1.0,0.3729
2021-12-24,3.0,0.9368
2021-12-24,5.0,1.107
2021-12-24,7.0,1.2036
2021-12-24,10.0,1.306
2021-12-27,1.0,0.3888
2021-12-27,3.0,0.9465
2021-12-27,5.0,1.1045
2021-12-27,7.0,1.1925
2021-12-27,10.0,1.289
2021-12-28,1.0,0.3989
2021-12-28,3.0,0.94075
2021-12-28,5.0,1.103
2021-12-28,7.0,1.1935
2021-12-28,10.0,1.2941
2021-12-29,1.0,0.39915
2021-12-29,3.0,0.95975
2021-12-29,5.0,1.1465
2021-12-29,7.0,1.2517
2021-12-29,10.0,1.3619
2021-12-30,1.0,0.3914
2021-12-30,3.0,0.93755
2021-12-30,5.0,1.1167
2021-12-30,7.0,1.214
2021-12-30,10.0,1.3177
2021-12-31,1.0,0.39855
2021-12-31,3.0,0.95345
2021-12-31,5.0,1.12337
2021-12-31,7.0,1.21957
2021-12-31,10.0,1.32127
2022-01-03,1.0,0.40595
2022-01-03,3.0,0.9914
2022-01-03,5.0,1.20216
2022-01-03,7.0,1.3149
2022-01-03,10.0,1.4237
2022-01-04,1.0,0.3949
2022-01-04,3.0,0.98215
2022-01-04,5.0,1.19958
2022-01-04,7.0,1.32275
2022-01-04,10.0,1.437
2022-01-05,1.0,0.44
2022-01-05,3.0,1.05605
2022-01-05,5.0,1.2746
2022-01-05,7.0,1.39425
2022-01-05,10.0,1.4994
2022-01-06,1.0,0.463
2022-01-06,3.0,1.09605
2022-01-06,5.0,1.3161
2022-01-06,7.0,1.42855
2022-01-06,10.0,1.524
2022-01-07,1.0,0.4584
2022-01-07,3.0,1.1206
2022-01-07,5.0,1.344
2022-01-07,7.0,1.4665
2022-01-07,10.0,1.56475
2022-01-10,1.0,0.48135
2022-01-10,3.0,1.15025
2022-01-10,5.0,1.3703
2022-01-10,7.0,1.4832
2022-01-10,10.0,1.571
2022-01-11,1.0,0.4711
2022-01-11,3.0,1.1261
2022-01-11,5.0,1.3397
2022-01-11,7.0,1.45055
2022-01-11,10.0,1.539
2022-01-12,1.0,0.50745
2022-01-12,3.0,1.1493
2022-01-12,5.0,1.35
2022-01-12,7.0,1.4521
2022-01-12,10.0,1.53825
2022-01-13,1.0,0.5045
2022-01-13,3.0,1.126
2022-01-13,5.0,1.3099
2022-01-13,7.0,1.41025
2022-01-13,10.0,1.49825
2022-01-14,1.0,0.543
2022-01-14,3.0,1.20725
2022-01-14,5.0,1.40025
2022-01-14,7.0,1.50125
2022-01-14,10.0,1.58555
2022-01-17,10.0,1.58
2022-01-18,1.0,0.6105
2022-01-18,3.0,1.29395
2022-01-18,5.0,1.50255
2022-01-18,7.0,1.6
2022-01-18,10.0,1.675
2022-01-19,1.0,0.6125
2022-01-19,3.0,1.2883
2022-01-19,5.0,1.48797
2022-01-19,7.0,1.582
2022-01-19,10.0,1.6526
2022-01-20,1.0,0.603
2022-01-20,3.0,1.2455
2022-01-20,5.0,1.4319
2022-01-20,7.0,1.5255
2022-01-20,10.0,1.60155
2022-01-21,1.0,0.59125
2022-01-21,3.0,1.21995
2022-01-21,5.0,1.4025
2022-01-21,7.0,1.4885
2022-01-21,10.0,1.56
2022-01-24,1.0,0.5768
2022-01-24,3.0,1.1836
2022-01-24,5.0,1.3831
2022-01-24,7.0,1.484
2022-01-24,10.0,1.5697
2022-01-25,1.0,0.6002
2022-01-25,3.0,1.1923
2022-01-25,5.0,1.3925
2022-01-25,7.0,1.4914
2022-01-25,10.0,1.57575
2022-01-26,1.0,0.69855
2022-01-26,3.0,1.3353
2022-01-26,5.0,1.5166
2022-01-26,7.0,1.6022
2022-01-26,10.0,1.67025
2022-01-27,1.0,0.73775
2022-01-27,3.0,1.35055
2022-01-27,5.0,1.48925
2022-01-27,7.0,1.5524
2022-01-27,10.0,1.60825
2022-01-28,1.0,0.731
2022-01-28,3.0,1.31645
2022-01-28,5.0,1.4514
2022-01-28,7.0,1.5227
2022-01-28,10.0,1.587
2022-01-31,1.0,0.7725
2022-01-31,3.0,1.3255
2022-01-31,5.0,1.4475
2022-01-31,7.0,1.5211
2022-01-31,10.0,1.58915
2022-02-01,1.0,0.7415
2022-02-01,3.0,1.313
2022-02-01,5.0,1.4524
2022-02-01,7.0,1.5279
2022-02-01,10.0,1.5961
2022-02-02,1.0,0.73275
2022-02-02,3.0,1.30825
2022-02-02,5.0,1.44305
2022-02-02,7.0,1.51625
2022-02-02,10.0,1.585
2022-02-03,1.0,0.77485
2022-02-03,3.0,1.36595
2022-02-03,5.0,1.5086
2022-02-03,7.0,1.5768
2022-02-03,10.0,1.63775
2022-02-04,1.0,0.8747
2022-02-04,3.0,1.4761
2022-02-04,5.0,1.6049
2022-02-04,7.0,1.6673
2022-02-04,10.0,1.7199
2022-02-07,1.0,0.8485
2022-02-07,3.0,1.46125
2022-02-07,5.0,1.6029
2022-02-07,7.0,1.6681
2022-02-07,10.0,1.7252
2022-02-08,1.0,0.8849
2022-02-08,3.0,1.5166
2022-02-08,5.0,1.65395
2022-02-08,7.0,1.7175
2022-02-08,10.0,1.77075
2022-02-09,1.0,0.9059
2022-02-09,3.0,1.5325
2022-02-09,5.0,1.65375
2022-02-09,7.0,1.7052
2022-02-09,10.0,1.754
2022-02-10,1.0,1.128
2022-02-10,3.0,1.723
2022-02-10,5.0,1.7883
2022-02-10,7.0,1.819
2022-02-10,10.0,1.8505
2022-02-11,1.0,1.074
2022-02-11,3.0,1.6365
2022-02-11,5.0,1.6945
2022-02-11,7.0,1.7204
2022-02-11,10.0,1.753
2022-02-14,1.0,1.09835
2022-02-14,3.0,1.6954
2022-02-14,5.0,1.75312
2022-02-14,7.0,1.7765
2022-02-14,10.0,1.8099
2022-02-15,1.0,1.0881
2022-02-15,3.0,1.7015
2022-02-15,5.0,1.7762
2022-02-15,7.0,1.8148
2022-02-15,10.0,1.8605
2022-02-16,1.0,1.0428
2022-02-16,3.0,1.6538
2022-02-16,5.0,1.7518
2022-02-16,7.0,1.8014
2022-02-16,10.0,1.8534
2022-02-17,1.0,1.0173
2022-02-17,3.0,1.593
2022-02-17,5.0,1.6695
2022-02-17,7.0,1.7158
2022-02-17,10.0,1.7744
2022-02-18,1.0,0.994
2022-02-18,3.0,1.5704
2022-02-18,5.0,1.64575
2022-02-18,7.0,1.6875
2022-02-18,10.0,1.74105
2022-02-21,1.0,0.9942
2022-02-21,10.0,1.7412
2022-02-22,1.0,1.0794
2022-02-22,3.0,1.64975
2022-02-22,5.0,1.6971
2022-02-22,7.0,1.721
2022-02-22,10.0,1.7607
2022-02-23,1.0,1.101
2022-02-23,3.0,1.6808
2022-02-23,5.0,1.735
2022-02-23,7.0,1.76775
2022-02-23,10.0,1.81215
2022-02-24,1.0,1.053
2022-02-24,3.0,1.65785
2022-02-24,5.0,1.7005
2022-02-24,7.0,1.7387
2022-02-24,10.0,1.7887
2022-02-25,1.0,1.0483
2022-02-25,3.0,1.6578
2022-02-25,5.0,1.702
2022-02-25,7.0,1.7346
2022-02-25,10.0,1.78025
2022-02-28,1.0,0.922
2022-02-28,3.0,1.48635
2022-02-28,5.0,1.5524
2022-02-28,7.0,1.5933
2022-02-28,10.0,1.6478
2022-03-01,1.0,0.857
2022-03-01,3.0,1.3438
2022-03-01,5.0,1.4098
2022-03-01,7.0,1.4645
2022-03-01,10.0,1.5369
2022-03-02,1.0,1.0123
2022-03-02,3.0,1.5345
2022-03-02,5.0,1.57775
2022-03-02,7.0,1.6316
2022-03-02,10.0,1.70175
2022-03-03,1.0,1.03695
2022-03-03,3.0,1.5371
2022-03-03,5.0,1.558
2022-03-03,7.0,1.5965
2022-03-03,10.0,1.6597
2022-03-04,1.0,1.003
2022-03-04,3.0,1.4531
2022-03-04,5.0,1.4545
2022-03-04,7.0,1.4808
2022-03-04,10.0,1.543
2022-03-07,1.0,1.0415
2022-03-07,3.0,1.509
2022-03-07,5.0,1.5065
2022-03-07,7.0,1.529
2022-03-07,10.0,1.5814
2022-03-08,1.0,1.06545
2022-03-08,3.0,1.5731
2022-03-08,5.0,1.572
2022-03-08,7.0,1.6
2022-03-08,10.0,1.6505
2022-03-09,1.0,1.13385
2022-03-09,3.0,1.6767
2022-03-09,5.0,1.6804
2022-03-09,7.0,1.7104
2022-03-09,10.0,1.7674
2022-03-10,1.0,1.14985
2022-03-10,3.0,1.7076
2022-03-10,5.0,1.7221
2022-03-10,7.0,1.7477
2022-03-10,10.0,1.796
2022-03-11,1.0,1.1962
2022-03-11,3.0,1.7557
2022-03-11,5.0,1.752
2022-03-11,7.0,1.764
2022-03-11,10.0,1.804
2022-03-14,1.0,1.2712
2022-03-14,3.0,1.89145
2022-03-14,5.0,1.89875
2022-03-14,7.0,1.9108
2022-03-14,10.0,1.946
2022-03-15,1.0,1.2698
2022-03-15,3.0,1.894
2022-03-15,5.0,1.9108
2022-03-15,7.0,1.92625
2022-03-15,10.0,1.9631
2022-03-16,1.0,1.3075
2022-03-16,3.0,1.99725
2022-03-16,5.0,1.9965
2022-03-16,7.0,1.9998
2022-03-16,10.0,2.02
2022-03-17,1.0,1.3196
2022-03-17,3.0,1.968
2022-03-17,5.0,1.954
2022-03-17,7.0,1.9642
2022-03-17,10.0,1.998
2022-03-18,1.0,1.3695
2022-03-18,3.0,1.99975
2022-03-18,5.0,1.9577
2022-03-18,7.0,1.957
2022-03-18,10.0,1.9833
2022-03-21,1.0,1.504
2022-03-21,3.0,2.17315
2022-03-21,5.0,2.1258
2022-03-21,7.0,2.1079
2022-03-21,10.0,2.1164
2022-03-22,1.0,1.5461
2022-03-22,3.0,2.22545
2022-03-22,5.0,2.1939
2022-03-22,7.0,2.1815
2022-03-22,10.0,2.1933
2022-03-23,1.0,1.5244
2022-03-23,3.0,2.15235
2022-03-23,5.0,2.105
2022-03-23,7.0,2.0881
2022-03-23,10.0,2.0924
2022-03-24,1.0,1.6005
2022-03-24,3.0,2.23395
2022-03-24,5.0,2.1957
2022-03-24,7.0,2.177
2022-03-24,10.0,2.1775
2022-03-25,1.0,1.676
2022-03-25,3.0,2.36395
2022-03-25,5.0,2.338
2022-03-25,7.0,2.3024
2022-03-25,10.0,2.2781
2022-03-28,1.0,1.713
2022-03-28,3.0,2.427
2022-03-28,5.0,2.356
2022-03-28,7.0,2.306
2022-03-28,10.0,2.2666
2022-03-29,1.0,1.704
2022-03-29,3.0,2.4201
2022-03-29,5.0,2.2948
2022-03-29,7.0,2.2347
2022-03-29,10.0,2.1997
2022-03-30,1.0,1.6655
2022-03-30,3.0,2.3525
2022-03-30,5.0,2.23025
2022-03-30,7.0,2.1739
2022-03-30,10.0,2.1457
2022-03-31,1.0,1.69222
2022-03-31,3.0,2.37565
2022-03-31,5.0,2.2463
2022-03-31,7.0,2.174
2022-03-31,10.0,2.1287
2022-04-01,1.0,1.7715
2022-04-01,3.0,2.4936
2022-04-01,5.0,2.3395
2022-04-01,7.0,2.242
2022-04-01,10.0,2.169
2022-04-04,1.0,1.759
2022-04-04,3.0,2.46
2022-04-04,5.0,2.3208
2022-04-04,7.0,2.2275
2022-04-04,10.0,2.1645
2022-04-05,1.0,1.8194
2022-04-05,3.0,2.56485
2022-04-05,5.0,2.464
2022-04-05,7.0,2.379
2022-04-05,10.0,2.3131
2022-04-06,1.0,1.8207
2022-04-06,3.0,2.5338
2022-04-06,5.0,2.4532
2022-04-06,7.0,2.3991
2022-04-06,10.0,2.3628
2022-04-07,1.0,1.8289
2022-04-07,3.0,2.527
2022-04-07,5.0,2.4784
2022-04-07,7.0,2.4436
2022-04-07,10.0,2.4156
2022-04-08,1.0,1.8629
2022-04-08,3.0,2.5955
2022-04-08,5.0,2.5392
2022-04-08,7.0,2.5057
2022-04-08,10.0,2.477
2022-04-11,1.0,1.868
2022-04-11,3.0,2.5953
2022-04-11,5.0,2.578
2022-04-11,7.0,2.5705
2022-04-11,10.0,2.56575
2022-04-12,1.0,1.80925
2022-04-12,3.0,2.4764
2022-04-12,5.0,2.46775
2022-04-12,7.0,2.473
2022-04-12,10.0,2.4911
2022-04-13,1.0,1.81345
2022-04-13,3.0,2.4257
2022-04-13,5.0,2.4326
2022-04-13,7.0,2.4446
2022-04-13,10.0,2.4697
2022-04-14,1.0,1.8714
2022-04-14,3.0,2.5398
2022-04-14,5.0,2.545
2022-04-14,7.0,2.568
2022-04-14,10.0,2.593
2022-04-15,1.0,1.87
2022-04-15,3.0,2.5398
2022-04-15,5.0,2.548
2022-04-15,10.0,2.588
2022-04-18,1.0,1.8745
2022-04-18,3.0,2.542
2022-04-18,5.0,2.56325
2022-04-18,7.0,2.5891
2022-04-18,10.0,2.6195
2022-04-19,1.0,1.9695
2022-04-19,3.0,2.69525
2022-04-19,5.0,2.7017
2022-04-19,7.0,2.709
2022-04-19,10.0,2.7201
2022-04-20,1.0,1.98175
2022-04-20,3.0,2.66125
2022-04-20,5.0,2.6383
2022-04-20,7.0,2.6139
2022-04-20,10.0,2.601
2022-04-21,1.0,2.09178
2022-04-21,3.0,2.784
2022-04-21,5.0,2.74975
2022-04-21,7.0,2.7084
2022-04-21,10.0,2.6755
2022-04-22,1.0,2.1365
2022-04-22,3.0,2.7544
2022-04-22,5.0,2.7069
2022-04-22,7.0,2.6805
2022-04-22,10.0,2.6655
2022-04-25,1.0,2.1225
2022-04-25,3.0,2.69755
2022-04-25,5.0,2.6359
2022-04-25,7.0,2.6028
2022-04-25,10.0,2.5869
2022-04-26,1.0,2.04925
2022-04-26,3.0,2.5596
2022-04-26,5.0,2.52144
2022-04-26,7.0,2.501
2022-04-26,10.0,2.4998
2022-04-27,1.0,2.10905
2022-04-27,3.0,2.6645
2022-04-27,5.0,2.62825
2022-04-27,7.0,2.6157
2022-04-27,10.0,2.6212
2022-04-28,1.0,2.153
2022-04-28,3.0,2.70075
2022-04-28,5.0,2.6552
2022-04-28,7.0,2.6345
2022-04-28,10.0,2.6309
2022-04-29,1.0,2.263
2022-04-29,3.0,2.8109
2022-04-29,5.0,2.765
2022-04-29,7.0,2.7424
2022-04-29,10.0,2.73625
2022-05-02,1.0,2.2445
2022-05-02,3.0,2.84485
2022-05-02,5.0,2.812
2022-05-02,7.0,2.7896
2022-05-02,10.0,2.778
2022-05-03,1.0,2.2945
2022-05-03,3.0,2.87055
2022-05-03,5.0,2.8248
2022-05-03,7.0,2.7895
2022-05-03,10.0,2.766
2022-05-04,1.0,2.214
2022-05-04,3.0,2.75705
2022-05-04,5.0,2.7295
2022-05-04,7.0,2.7285
2022-05-04,10.0,2.7383
2022-05-05,1.0,2.2595
2022-05-05,3.0,2.82875
2022-05-05,5.0,2.8075
2022-05-05,7.0,2.811
2022-05-05,10.0,2.8245
2022-05-06,1.0,2.272
2022-05-06,3.0,2.85405
2022-05-06,5.0,2.8745
2022-05-06,7.0,2.89075
2022-05-06,10.0,2.912
2022-05-09,1.0,2.1623
2022-05-09,3.0,2.68315
2022-05-09,5.0,2.72585
2022-05-09,7.0,2.7647
2022-05-09,10.0,2.806
2022-05-10,1.0,2.1977
2022-05-10,3.0,2.6867
2022-05-10,5.0,2.695
2022-05-10,7.0,2.7301
2022-05-10,10.0,2.7724
2022-05-11,1.0,2.2365
2022-05-11,3.0,2.6975
2022-05-11,5.0,2.6769
2022-05-11,7.0,2.6891
2022-05-11,10.0,2.7145
2022-05-12,1.0,2.208
2022-05-12,3.0,2.60685
2022-05-12,5.0,2.6005
2022-05-12,7.0,2.6205
2022-05-12,10.0,2.6572
2022-05-13,1.0,2.227
2022-05-13,3.0,2.6315
2022-05-13,5.0,2.6381
2022-05-13,7.0,2.669
2022-05-13,10.0,2.7142
2022-05-16,1.0,2.238
2022-05-16,3.0,2.5982
2022-05-16,5.0,2.5871
2022-05-16,7.0,2.6184
2022-05-16,10.0,2.6721
2022-05-17,1.0,2.3201
2022-05-17,3.0,2.7438
2022-05-17,5.0,2.7218
2022-05-17,7.0,2.736
2022-05-17,10.0,2.7723
2022-05-18,1.0,2.313
2022-05-18,3.0,2.697
2022-05-18,5.0,2.651
2022-05-18,7.0,2.6483
2022-05-18,10.0,2.6717
2022-05-19,1.0,2.3016
2022-05-19,3.0,2.6342
2022-05-19,5.0,2.597
2022-05-19,7.0,2.5973
2022-05-19,10.0,2.6249
2022-05-20,1.0,2.288
2022-05-20,3.0,2.5865
2022-05-20,5.0,2.54725
2022-05-20,7.0,2.539
2022-05-20,10.0,2.5595
2022-05-23,1.0,2.323
2022-05-23,3.0,2.642
2022-05-23,5.0,2.6093
2022-05-23,7.0,2.6009
2022-05-23,10.0,2.6195
2022-05-24,1.0,2.2446
2022-05-24,3.0,2.51815
2022-05-24,5.0,2.4895
2022-05-24,7.0,2.49175
2022-05-24,10.0,2.5265
2022-05-25,1.0,2.2389
2022-05-25,3.0,2.5079
2022-05-25,5.0,2.4795
2022-05-25,7.0,2.4893
2022-05-25,10.0,2.5332
2022-05-26,1.0,2.254
2022-05-26,3.0,2.52045
2022-05-26,5.0,2.4851
2022-05-26,7.0,2.49675
2022-05-26,10.0,2.5445
2022-05-27,1.0,2.26085
2022-05-27,3.0,2.53925
2022-05-27,5.0,2.4967
2022-05-27,7.0,2.50005
2022-05-27,10.0,2.53765
2022-05-30,1.0,2.261
2022-05-31,1.0,2.3326
2022-05-31,3.0,2.6115
2022-05-31,5.0,2.5849
2022-05-31,7.0,2.5985
2022-05-31,10.0,2.646
2022-06-01,1.0,2.39845
2022-06-01,3.0,2.7125
2022-06-01,5.0,2.673
2022-06-01,7.0,2.6691
2022-06-01,10.0,2.6962
2022-06-02,1.0,2.4129
2022-06-02,3.0,2.7166
2022-06-02,5.0,2.674
2022-06-02,7.0,2.6753
2022-06-02,10.0,2.7067
2022-06-03,1.0,2.438
2022-06-03,3.0,2.7474
2022-06-03,5.0,2.7012
2022-06-03,7.0,2.7031
2022-06-03,10.0,2.7344
2022-06-06,1.0,2.47315
2022-06-06,3.0,2.832
2022-06-06,5.0,2.8064
2022-06-06,7.0,2.8127
2022-06-06,10.0,2.8459
2022-06-07,1.0,2.467
2022-06-07,3.0,2.81115
2022-06-07,5.0,2.7585
2022-06-07,7.0,2.75035
2022-06-07,10.0,2.7736
2022-06-08,1.0,2.504
2022-06-08,3.0,2.85125
2022-06-08,5.0,2.7984
2022-06-08,7.0,2.78925
2022-06-08,10.0,2.8121
2022-06-09,1.0,2.553
2022-06-09,3.0,2.89625
2022-06-09,5.0,2.834
2022-06-09,7.0,2.8156
2022-06-09,10.0,2.83025
2022-06-10,1.0,2.8045
2022-06-10,3.0,3.14875
2022-06-10,5.0,3.02025
2022-06-10,7.0,2.964
2022-06-10,10.0,2.93975
2022-06-13,1.0,3.1615
2022-06-13,3.0,3.4071
2022-06-13,5.0,3.25325
2022-06-13,7.0,3.1895
2022-06-13,10.0,3.1559
2022-06-14,1.0,3.22715
2022-06-14,3.0,3.4735
2022-06-14,5.0,3.3543
2022-06-14,7.0,3.2942
2022-06-14,10.0,3.26
2022-06-15,1.0,3.0983
2022-06-15,3.0,3.2378
2022-06-15,5.0,3.12665
2022-06-15,7.0,3.07915
2022-06-15,10.0,3.0627
2022-06-16,1.0,3.1035
2022-06-16,3.0,3.1835
2022-06-16,5.0,3.0395
2022-06-16,7.0,2.98335
2022-06-16,10.0,2.958
2022-06-17,1.0,3.125
2022-06-17,3.0,3.25075
2022-06-17,5.0,3.104
2022-06-17,7.0,3.039
2022-06-17,10.0,3.009
2022-06-20,1.0,3.186
2022-06-20,3.0,3.251
2022-06-20,7.0,3.044
2022-06-20,10.0,3.013
2022-06-21,1.0,3.165
2022-06-21,3.0,3.2412
2022-06-21,5.0,3.1242
2022-06-21,7.0,3.07905
2022-06-21,10.0,3.065
2022-06-22,1.0,3.0641
2022-06-22,3.0,3.08155
2022-06-22,5.0,2.9875
2022-06-22,7.0,2.95125
2022-06-22,10.0,2.9499
2022-06-23,1.0,3.025
2022-06-23,3.0,2.99475
2022-06-23,5.0,2.89925
2022-06-23,7.0,2.8692
2022-06-23,10.0,2.882
2022-06-24,1.0,3.01065
2022-06-24,3.0,3.03055
2022-06-24,5.0,2.94725
2022-06-24,7.0,2.91775
2022-06-24,10.0,2.9335
2022-06-27,1.0,3.06025
2022-06-27,3.0,3.0832
2022-06-27,5.0,3.0071
2022-06-27,7.0,2.98005
2022-06-27,10.0,2.9948
2022-06-28,1.0,3.072
2022-06-28,3.0,3.07305
2022-06-28,5.0,2.9876
2022-06-28,7.0,2.95675
2022-06-28,10.0,2.9665
2022-06-29,1.0,3.0669
2022-06-29,3.0,2.98625
2022-06-29,5.0,2.90425
2022-06-29,7.0,2.876
2022-06-29,10.0,2.8897
2022-06-30,1.0,3.0145
2022-06-30,3.0,2.8605
2022-06-30,5.0,2.794
2022-06-30,7.0,2.7815
2022-06-30,10.0,2.811
2022-07-01,1.0,2.947
2022-07-01,3.0,2.6698
2022-07-01,5.0,2.62967
2022-07-01,7.0,2.63095
2022-07-01,10.0,2.67725
2022-07-04,1.0,3.004
2022-07-04,3.0,2.701
2022-07-04,5.0,2.627
2022-07-04,7.0,2.631
2022-07-04,10.0,2.679
2022-07-05,1.0,2.927
2022-07-05,3.0,2.6453
2022-07-05,5.0,2.56765
2022-07-05,7.0,2.5628
2022-07-05,10.0,2.6021
2022-07-06,1.0,3.0295
2022-07-06,3.0,2.824
2022-07-06,5.0,2.7315
2022-07-06,7.0,2.712
2022-07-06,10.0,2.73025
2022-07-07,1.0,3.05685
2022-07-07,3.0,2.86585
2022-07-07,5.0,2.7843
2022-07-07,7.0,2.77625
2022-07-07,10.0,2.803
2022-07-08,1.0,3.16
2022-07-08,3.0,2.96125
2022-07-08,5.0,2.8785
2022-07-08,7.0,2.86775
2022-07-08,10.0,2.89065
2022-07-11,1.0,3.1208
2022-07-11,3.0,2.89565
2022-07-11,5.0,2.7925
2022-07-11,7.0,2.7755
2022-07-11,10.0,2.794
2022-07-12,1.0,3.0852
2022-07-12,3.0,2.8515
2022-07-12,5.0,2.74625
2022-07-12,7.0,2.73775
2022-07-12,10.0,2.76735
2022-07-13,1.0,3.2956
2022-07-13,3.0,2.92545
2022-07-13,5.0,2.7508
2022-07-13,7.0,2.71775
2022-07-13,10.0,2.734
2022-07-14,1.0,3.2337
2022-07-14,3.0,2.93635
2022-07-14,5.0,2.7856
2022-07-14,7.0,2.74875
2022-07-14,10.0,2.7535
2022-07-15,1.0,3.187
2022-07-15,3.0,2.90825
2022-07-15,5.0,2.748
2022-07-15,7.0,2.70275
2022-07-15,10.0,2.7048
2022-07-18,1.0,3.2008
2022-07-18,3.0,2.96335
2022-07-18,5.0,2.8053
2022-07-18,7.0,2.76425
2022-07-18,10.0,2.7675
2022-07-19,1.0,3.259
2022-07-19,3.0,3.03255
2022-07-19,5.0,2.8522
2022-07-19,7.0,2.80475
2022-07-19,10.0,2.80155
2022-07-20,1.0,3.2475
2022-07-20,3.0,3.01425
2022-07-20,5.0,2.8651
2022-07-20,7.0,2.81755
2022-07-20,10.0,2.81075
2022-07-21,1.0,3.165
2022-07-21,3.0,2.84835
2022-07-21,5.0,2.68555
2022-07-21,7.0,2.651
2022-07-21,10.0,2.66575
2022-07-22,1.0,3.068
2022-07-22,3.0,2.698
2022-07-22,5.0,2.547
2022-07-22,7.0,2.51575
2022-07-22,10.0,2.5381
2022-07-25,1.0,3.1165
2022-07-25,3.0,2.7538
2022-07-25,5.0,2.5924
2022-07-25,7.0,2.5623
2022-07-25,10.0,2.5867
2022-07-26,1.0,3.1308
2022-07-26,3.0,2.803
2022-07-26,5.0,2.6225
2022-07-26,7.0,2.5835
2022-07-26,10.0,2.599
2022-07-27,1.0,3.0744
2022-07-27,3.0,2.7613
2022-07-27,5.0,2.57925
2022-07-27,7.0,2.54825
2022-07-27,10.0,2.57865
2022-07-28,1.0,3.00375
2022-07-28,3.0,2.61815
2022-07-28,5.0,2.44325
2022-07-28,7.0,2.4215
2022-07-28,10.0,2.467
2022-07-29,1.0,3.0503
2022-07-29,3.0,2.62425
2022-07-29,5.0,2.42115
2022-07-29,7.0,2.394
2022-07-29,10.0,2.43725
2022-08-01,1.0,3.0275
2022-08-01,3.0,2.60965
2022-08-01,5.0,2.3806
2022-08-01,7.0,2.32975
2022-08-01,10.0,2.3509
2022-08-02,1.0,3.153
2022-08-02,3.0,2.81905
2022-08-02,5.0,2.60435
2022-08-02,7.0,2.53925
2022-08-02,10.0,2.5349
2022-08-03,1.0,3.1784
2022-08-03,3.0,2.831
2022-08-03,5.0,2.58125
2022-08-03,7.0,2.5043
2022-08-03,10.0,2.49
2022-08-04,1.0,3.1832
2022-08-04,3.0,2.7925
2022-08-04,5.0,2.55275
2022-08-04,7.0,2.478
2022-08-04,10.0,2.4679
2022-08-05,1.0,3.3578
2022-08-05,3.0,2.9735
2022-08-05,5.0,2.70825
2022-08-05,7.0,2.6237
2022-08-05,10.0,2.6045
2022-08-08,1.0,3.342
2022-08-08,3.0,2.9314
2022-08-08,5.0,2.65365
2022-08-08,7.0,2.55725
2022-08-08,10.0,2.52845
2022-08-09,1.0,3.3918
2022-08-09,3.0,2.99925
2022-08-09,5.0,2.70275
2022-08-09,7.0,2.59005
2022-08-09,10.0,2.5464
2022-08-10,1.0,3.342
2022-08-10,3.0,2.95525
2022-08-10,5.0,2.6725
2022-08-10,7.0,2.5739
2022-08-10,10.0,2.5455
2022-08-11,1.0,3.35305
2022-08-11,3.0,3.0015
2022-08-11,5.0,2.74575
2022-08-11,7.0,2.668
2022-08-11,10.0,2.6564
2022-08-12,1.0,3.3815
2022-08-12,3.0,3.01025
2022-08-12,5.0,2.71675
2022-08-12,7.0,2.6222
2022-08-12,10.0,2.5975
2022-08-15,1.0,3.3445
2022-08-15,3.0,2.9443
2022-08-15,5.0,2.652
2022-08-15,7.0,2.56035
2022-08-15,10.0,2.54475
2022-08-16,1.0,3.379
2022-08-16,3.0,3.01725
2022-08-16,5.0,2.6995
2022-08-16,7.0,2.5909
2022-08-16,10.0,2.55925
2022-08-17,1.0,3.4095
2022-08-17,3.0,3.10865
2022-08-17,5.0,2.803
2022-08-17,7.0,2.70025
2022-08-17,10.0,2.66765
2022-08-18,1.0,3.37585
2022-08-18,3.0,3.05875
2022-08-18,5.0,2.77325
2022-08-18,7.0,2.6746
2022-08-18,10.0,2.64445
2022-08-19,1.0,3.39425
2022-08-19,3.0,3.10575
2022-08-19,5.0,2.8415
2022-08-19,7.0,2.7595
2022-08-19,10.0,2.7447
2022-08-22,1.0,3.475
2022-08-22,3.0,3.20565
2022-08-22,5.0,2.91405
2022-08-22,7.0,2.822
2022-08-22,10.0,2.7981
2022-08-23,1.0,3.48135
2022-08-23,3.0,3.20195
2022-08-23,5.0,2.9316
2022-08-23,7.0,2.8542
2022-08-23,10.0,2.846
2022-08-24,1.0,3.5176
2022-08-24,3.0,3.24235
2022-08-24,5.0,2.995
2022-08-24,7.0,2.91725
2022-08-24,10.0,2.9077
2022-08-25,1.0,3.5282
2022-08-25,3.0,3.22765
2022-08-25,5.0,2.94525
2022-08-25,7.0,2.85065
2022-08-25,10.0,2.83145
2022-08-26,1.0,3.535
2022-08-26,3.0,3.26965
2022-08-26,5.0,3.003
2022-08-26,7.0,2.88965
2022-08-26,10.0,2.84645
2022-08-29,1.0,3.5825
2022-08-29,3.0,3.3027
2022-08-29,5.0,3.05725
2022-08-29,7.0,2.9526
2022-08-29,10.0,2.9139
2022-08-30,1.0,3.6159
2022-08-30,3.0,3.32845
2022-08-30,5.0,3.0716
2022-08-30,7.0,2.9618
2022-08-30,10.0,2.916
2022-08-31,1.0,3.66405
2022-08-31,3.0,3.38105
2022-08-31,5.0,3.1504
2022-08-31,7.0,3.0455
2022-08-31,10.0,2.9985
2022-09-01,1.0,3.687
2022-09-01,3.0,3.40655
2022-09-01,5.0,3.19525
2022-09-01,7.0,3.105
2022-09-01,10.0,3.0663
2022-09-02,1.0,3.5875
2022-09-02,3.0,3.2934
2022-09-02,5.0,3.0895
2022-09-02,7.0,3.0203
2022-09-02,10.0,3.0042
2022-09-05,10.0,3.0097
2022-09-06,1.0,3.70225
2022-09-06,3.0,3.4276
2022-09-06,5.0,3.24115
2022-09-06,7.0,3.17015
2022-09-06,10.0,3.149
2022-09-07,1.0,3.6626
2022-09-07,3.0,3.3425
2022-09-07,5.0,3.1468
2022-09-07,7.0,3.0805
2022-09-07,10.0,3.0621
2022-09-08,1.0,3.72135
2022-09-08,3.0,3.4019
2022-09-08,5.0,3.20665
2022-09-08,7.0,3.136
2022-09-08,10.0,3.1131
2022-09-09,1.0,3.7813
2022-09-09,3.0,3.43825
2022-09-09,5.0,3.223
2022-09-09,7.0,3.1403
2022-09-09,10.0,3.107
2022-09-12,1.0,3.803
2022-09-12,3.0,3.45605
2022-09-12,5.0,3.2405
2022-09-12,7.0,3.17025
2022-09-12,10.0,3.1502
2022-09-13,1.0,4.043
2022-09-13,3.0,3.63605
2022-09-13,5.0,3.36775
2022-09-13,7.0,3.25695
2022-09-13,10.0,3.19795
2022-09-14,1.0,4.101
2022-09-14,3.0,3.6934
2022-09-14,5.0,3.39925
2022-09-14,7.0,3.2725
2022-09-14,10.0,3.19825
2022-09-15,1.0,4.1665
2022-09-15,3.0,3.7679
2022-09-15,5.0,3.468
2022-09-15,7.0,3.3315
2022-09-15,10.0,3.2456
2022-09-16,1.0,4.12645
2022-09-16,3.0,3.72655
2022-09-16,5.0,3.43975
2022-09-16,7.0,3.3165
2022-09-16,10.0,3.24355
2022-09-19,1.0,4.19
2022-09-19,3.0,3.79495
2022-09-19,5.0,3.4945
2022-09-19,7.0,3.3635
2022-09-19,10.0,3.28175
2022-09-20,1.0,4.2105
2022-09-20,3.0,3.84855
2022-09-20,5.0,3.56175
2022-09-20,7.0,3.43225
2022-09-20,10.0,3.3494
2022-09-21,1.0,4.296
2022-09-21,3.0,3.93015
2022-09-21,5.0,3.58485
2022-09-21,7.0,3.4245
2022-09-21,10.0,3.3164
2022-09-22,1.0,4.3482
2022-09-22,3.0,4.0185
2022-09-22,5.0,3.74075
2022-09-22,7.0,3.5923
2022-09-22,10.0,3.48275
2022-09-23,1.0,4.38075
2022-09-23,3.0,4.09555
2022-09-23,5.0,3.7735
2022-09-23,7.0,3.58925
2022-09-23,10.0,3.45075
2022-09-26,1.0,4.387
2022-09-26,3.0,4.2065
2022-09-26,5.0,3.95715
2022-09-26,7.0,3.79595
2022-09-26,10.0,3.6579
2022-09-27,1.0,4.2762
2022-09-27,3.0,4.11995
2022-09-27,5.0,3.90385
2022-09-27,7.0,3.7652
2022-09-27,10.0,3.6434
2022-09-28,1.0,4.198
2022-09-28,3.0,3.9483
2022-09-28,5.0,3.706
2022-09-28,7.0,3.5843
2022-09-28,10.0,3.4851
2022-09-29,1.0,4.2426
2022-09-29,3.0,4.00025
2022-09-29,5.0,3.78325
2022-09-29,7.0,3.6635
2022-09-29,10.0,3.55525
2022-09-30,1.0,4.29225
2022-09-30,3.0,4.0677
2022-09-30,5.0,3.8545
2022-09-30,7.0,3.71675
2022-09-30,10.0,3.5904
2022-10-03,1.0,4.223
2022-10-03,3.0,3.9109
2022-10-03,5.0,3.64975
2022-10-03,7.0,3.5038
2022-10-03,10.0,3.38875
2022-10-04,1.0,4.2368
2022-10-04,3.0,3.8752
2022-10-04,5.0,3.60405
2022-10-04,7.0,3.45915
2022-10-04,10.0,3.353
2022-10-05,1.0,4.2785
2022-10-05,3.0,3.97425
2022-10-05,5.0,3.73355
2022-10-05,7.0,3.606
2022-10-05,10.0,3.50765
2022-10-06,1.0,4.3771
2022-10-06,3.0,4.07295
2022-10-06,5.0,3.81725
2022-10-06,7.0,3.67835
2022-10-06,10.0,3.56555
2022-10-07,1.0,4.4421
2022-10-07,3.0,4.14955
2022-10-07,5.0,3.89125
2022-10-07,7.0,3.73825
2022-10-07,10.0,3.61325
2022-10-11,1.0,4.4552
2022-10-11,3.0,4.16125
2022-10-11,5.0,3.9155
2022-10-11,7.0,3.784
2022-10-11,10.0,3.6785
2022-10-12,1.0,4.45235
2022-10-12,3.0,4.11825
2022-10-12,5.0,3.8705
2022-10-12,7.0,3.7385
2022-10-12,10.0,3.637
2022-10-13,1.0,4.6745
2022-10-13,3.0,4.2526
2022-10-13,5.0,3.93125
2022-10-13,7.0,3.7771
2022-10-13,10.0,3.6624
2022-10-14,1.0,4.71
2022-10-14,3.0,4.31205
2022-10-14,5.0,3.99985
2022-10-14,7.0,3.84755
2022-10-14,10.0,3.73245
2022-10-17,1.0,4.6936
2022-10-17,3.0,4.26525
2022-10-17,5.0,3.96175
2022-10-17,7.0,3.82
2022-10-17,10.0,3.7182
2022-10-18,1.0,4.66
2022-10-18,3.0,4.252
2022-10-18,5.0,3.9537
2022-10-18,7.0,3.81225
2022-10-18,10.0,3.7124
2022-10-19,1.0,4.75
2022-10-19,3.0,4.3888
2022-10-19,5.0,4.09525
2022-10-19,7.0,3.95225
2022-10-19,10.0,3.84725
2022-10-20,1.0,4.79845
2022-10-20,3.0,4.486
2022-10-20,5.0,4.1995
2022-10-20,7.0,4.06325
2022-10-20,10.0,3.964
2022-10-21,1.0,4.6816
2022-10-21,3.0,4.33145
2022-10-21,5.0,4.086
2022-10-21,7.0,3.99125
2022-10-21,10.0,3.94
2022-10-24,1.0,4.73
2022-10-24,3.0,4.34565
2022-10-24,5.0,4.11155
2022-10-24,7.0,4.0184
2022-10-24,10.0,3.9675
2022-10-25,1.0,4.711
2022-10-25,3.0,4.289
2022-10-25,5.0,4.02725
2022-10-25,7.0,3.9085
2022-10-25,10.0,3.84275
2022-10-26,1.0,4.6525
2022-10-26,3.0,4.20855
2022-10-26,5.0,3.93745
2022-10-26,7.0,3.809
2022-10-26,10.0,3.7341
2022-10-27,1.0,4.57375
2022-10-27,3.0,4.07555
2022-10-27,5.0,3.8249
2022-10-27,7.0,3.70925
2022-10-27,10.0,3.6495
2022-10-28,1.0,4.7085
2022-10-28,3.0,4.232
2022-10-28,5.0,3.9609
2022-10-28,7.0,3.8351
2022-10-28,10.0,3.761
2022-10-31,1.0,4.77185
2022-10-31,3.0,4.28775
2022-10-31,5.0,4.0065
2022-10-31,7.0,3.8791
2022-10-31,10.0,3.8025
2022-11-01,1.0,4.831
2022-11-01,3.0,4.3641
2022-11-01,5.0,4.05745
2022-11-01,7.0,3.9099
2022-11-01,10.0,3.8115
2022-11-02,1.0,4.86385
2022-11-02,3.0,4.4407
2022-11-02,5.0,4.1121
2022-11-02,7.0,3.968
2022-11-02,10.0,3.87275
2022-11-03,1.0,4.931
2022-11-03,3.0,4.50775
2022-11-03,5.0,4.1645
2022-11-03,7.0,4.0093
2022-11-03,10.0,3.90325
2022-11-04,1.0,4.883
2022-11-04,3.0,4.45145
2022-11-04,5.0,4.12825
2022-11-04,7.0,3.99325
2022-11-04,10.0,3.91175
2022-11-07,1.0,4.92025
2022-11-07,3.0,4.4954
2022-11-07,5.0,4.1597
2022-11-07,7.0,4.0224
2022-11-07,10.0,3.94315
2022-11-08,1.0,4.8801
2022-11-08,3.0,4.41045
2022-11-08,5.0,4.0661
2022-11-08,7.0,3.9247
2022-11-08,10.0,3.8469
2022-11-09,1.0,4.8562
2022-11-09,3.0,4.3375
2022-11-09,5.0,4.003
2022-11-09,7.0,3.87
2022-11-09,10.0,3.80535
2022-11-10,1.0,4.72615
2022-11-10,3.0,4.04355
2022-11-10,5.0,3.7062
2022-11-10,7.0,3.577
2022-11-10,10.0,3.52725
2022-11-11,1.0,4.727
2022-11-11,3.0,4.043
2022-11-11,5.0,3.7059
2022-11-11,7.0,3.5772
2022-11-11,10.0,3.5269
2022-11-14,1.0,4.756
2022-11-14,3.0,4.07725
2022-11-14,5.0,3.74125
2022-11-14,7.0,3.6085
2022-11-14,10.0,3.55525
2022-11-15,1.0,4.729
2022-11-15,3.0,3.97025
2022-11-15,5.0,3.6453
2022-11-15,7.0,3.51725
2022-11-15,10.0,3.46625
2022-11-16,1.0,4.7552
2022-11-16,3.0,3.96345
2022-11-16,5.0,3.59475
2022-11-16,7.0,3.43885
2022-11-16,10.0,3.3649
2022-11-17,1.0,4.82215
2022-11-17,3.0,4.06775
2022-11-17,5.0,3.69125
2022-11-17,7.0,3.53675
2022-11-17,10.0,3.45725
2022-11-18,1.0,4.89005
2022-11-18,3.0,4.16385
2022-11-18,5.0,3.7775
2022-11-18,7.0,3.6157
2022-11-18,10.0,3.5273
2022-11-21,1.0,4.914
2022-11-21,3.0,4.18675
2022-11-21,5.0,3.7975
2022-11-21,7.0,3.63175
2022-11-21,10.0,3.53285
2022-11-22,1.0,4.926
2022-11-22,3.0,4.119
2022-11-22,5.0,3.7188
2022-11-22,7.0,3.5445
2022-11-22,10.0,3.43705
2022-11-23,1.0,4.88775
2022-11-23,3.0,4.07835
2022-11-23,5.0,3.6618
2022-11-23,7.0,3.48575
2022-11-23,10.0,3.37925
2022-11-24,1.0,4.885
2022-11-24,3.0,4.07835
2022-11-24,5.0,3.65825
2022-11-24,7.0,3.4846
2022-11-24,10.0,3.3805
2022-11-25,1.0,4.8915
2022-11-25,3.0,4.0659
2022-11-25,5.0,3.64275
2022-11-25,7.0,3.4677
2022-11-25,10.0,3.37425
2022-11-28,1.0,4.8645
2022-11-28,3.0,4.04605
2022-11-28,5.0,3.64475
2022-11-28,7.0,3.4735
2022-11-28,10.0,3.36835
2022-11-29,1.0,4.8878
2022-11-29,3.0,4.08075
2022-11-29,5.0,3.6806
2022-11-29,7.0,3.51675
2022-11-29,10.0,3.4238
2022-11-30,1.0,4.80825
2022-11-30,3.0,3.8798
2022-11-30,5.0,3.48675
2022-11-30,7.0,3.3435
2022-11-30,10.0,3.278
2022-12-01,1.0,4.76575
2022-12-01,3.0,3.8105
2022-12-01,5.0,3.41385
2022-12-01,7.0,3.25665
2022-12-01,10.0,3.17675
2022-12-02,1.0,4.8049
2022-12-02,3.0,3.81275
2022-12-02,5.0,3.3939
2022-12-02,7.0,3.24075
2022-12-02,10.0,3.16335
2022-12-05,1.0,4.8997
2022-12-05,3.0,3.95685
2022-12-05,5.0,3.52535
2022-12-05,7.0,3.357
2022-12-05,10.0,3.26215
2022-12-06,1.0,4.87
2022-12-06,3.0,3.932
2022-12-06,5.0,3.49471
2022-12-06,7.0,3.3144
2022-12-06,10.0,3.2088
2022-12-07,1.0,4.8255
2022-12-07,3.0,3.8285
2022-12-07,5.0,3.38225
2022-12-07,7.0,3.20565
2022-12-07,10.0,3.107
2022-12-08,1.0,4.8545
2022-12-08,3.0,3.8885
2022-12-08,5.0,3.4643
2022-12-08,7.0,3.28475
2022-12-08,10.0,3.1756
2022-12-09,1.0,4.8776
2022-12-09,3.0,3.9355
2022-12-09,5.0,3.53365
2022-12-09,7.0,3.37455
2022-12-09,10.0,3.2851
2022-12-12,1.0,4.89575
2022-12-12,3.0,3.96345
2022-12-12,5.0,3.5541
2022-12-12,7.0,3.396
2022-12-12,10.0,3.31
2022-12-13,1.0,4.7795
2022-12-13,3.0,3.81935
2022-12-13,5.0,3.428
2022-12-13,7.0,3.27875
2022-12-13,10.0,3.20455
2022-12-14,1.0,4.773
2022-12-14,3.0,3.7765
2022-12-14,5.0,3.39075
2022-12-14,7.0,3.24625
2022-12-14,10.0,3.1801
2022-12-15,1.0,4.8025
2022-12-15,3.0,3.8075
2022-12-15,5.0,3.3975
2022-12-15,7.0,3.2375
2022-12-15,10.0,3.1544
2022-12-16,1.0,4.759
2022-12-16,3.0,3.77835
2022-12-16,5.0,3.40345
2022-12-16,7.0,3.26065
2022-12-16,10.0,3.1865
2022-12-19,1.0,4.7954
2022-12-19,3.0,3.8516
2022-12-19,5.0,3.47875
2022-12-19,7.0,3.34085
2022-12-19,10.0,3.27195
2022-12-20,1.0,4.789
2022-12-20,3.0,3.8801
2022-12-20,5.0,3.54895
2022-12-20,7.0,3.41905
2022-12-20,10.0,3.34995
2022-12-21,1.0,4.7701
2022-12-21,3.0,3.86605
2022-12-21,5.0,3.54125
2022-12-21,7.0,3.416
2022-12-21,10.0,3.348
2022-12-22,1.0,4.807
2022-12-22,3.0,3.905
2022-12-22,5.0,3.575
2022-12-22,7.0,3.44505
2022-12-22,10.0,3.3726
2022-12-23,1.0,4.828
2022-12-23,3.0,3.96345
2022-12-23,5.0,3.62855
2022-12-23,7.0,3.5019
2022-12-23,10.0,3.4365
2022-12-27,1.0,4.878
2022-12-27,3.0,4.0245
2022-12-27,5.0,3.6878
2022-12-27,7.0,3.57275
2022-12-27,10.0,3.51325
2022-12-28,1.0,4.862
2022-12-28,3.0,4.04325
2022-12-28,5.0,3.72975
2022-12-28,7.0,3.62325
2022-12-28,10.0,3.569
2022-12-29,1.0,4.868
2022-12-29,3.0,4.02625
2022-12-29,5.0,3.7017
2022-12-29,7.0,3.57475
2022-12-29,10.0,3.5031
2022-12-30,1.0,4.9005
2022-12-30,3.0,4.06878
2022-12-30,5.0,3.74574
2022-12-30,7.0,3.62432
2022-12-30,10.0,3.5575
2023-01-02,7.0,3.6267
2023-01-03,1.0,4.8878
2023-01-03,3.0,3.97775
2023-01-03,5.0,3.6224
2023-01-03,7.0,3.4814
2023-01-03,10.0,3.3985
2023-01-04,1.0,4.88535
2023-01-04,3.0,3.94055
2023-01-04,5.0,3.57245
2023-01-04,7.0,3.43325
2023-01-04,10.0,3.3555
2023-01-05,1.0,4.966
2023-01-05,3.0,4.04315
2023-01-05,5.0,3.6453
2023-01-05,7.0,3.48425
2023-01-05,10.0,3.38725
2023-01-06,1.0,4.8719
2023-01-06,3.0,3.819
2023-01-06,5.0,3.4285
2023-01-06,7.0,3.28915
2023-01-06,10.0,3.2191
2023-01-09,1.0,4.8399
2023-01-09,3.0,3.7916
2023-01-09,5.0,3.407
2023-01-09,7.0,3.2678
2023-01-09,10.0,3.196
2023-01-10,1.0,4.85305
2023-01-10,3.0,3.8245
2023-01-10,5.0,3.4625
2023-01-10,7.0,3.3385
2023-01-10,10.0,3.28045
2023-01-11,1.0,4.8549
2023-01-11,3.0,3.78425
2023-01-11,5.0,3.40371
2023-01-11,7.0,3.2725
2023-01-11,10.0,3.21405
2023-01-12,1.0,4.8225
2023-01-12,3.0,3.69295
2023-01-12,5.0,3.2968
2023-01-12,7.0,3.1735
2023-01-12,10.0,3.1298
2023-01-13,1.0,4.8475
2023-01-13,3.0,3.76245
2023-01-13,5.0,3.3725
2023-01-13,7.0,3.24075
2023-01-13,10.0,3.18845
2023-01-16,10.0,3.1878
2023-01-17,1.0,4.83775
2023-01-17,3.0,3.7465
2023-01-17,5.0,3.38075
2023-01-17,7.0,3.2691
2023-01-17,10.0,3.23145
2023-01-18,1.0,4.7828
2023-01-18,3.0,3.60825
2023-01-18,5.0,3.2165
2023-01-18,7.0,3.09725
2023-01-18,10.0,3.06385
2023-01-19,1.0,4.82
2023-01-19,3.0,3.64375
2023-01-19,5.0,3.2534
2023-01-19,7.0,3.12155
2023-01-19,10.0,3.074
2023-01-20,1.0,4.8313
2023-01-20,3.0,3.69425
2023-01-20,5.0,3.328
2023-01-20,7.0,3.20575
2023-01-20,10.0,3.16135
2023-01-23,1.0,4.8535
2023-01-23,3.0,3.75825
2023-01-23,5.0,3.3845
2023-01-23,7.0,3.2512
2023-01-23,10.0,3.19535
2023-01-24,1.0,4.8435
2023-01-24,3.0,3.72525
2023-01-24,5.0,3.337
2023-01-24,7.0,3.19775
2023-01-24,10.0,3.1355
2023-01-25,1.0,4.809
2023-01-25,3.0,3.706
2023-01-25,5.0,3.31725
2023-01-25,7.0,3.18625
2023-01-25,10.0,3.1345
2023-01-26,1.0,4.83562
2023-01-26,3.0,3.76475
2023-01-26,5.0,3.3809
2023-01-26,7.0,3.25025
2023-01-26,10.0,3.19675
2023-01-27,1.0,4.835
2023-01-27,3.0,3.77685
2023-01-27,5.0,3.39925
2023-01-27,7.0,3.2645
2023-01-27,10.0,3.2058
2023-01-30,1.0,4.8599
2023-01-30,3.0,3.82905
2023-01-30,5.0,3.44875
2023-01-30,7.0,3.30825
2023-01-30,10.0,3.2424
2023-01-31,1.0,4.8445
2023-01-31,3.0,3.7757
2023-01-31,5.0,3.4016
2023-01-31,7.0,3.26675
2023-01-31,10.0,3.20675
2023-02-01,1.0,4.8034
2023-02-01,3.0,3.68035
2023-02-01,5.0,3.3125
2023-02-01,7.0,3.18375
2023-02-01,10.0,3.13075
2023-02-02,1.0,4.8073
2023-02-02,3.0,3.6685
2023-02-02,5.0,3.2895
2023-02-02,7.0,3.1611
2023-02-02,10.0,3.1115
2023-02-03,1.0,4.9435
2023-02-03,3.0,3.85245
2023-02-03,5.0,3.4605
2023-02-03,7.0,3.31365
2023-02-03,10.0,3.2421
2023-02-06,1.0,5.0629
2023-02-06,3.0,4.03255
2023-02-06,5.0,3.61747
2023-02-06,7.0,3.44375
2023-02-06,10.0,3.33995
2023-02-07,1.0,5.05955
2023-02-07,3.0,4.0285
2023-02-07,5.0,3.61907
2023-02-07,7.0,3.4621
2023-02-07,10.0,3.37515
2023-02-08,1.0,5.0409
2023-02-08,3.0,3.99075
2023-02-08,5.0,3.5754
2023-02-08,7.0,3.4075
2023-02-08,10.0,3.31045
2023-02-09,1.0,5.0689
2023-02-09,3.0,4.0587
2023-02-09,5.0,3.632
2023-02-09,7.0,3.46275
2023-02-09,10.0,3.3631
2023-02-10,1.0,5.11195
2023-02-10,3.0,4.11825
2023-02-10,5.0,3.69975
2023-02-10,7.0,3.534
2023-02-10,10.0,3.4422
2023-02-13,1.0,5.11575
2023-02-13,3.0,4.11935
2023-02-13,5.0,3.6955
2023-02-13,7.0,3.51775
2023-02-13,10.0,3.4109
2023-02-14,1.0,5.1855
2023-02-14,3.0,4.25565
2023-02-14,5.0,3.79725
2023-02-14,7.0,3.5925
2023-02-14,10.0,3.45825
2023-02-15,1.0,5.16955
2023-02-15,3.0,4.28475
2023-02-15,5.0,3.83635
2023-02-15,7.0,3.64275
2023-02-15,10.0,3.52
2023-02-16,1.0,5.1925
2023-02-16,3.0,4.2961
2023-02-16,5.0,3.86695
2023-02-16,7.0,3.6881
2023-02-16,10.0,3.5812
2023-02-17,1.0,5.1985
2023-02-17,3.0,4.249
2023-02-17,5.0,3.8225
2023-02-17,7.0,3.6455
2023-02-17,10.0,3.53725
2023-02-21,1.0,5.2808
2023-02-21,3.0,4.37545
2023-02-21,5.0,3.96485
2023-02-21,7.0,3.78815
2023-02-21,10.0,3.67655
2023-02-22,1.0,5.2845
2023-02-22,3.0,4.36725
2023-02-22,5.0,3.949
2023-02-22,7.0,3.76475
2023-02-22,10.0,3.64515
2023-02-23,1.0,5.279
2023-02-23,3.0,4.3405
2023-02-23,5.0,3.91375
2023-02-23,7.0,3.72485
2023-02-23,10.0,3.6
2023-02-24,1.0,5.333
2023-02-24,3.0,4.48685
2023-02-24,5.0,4.026
2023-02-24,7.0,3.8199
2023-02-24,10.0,3.6775
2023-02-27,1.0,5.3285
2023-02-27,3.0,4.45063
2023-02-27,5.0,3.9797
2023-02-27,7.0,3.7786
2023-02-27,10.0,3.645
2023-02-28,1.0,5.33825
2023-02-28,3.0,4.47615
2023-02-28,5.0,3.99775
2023-02-28,7.0,3.7927
2023-02-28,10.0,3.655
2023-03-01,1.0,5.38395
2023-03-01,3.0,4.5441
2023-03-01,5.0,4.07015
2023-03-01,7.0,3.8665
2023-03-01,10.0,3.7305
2023-03-02,1.0,5.368
2023-03-02,3.0,4.5755
2023-03-02,5.0,4.13025
2023-03-02,7.0,3.9318
2023-03-02,10.0,3.79585
2023-03-03,1.0,5.367
2023-03-03,3.0,4.5244
2023-03-03,5.0,4.05975
2023-03-03,7.0,3.84865
2023-03-03,10.0,3.698
2023-03-06,1.0,5.3955
2023-03-06,3.0,4.5305
2023-03-06,5.0,4.05435
2023-03-06,7.0,3.84
2023-03-06,10.0,3.6899
2023-03-07,1.0,5.5533
2023-03-07,3.0,4.6365
2023-03-07,5.0,4.1052
2023-03-07,7.0,3.86575
2023-03-07,10.0,3.6933
2023-03-08,1.0,5.6095
2023-03-08,3.0,4.6699
2023-03-08,5.0,4.13737
2023-03-08,7.0,3.89425
2023-03-08,10.0,3.719
2023-03-09,1.0,5.455
2023-03-09,3.0,4.4562
2023-03-09,5.0,3.97862
2023-03-09,7.0,3.7689
2023-03-09,10.0,3.62762
2023-03-10,1.0,5.1765
2023-03-10,3.0,4.18
2023-03-10,5.0,3.73265
2023-03-10,7.0,3.53335
2023-03-10,10.0,3.40395
2023-03-13,1.0,4.2466
2023-03-13,3.0,3.6745
2023-03-13,5.0,3.4589
2023-03-13,7.0,3.352
2023-03-13,10.0,3.292
2023-03-14,1.0,4.659
2023-03-14,3.0,3.96
2023-03-14,5.0,3.653
2023-03-14,7.0,3.5235
2023-03-14,10.0,3.45
2023-03-15,1.0,4.25
2023-03-15,3.0,3.663
2023-03-15,5.0,3.388
2023-03-15,7.0,3.2755
2023-03-15,10.0,3.231
2023-03-16,1.0,4.61155
2023-03-16,3.0,3.8852
2023-03-16,5.0,3.563
2023-03-16,7.0,3.4182
2023-03-16,10.0,3.34
2023-03-17,1.0,4.3088
2023-03-17,3.0,3.5613
2023-03-17,5.0,3.3145
2023-03-17,7.0,3.2131
2023-03-17,10.0,3.1755
2023-03-20,1.0,4.4935
2023-03-20,3.0,3.694
2023-03-20,5.0,3.3946
2023-03-20,7.0,3.2755
2023-03-20,10.0,3.2225
2023-03-21,1.0,4.7305
2023-03-21,3.0,3.861
2023-03-21,5.0,3.558
2023-03-21,7.0,3.4265
2023-03-21,10.0,3.35525
2023-03-22,1.0,4.603
2023-03-22,3.0,3.6133
2023-03-22,5.0,3.319
2023-03-22,7.0,3.21275
2023-03-22,10.0,3.174
2023-03-23,1.0,4.47215
2023-03-23,3.0,3.5011
2023-03-23,5.0,3.23212
2023-03-23,7.0,3.146
2023-03-23,10.0,3.129
2023-03-24,1.0,4.4095
2023-03-24,3.0,3.4545
2023-03-24,5.0,3.1905
2023-03-24,7.0,3.101
2023-03-24,10.0,3.078
2023-03-27,1.0,4.627
2023-03-27,3.0,3.65325
2023-03-27,5.0,3.365
2023-03-27,7.0,3.26675
2023-03-27,10.0,3.23513
2023-03-28,1.0,4.685
2023-03-28,3.0,3.75338
2023-03-28,5.0,3.439
2023-03-28,7.0,3.3225
2023-03-28,10.0,3.2695
2023-03-29,1.0,4.704
2023-03-29,3.0,3.76985
2023-03-29,5.0,3.4535
2023-03-29,7.0,3.3335
2023-03-29,10.0,3.278
2023-03-30,1.0,4.732
2023-03-30,3.0,3.7841
2023-03-30,5.0,3.452
2023-03-30,7.0,3.321
2023-03-30,10.0,3.259
2023-03-31,1.0,4.717
2023-03-31,3.0,3.67585
2023-03-31,5.0,3.341
2023-03-31,7.0,3.2225
2023-03-31,10.0,3.174
2023-04-03,1.0,4.704
2023-04-03,3.0,3.61445
2023-04-03,5.0,3.271
2023-04-03,7.0,3.159
2023-04-03,10.0,3.12
2023-04-04,1.0,4.5665
2023-04-04,3.0,3.47145
2023-04-04,5.0,3.16038
2023-04-04,7.0,3.0665
2023-04-04,10.0,3.04425
2023-04-05,1.0,4.537
2023-04-05,3.0,3.44505
2023-04-05,5.0,3.14725
2023-04-05,7.0,3.052
2023-04-05,10.0,3.02495
2023-04-06,1.0,4.592
2023-04-06,3.0,3.48665
2023-04-06,5.0,3.15425
2023-04-06,7.0,3.05125
2023-04-06,10.0,3.02225
2023-04-07,1.0,4.73145
2023-04-07,3.0,3.61355
2023-04-07,5.0,3.2815
2023-04-07,7.0,3.157
2023-04-07,10.0,3.112
2023-04-10,1.0,4.75705
2023-04-10,3.0,3.65815
2023-04-10,5.0,3.3105
2023-04-10,7.0,3.188
2023-04-10,10.0,3.13725
2023-04-11,1.0,4.7415
2023-04-11,3.0,3.6715
2023-04-11,5.0,3.31625
2023-04-11,7.0,3.1935
2023-04-11,10.0,3.14115
2023-04-12,1.0,4.7001
2023-04-12,3.0,3.5915
2023-04-12,5.0,3.252
2023-04-12,7.0,3.13545
2023-04-12,10.0,3.095
2023-04-13,1.0,4.7013
2023-04-13,3.0,3.60465
2023-04-13,5.0,3.285
2023-04-13,7.0,3.178
2023-04-13,10.0,3.14665
2023-04-14,1.0,4.8129
2023-04-14,3.0,3.73035
2023-04-14,5.0,3.38865
2023-04-14,7.0,3.26475
2023-04-14,10.0,3.2155
2023-04-17,1.0,4.87145
2023-04-17,3.0,3.83755
2023-04-17,5.0,3.48955
2023-04-17,7.0,3.3615
2023-04-17,10.0,3.308
2023-04-18,1.0,4.88585
2023-04-18,3.0,3.82315
2023-04-18,5.0,3.47525
2023-04-18,7.0,3.34875
2023-04-18,10.0,3.295
2023-04-19,1.0,4.91975
2023-04-19,3.0,3.85985
2023-04-19,5.0,3.4935
2023-04-19,7.0,3.36015
2023-04-19,10.0,3.3005
2023-04-20,1.0,4.8535
2023-04-20,3.0,3.7563
2023-04-20,5.0,3.415
2023-04-20,7.0,3.29175
2023-04-20,10.0,3.241
2023-04-21,1.0,4.874
2023-04-21,3.0,3.77944
2023-04-21,5.0,3.4545
2023-04-21,7.0,3.33388
2023-04-21,10.0,3.286
2023-04-24,1.0,4.808
2023-04-24,3.0,3.68244
2023-04-24,5.0,3.36105
2023-04-24,7.0,3.248
2023-04-24,10.0,3.2055
2023-04-25,1.0,4.7031
2023-04-25,3.0,3.53725
2023-04-25,5.0,3.23138
2023-04-25,7.0,3.13475
2023-04-25,10.0,3.1104
2023-04-26,1.0,4.7375
2023-04-26,3.0,3.59306
2023-04-26,5.0,3.286
2023-04-26,7.0,3.19
2023-04-26,10.0,3.165
2023-04-27,1.0,4.825
2023-04-27,3.0,3.69545
2023-04-27,5.0,3.38412
2023-04-27,7.0,3.27612
2023-04-27,10.0,3.236
2023-04-28,1.0,4.79
2023-04-28,3.0,3.609
2023-04-28,5.0,3.287
2023-04-28,7.0,3.18275
2023-04-28,10.0,3.14875
2023-05-01,1.0,4.88865
2023-05-01,3.0,3.75465
2023-05-01,5.0,3.4445
2023-05-01,7.0,3.34525
2023-05-01,10.0,3.31125
2023-05-02,1.0,4.72625
2023-05-02,3.0,3.55975
2023-05-02,5.0,3.259
2023-05-02,7.0,3.18
2023-05-02,10.0,3.1685
2023-05-03,1.0,4.6205
2023-05-03,3.0,3.39087
2023-05-03,5.0,3.1235
2023-05-03,7.0,3.0745
2023-05-03,10.0,3.09335
2023-05-04,1.0,4.5659
2023-05-04,3.0,3.3925
2023-05-04,5.0,3.148
2023-05-04,7.0,3.1
2023-05-04,10.0,3.119
2023-05-05,1.0,4.662
2023-05-05,3.0,3.50245
2023-05-05,5.0,3.22715
2023-05-05,7.0,3.1685
2023-05-05,10.0,3.176
2023-05-08,1.0,4.7197
2023-05-08,3.0,3.57615
2023-05-08,5.0,3.29635
2023-05-08,7.0,3.232
2023-05-08,10.0,3.2345
2023-05-09,1.0,4.73455
2023-05-09,3.0,3.57685
2023-05-09,5.0,3.29765
2023-05-09,7.0,3.23525
2023-05-09,10.0,3.24105
2023-05-10,1.0,4.6385
2023-05-10,3.0,3.45985
2023-05-10,5.0,3.191
2023-05-10,7.0,3.1435
2023-05-10,10.0,3.1645
2023-05-11,1.0,4.6335
2023-05-11,3.0,3.43665
2023-05-11,5.0,3.1545
2023-05-11,7.0,3.093
2023-05-11,10.0,3.10415
2023-05-12,1.0,4.6945
2023-05-12,3.0,3.5265
2023-05-12,5.0,3.24255
2023-05-12,7.0,3.175
2023-05-12,10.0,3.18
2023-05-15,1.0,4.71355
2023-05-15,3.0,3.53487
2023-05-15,5.0,3.256
2023-05-15,7.0,3.19725
2023-05-15,10.0,3.21025
2023-05-16,1.0,4.761
2023-05-16,3.0,3.5935
2023-05-16,5.0,3.309
2023-05-16,7.0,3.24
2023-05-16,10.0,3.2426
2023-05-17,1.0,4.809
2023-05-17,3.0,3.6565
2023-05-17,5.0,3.359
2023-05-17,7.0,3.2795
2023-05-17,10.0,3.26945
2023-05-18,1.0,4.8895
2023-05-18,3.0,3.76837
2023-05-18,5.0,3.465
2023-05-18,7.0,3.37975
2023-05-18,10.0,3.35975
2023-05-19,1.0,4.87162
2023-05-19,3.0,3.79875
2023-05-19,5.0,3.5065
2023-05-19,7.0,3.4185
2023-05-19,10.0,3.39345
2023-05-22,1.0,4.92175
2023-05-22,3.0,3.84155
2023-05-22,5.0,3.5435
2023-05-22,7.0,3.4595
2023-05-22,10.0,3.4397
2023-05-23,1.0,4.927
2023-05-23,3.0,3.8272
2023-05-23,5.0,3.52975
2023-05-23,7.0,3.444
2023-05-23,10.0,3.42325
2023-05-24,1.0,5.03425
2023-05-24,3.0,3.907
2023-05-24,5.0,3.5985
2023-05-24,7.0,3.5025
2023-05-24,10.0,3.46895
2023-05-25,1.0,5.144
2023-05-25,3.0,4.0545
2023-05-25,5.0,3.72575
2023-05-25,7.0,3.6103
2023-05-25,10.0,3.557
2023-05-26,1.0,5.1564
2023-05-26,3.0,4.08
2023-05-26,5.0,3.731
2023-05-26,7.0,3.603
2023-05-26,10.0,3.5395
2023-05-30,1.0,5.1059
2023-05-30,3.0,3.94185
2023-05-30,5.0,3.60095
2023-05-30,7.0,3.4815
2023-05-30,10.0,3.43
2023-05-31,1.0,5.05475
2023-05-31,3.0,3.8785
2023-05-31,5.0,3.545
2023-05-31,7.0,3.431
2023-05-31,10.0,3.386
2023-06-01,1.0,4.999
2023-06-01,3.0,3.8124
2023-06-01,5.0,3.48325
2023-06-01,7.0,3.37745
2023-06-01,10.0,3.3404
2023-06-02,1.0,5.1135
2023-06-02,3.0,3.97762
2023-06-02,5.0,3.63645
2023-06-02,7.0,3.5129
2023-06-02,10.0,3.45835
2023-06-05,1.0,5.07525
2023-06-05,3.0,3.9335
2023-06-05,5.0,3.5915
2023-06-05,7.0,3.4755
2023-06-05,10.0,3.42935
2023-06-06,1.0,5.07535
2023-06-06,3.0,3.9425
2023-06-06,5.0,3.57875
2023-06-06,7.0,3.45275
2023-06-06,10.0,3.397
2023-06-07,1.0,5.13137
2023-06-07,3.0,4.0565
2023-06-07,5.0,3.711
2023-06-07,7.0,3.586
2023-06-07,10.0,3.5265
2023-06-08,1.0,5.1126
2023-06-08,3.0,4.003
2023-06-08,5.0,3.6326
2023-06-08,7.0,3.5085
2023-06-08,10.0,3.45375
2023-06-09,1.0,5.16337
2023-06-09,3.0,4.07405
2023-06-09,5.0,3.69025
2023-06-09,7.0,3.55
2023-06-09,10.0,3.4795
2023-06-12,1.0,5.16
2023-06-12,3.0,4.0539
2023-06-12,5.0,3.66925
2023-06-12,7.0,3.5305
2023-06-12,10.0,3.4625
2023-06-13,1.0,5.1985
2023-06-13,3.0,4.15905
2023-06-13,5.0,3.76745
2023-06-13,7.0,3.619
2023-06-13,10.0,3.5395
2023-06-14,1.0,5.228
2023-06-14,3.0,4.177
2023-06-14,5.0,3.7675
2023-06-14,7.0,3.60875
2023-06-14,10.0,3.5195
2023-06-15,1.0,5.217
2023-06-15,3.0,4.12145
2023-06-15,5.0,3.698
2023-06-15,7.0,3.5415
2023-06-15,10.0,3.45865
2023-06-16,1.0,5.2474
2023-06-16,3.0,4.20025
2023-06-16,5.0,3.76825
2023-06-16,7.0,3.599
2023-06-16,10.0,3.501
2023-06-20,1.0,5.2445
2023-06-20,3.0,4.1685
2023-06-20,5.0,3.7431
2023-06-20,7.0,3.5635
2023-06-20,10.0,3.46085
2023-06-21,1.0,5.25288
2023-06-21,3.0,4.173
2023-06-21,5.0,3.7413
2023-06-21,7.0,3.56025
2023-06-21,10.0,3.45615
2023-06-22,1.0,5.29225
2023-06-22,3.0,4.25838
2023-06-22,5.0,3.8255
2023-06-22,7.0,3.64087
2023-06-22,10.0,3.52887
2023-06-23,1.0,5.255
2023-06-23,3.0,4.2
2023-06-23,5.0,3.774
2023-06-23,7.0,3.58675
2023-06-23,10.0,3.473
2023-06-26,1.0,5.267
2023-06-26,3.0,4.185
2023-06-26,5.0,3.753
2023-06-26,7.0,3.573
2023-06-26,10.0,3.468
2023-06-27,1.0,5.3075
2023-06-27,3.0,4.26005
2023-06-27,5.0,3.808
2023-06-27,7.0,3.62
2023-06-27,10.0,3.5029
2023-06-28,1.0,5.293
2023-06-28,3.0,4.19987
2023-06-28,5.0,3.7494
2023-06-28,7.0,3.5642
2023-06-28,10.0,3.4515
2023-06-29,1.0,5.381
2023-06-29,3.0,4.35935
2023-06-29,5.0,3.90645
2023-06-29,7.0,3.70795
2023-06-29,10.0,3.5775
2023-06-30,1.0,5.37355
2023-06-30,3.0,4.39355
2023-06-30,5.0,3.9385
2023-06-30,7.0,3.727
2023-06-30,10.0,3.5825
2023-07-03,1.0,5.3875
2023-07-03,3.0,4.43895
2023-07-03,5.0,3.974
2023-07-03,7.0,3.75665
2023-07-03,10.0,3.6035
2023-07-04,1.0,5.388
2023-07-05,1.0,5.3776
2023-07-05,3.0,4.471
2023-07-05,5.0,4.03125
2023-07-05,7.0,3.82425
2023-07-05,10.0,3.6755
2023-07-06,1.0,5.4135
2023-07-06,3.0,4.53065
2023-07-06,5.0,4.128
2023-07-06,7.0,3.93
2023-07-06,10.0,3.781
2023-07-07,1.0,5.40135
2023-07-07,3.0,4.52825
2023-07-07,5.0,4.15
2023-07-07,7.0,3.964
2023-07-07,10.0,3.822
2023-07-10,1.0,5.36325
2023-07-10,3.0,4.40512
2023-07-10,5.0,4.021
2023-07-10,7.0,3.856
2023-07-10,10.0,3.74155
2023-07-11,1.0,5.3852
2023-07-11,3.0,4.4145
2023-07-11,5.0,4.007
2023-07-11,7.0,3.8306
2023-07-11,10.0,3.71115
2023-07-12,1.0,5.31015
2023-07-12,3.0,4.25975
2023-07-12,5.0,3.858
2023-07-12,7.0,3.6975
2023-07-12,10.0,3.60035
2023-07-13,1.0,5.2503
2023-07-13,3.0,4.1151
2023-07-13,5.0,3.73235
2023-07-13,7.0,3.5835
2023-07-13,10.0,3.5
2023-07-14,1.0,5.31405
2023-07-14,3.0,4.2455
2023-07-14,5.0,3.832
2023-07-14,7.0,3.669
2023-07-14,10.0,3.573
2023-07-17,1.0,5.29135
2023-07-17,3.0,4.2155
2023-07-17,5.0,3.7995
2023-07-17,7.0,3.63675
2023-07-17,10.0,3.543
2023-07-18,1.0,5.311
2023-07-18,3.0,4.221
2023-07-18,5.0,3.786
2023-07-18,7.0,3.61525
2023-07-18,10.0,3.5145
2023-07-19,1.0,5.313
2023-07-19,3.0,4.21455
2023-07-19,5.0,3.768
2023-07-19,7.0,3.5925
2023-07-19,10.0,3.48269
2023-07-20,1.0,5.348
2023-07-20,3.0,4.31105
2023-07-20,5.0,3.88625
2023-07-20,7.0,3.706
2023-07-20,10.0,3.59
2023-07-21,1.0,5.344
2023-07-21,3.0,4.30994
2023-07-21,5.0,3.881
2023-07-21,7.0,3.69875
2023-07-21,10.0,3.582
2023-07-24,1.0,5.38815
2023-07-24,3.0,4.38794
2023-07-24,5.0,3.94925
2023-07-24,7.0,3.75575
2023-07-24,10.0,3.62785
2023-07-25,1.0,5.38475
2023-07-25,3.0,4.39095
2023-07-25,5.0,3.95315
2023-07-25,7.0,3.76065
2023-07-25,10.0,3.63275
2023-07-26,1.0,5.37695
2023-07-26,3.0,4.357
2023-07-26,5.0,3.9195
2023-07-26,7.0,3.7355
2023-07-26,10.0,3.61725
2023-07-27,1.0,5.40755
2023-07-27,3.0,4.4605
2023-07-27,5.0,4.036
2023-07-27,7.0,3.8591
2023-07-27,10.0,3.7422
2023-07-28,1.0,5.37705
2023-07-28,3.0,4.39725
2023-07-28,5.0,3.97775
2023-07-28,7.0,3.8075
2023-07-28,10.0,3.6985
2023-07-31,1.0,5.373
2023-07-31,3.0,4.38455
2023-07-31,5.0,3.972
2023-07-31,7.0,3.80525
2023-07-31,10.0,3.699
2023-08-01,1.0,5.37185
2023-08-01,3.0,4.41115
2023-08-01,5.0,4.0041
2023-08-01,7.0,3.8485
2023-08-01,10.0,3.75525
2023-08-02,1.0,5.348
2023-08-02,3.0,4.381
2023-08-02,5.0,4.0175
2023-08-02,7.0,3.8785
2023-08-02,10.0,3.797
2023-08-03,1.0,5.3555
2023-08-03,3.0,4.41415
2023-08-03,5.0,4.08235
2023-08-03,7.0,3.9655
2023-08-03,10.0,3.903
2023-08-04,1.0,5.3055
2023-08-04,3.0,4.28425
2023-08-04,5.0,3.92725
2023-08-04,7.0,3.809
2023-08-04,10.0,3.757
2023-08-07,1.0,5.3115
2023-08-07,3.0,4.291
2023-08-07,5.0,3.94975
2023-08-07,7.0,3.84025
2023-08-07,10.0,3.7965
2023-08-08,1.0,5.30375
2023-08-08,3.0,4.25431
2023-08-08,5.0,3.89665
2023-08-08,7.0,3.77935
2023-08-08,10.0,3.731
2023-08-09,1.0,5.332
2023-08-09,3.0,4.30335
2023-08-09,5.0,3.927
2023-08-09,7.0,3.79115
2023-08-09,10.0,3.72615
2023-08-10,1.0,5.32
2023-08-10,3.0,4.35155
2023-08-10,5.0,4.0125
2023-08-10,7.0,3.88725
2023-08-10,10.0,3.82645
2023-08-11,1.0,5.35385
2023-08-11,3.0,4.4222
2023-08-11,5.0,4.08
2023-08-11,7.0,3.947
2023-08-11,10.0,3.87375
2023-08-14,1.0,5.3905
2023-08-14,3.0,4.4915
2023-08-14,5.0,4.137
2023-08-14,7.0,3.997
2023-08-14,10.0,3.917
2023-08-15,1.0,5.36965
2023-08-15,3.0,4.48805
2023-08-15,5.0,4.1525
2023-08-15,7.0,4.019
2023-08-15,10.0,3.94
2023-08-16,1.0,5.38335
2023-08-16,3.0,4.51545
2023-08-16,5.0,4.18295
2023-08-16,7.0,4.05055
2023-08-16,10.0,3.973
2023-08-17,1.0,5.355
2023-08-17,3.0,4.4974
2023-08-17,5.0,4.19539
2023-08-17,7.0,4.07691
2023-08-17,10.0,4.00875
2023-08-18,1.0,5.35775
2023-08-18,3.0,4.4921
2023-08-18,5.0,4.17845
2023-08-18,7.0,4.0575
2023-08-18,10.0,3.991
2023-08-21,1.0,5.401
2023-08-21,3.0,4.5675
2023-08-21,5.0,4.2621
2023-08-21,7.0,4.14355
2023-08-21,10.0,4.0765
2023-08-22,1.0,5.41663
2023-08-22,3.0,4.5985
2023-08-22,5.0,4.27513
2023-08-22,7.0,4.14205
2023-08-22,10.0,4.0595
2023-08-23,1.0,5.3785
2023-08-23,3.0,4.5001
2023-08-23,5.0,4.15725
2023-08-23,7.0,4.016
2023-08-23,10.0,3.92785
2023-08-24,1.0,5.41925
2023-08-24,3.0,4.5411
2023-08-24,5.0,4.1997
2023-08-24,7.0,4.0597
2023-08-24,10.0,3.9725
2023-08-25,1.0,5.47625
2023-08-25,3.0,4.5775
2023-08-25,5.0,4.215
2023-08-25,7.0,4.06345
2023-08-25,10.0,3.9675
2023-08-28,1.0,5.474
2023-08-28,3.0,4.53885
2023-08-28,5.0,4.1729
2023-08-28,7.0,4.02635
2023-08-28,10.0,3.9352
2023-08-29,1.0,5.3925
2023-08-29,3.0,4.421
2023-08-29,5.0,4.0658
2023-08-29,7.0,3.92995
2023-08-29,10.0,3.852
2023-08-30,1.0,5.3725
2023-08-30,3.0,4.40781
2023-08-30,5.0,4.055
2023-08-30,7.0,3.92015
2023-08-30,10.0,3.84275
2023-08-31,1.0,5.3571
2023-08-31,3.0,4.3799
2023-08-31,5.0,4.03375
2023-08-31,7.0,3.9017
2023-08-31,10.0,3.82735
2023-09-01,1.0,5.3513
2023-09-01,3.0,4.403
2023-09-01,5.0,4.073
2023-09-01,7.0,3.952
2023-09-01,10.0,3.89
2023-09-05,1.0,5.4011
2023-09-05,3.0,4.4815
2023-09-05,5.0,4.1515
2023-09-05,7.0,4.0315
2023-09-05,10.0,3.9675
2023-09-06,1.0,5.42835
2023-09-06,3.0,4.5445
2023-09-06,5.0,4.194
2023-09-06,7.0,4.0625
2023-09-06,10.0,3.987
2023-09-07,1.0,5.39645
2023-09-07,3.0,4.484
2023-09-07,5.0,4.156
2023-09-07,7.0,4.02875
2023-09-07,10.0,3.959
2023-09-08,1.0,5.41685
2023-09-08,3.0,4.521
2023-09-08,5.0,4.18515
2023-09-08,7.0,4.05155
2023-09-08,10.0,3.975
2023-09-11,1.0,5.4199
2023-09-11,3.0,4.52262
2023-09-11,5.0,4.1952
2023-09-11,7.0,4.068
2023-09-11,10.0,3.99775
2023-09-12,1.0,5.4332
2023-09-12,3.0,4.5585
2023-09-12,5.0,4.2122
2023-09-12,7.0,4.07105
2023-09-12,10.0,3.989
2023-09-13,1.0,5.4135
2023-09-13,3.0,4.5095
2023-09-13,5.0,4.1701
2023-09-13,7.0,4.03645
2023-09-13,10.0,3.9625
2023-09-14,1.0,5.42915
2023-09-14,3.0,4.54675
2023-09-14,5.0,4.2019
2023-09-14,7.0,4.068
2023-09-14,10.0,3.9944
2023-09-15,1.0,5.4347
2023-09-15,3.0,4.579
2023-09-15,5.0,4.2445
2023-09-15,7.0,4.111
2023-09-15,10.0,4.0335
2023-09-18,1.0,5.44345
2023-09-18,3.0,4.58275
2023-09-18,5.0,4.229
2023-09-18,7.0,4.08712
2023-09-18,10.0,4.005
2023-09-19,1.0,5.4571
2023-09-19,3.0,4.64105
2023-09-19,5.0,4.29315
2023-09-19,7.0,4.1497
2023-09-19,10.0,4.063
2023-09-20,1.0,5.5073
2023-09-20,3.0,4.71925
2023-09-20,5.0,4.3642
2023-09-20,7.0,4.21285
2023-09-20,10.0,4.117
2023-09-21,1.0,5.473
2023-09-21,3.0,4.7117
2023-09-21,5.0,4.40025
2023-09-21,7.0,4.2787
2023-09-21,10.0,4.206
2023-09-22,1.0,5.458
2023-09-22,3.0,4.66288
2023-09-22,5.0,4.33845
2023-09-22,7.0,4.215
2023-09-22,10.0,4.1435
2023-09-25,1.0,5.4559
2023-09-25,3.0,4.6844
2023-09-25,5.0,4.39425
2023-09-25,7.0,4.29255
2023-09-25,10.0,4.2416
2023-09-26,1.0,5.45038
2023-09-26,3.0,4.67081
2023-09-26,5.0,4.38035
2023-09-26,7.0,4.28295
2023-09-26,10.0,4.23835
2023-09-27,1.0,5.4826
2023-09-27,3.0,4.738
2023-09-27,5.0,4.4567
2023-09-27,7.0,4.3578
2023-09-27,10.0,4.309
2023-09-28,1.0,5.4394
2023-09-28,3.0,4.65855
2023-09-28,5.0,4.395
2023-09-28,7.0,4.31145
2023-09-28,10.0,4.2765
2023-09-29,1.0,5.435
2023-09-29,3.0,4.6395
2023-09-29,5.0,4.37825
2023-09-29,7.0,4.2979
2023-09-29,10.0,4.265
2023-10-02,1.0,5.4708
2023-10-02,3.0,4.718
2023-10-02,5.0,4.47595
2023-10-02,7.0,4.40375
2023-10-02,10.0,4.3739
2023-10-03,1.0,5.4776
2023-10-03,3.0,4.7767
2023-10-03,5.0,4.562
2023-10-03,7.0,4.50585
2023-10-03,10.0,4.48885
2023-10-04,1.0,5.411
2023-10-04,3.0,4.6946
2023-10-04,5.0,4.49345
2023-10-04,7.0,4.44325
2023-10-04,10.0,4.42935
2023-10-05,1.0,5.3828
2023-10-05,3.0,4.6425
2023-10-05,5.0,4.44995
2023-10-05,7.0,4.41035
2023-10-05,10.0,4.40913
2023-10-06,1.0,5.43135
2023-10-06,3.0,4.709
2023-10-06,5.0,4.519
2023-10-06,7.0,4.4875
2023-10-06,10.0,4.4935
2023-10-09,1.0,5.3415
2023-10-10,1.0,5.3496
2023-10-10,3.0,4.5855
2023-10-10,5.0,4.38115
2023-10-10,7.0,4.34505
2023-10-10,10.0,4.35005
2023-10-11,1.0,5.359
2023-10-11,3.0,4.583
2023-10-11,5.0,4.34345
2023-10-11,7.0,4.2754
2023-10-11,10.0,4.25105
2023-10-12,1.0,5.40338
2023-10-12,3.0,4.67235
2023-10-12,5.0,4.452
2023-10-12,7.0,4.3975
2023-10-12,10.0,4.38605
2023-10-13,1.0,5.385
2023-10-13,3.0,4.64475
2023-10-13,5.0,4.401
2023-10-13,7.0,4.3298
2023-10-13,10.0,4.302
2023-10-16,1.0,5.40715
2023-10-16,3.0,4.6985
2023-10-16,5.0,4.4698
2023-10-16,7.0,4.4075
2023-10-16,10.0,4.3875
2023-10-17,1.0,5.4657
2023-10-17,3.0,4.83365
2023-10-17,5.0,4.62075
2023-10-17,7.0,4.55055
2023-10-17,10.0,4.51625
2023-10-18,1.0,5.4567
2023-10-18,3.0,4.87215
2023-10-18,5.0,4.6831
2023-10-18,7.0,4.6205
2023-10-18,10.0,4.59095
2023-10-19,1.0,5.40201
2023-10-19,3.0,4.8395
2023-10-19,5.0,4.6955
2023-10-19,7.0,4.66
2023-10-19,10.0,4.6511
2023-10-20,1.0,5.36052
2023-10-20,3.0,4.73425
2023-10-20,5.0,4.597
2023-10-20,7.0,4.5712
2023-10-20,10.0,4.5747
2023-10-23,1.0,5.366
2023-10-23,3.0,4.6788
2023-10-23,5.0,4.53285
2023-10-23,7.0,4.50675
2023-10-23,10.0,4.5106
2023-10-24,1.0,5.3935
2023-10-24,3.0,4.7355
2023-10-24,5.0,4.5555
2023-10-24,7.0,4.50537
2023-10-24,10.0,4.4892
2023-10-25,1.0,5.4017
2023-10-25,3.0,4.7933
2023-10-25,5.0,4.6475
2023-10-25,7.0,4.6155
2023-10-25,10.0,4.6126
2023-10-26,1.0,5.35775
2023-10-26,3.0,4.69085
2023-10-26,5.0,4.53113
2023-10-26,7.0,4.50187
2023-10-26,10.0,4.5055
2023-10-27,1.0,5.3405
2023-10-27,3.0,4.64125
2023-10-27,5.0,4.4859
2023-10-27,7.0,4.4675
2023-10-27,10.0,4.484
2023-10-30,1.0,5.369
2023-10-30,3.0,4.6903
2023-10-30,5.0,4.54055
2023-10-30,7.0,4.52185
2023-10-30,10.0,4.53605
2023-10-31,1.0,5.39875
2023-10-31,3.0,4.7214
2023-10-31,5.0,4.571
2023-10-31,7.0,4.55275
2023-10-31,10.0,4.5692
2023-11-01,1.0,5.3175
2023-11-01,3.0,4.553
2023-11-01,5.0,4.37555
2023-11-01,7.0,4.35565
2023-11-01,10.0,4.37835
2023-11-02,1.0,5.3295
2023-11-02,3.0,4.57965
2023-11-02,5.0,4.36665
2023-11-02,7.0,4.3145
2023-11-02,10.0,4.3065
2023-11-03,1.0,5.2348
2023-11-03,3.0,4.42455
2023-11-03,5.0,4.2362
2023-11-03,7.0,4.205
2023-11-03,10.0,4.21985
2023-11-06,1.0,5.2804
2023-11-06,3.0,4.5085
2023-11-06,5.0,4.3104
2023-11-06,7.0,4.27255
2023-11-06,10.0,4.27935
2023-11-07,1.0,5.26345
2023-11-07,3.0,4.4705
2023-11-07,5.0,4.25407
2023-11-07,7.0,4.2025
2023-11-07,10.0,4.197
2023-11-08,1.0,5.2846
2023-11-08,3.0,4.471
2023-11-08,5.0,4.22205
2023-11-08,7.0,4.1472
2023-11-08,10.0,4.12215
2023-11-09,1.0,5.3265
2023-11-09,3.0,4.57315
2023-11-09,5.0,4.34255
2023-11-09,7.0,4.2887
2023-11-09,10.0,4.266
2023-11-10,1.0,5.349
2023-11-10,3.0,4.6152
2023-11-10,5.0,4.3958
2023-11-10,7.0,4.3275
2023-11-10,10.0,4.30175
2023-11-13,1.0,5.3435
2023-11-13,3.0,4.5965
2023-11-13,5.0,4.37565
2023-11-13,7.0,4.3145
2023-11-13,10.0,4.296
2023-11-14,1.0,5.1983
2023-11-14,3.0,4.37795
2023-11-14,5.0,4.155
2023-11-14,7.0,4.10605
2023-11-14,10.0,4.1067
2023-11-15,1.0,5.24845
2023-11-15,3.0,4.45925
2023-11-15,5.0,4.235
2023-11-15,7.0,4.188
2023-11-15,10.0,4.1904
2023-11-16,1.0,5.2057
2023-11-16,3.0,4.3622
2023-11-16,5.0,4.1365
2023-11-16,7.0,4.0887
2023-11-16,10.0,4.09315
2023-11-17,1.0,5.2283
2023-11-17,3.0,4.4002
2023-11-17,5.0,4.15781
2023-11-17,7.0,4.0985
2023-11-17,10.0,4.09295
2023-11-20,1.0,5.24769
2023-11-20,3.0,4.4068
2023-11-20,5.0,4.1535
2023-11-20,7.0,4.08655
2023-11-20,10.0,4.07455
2023-11-21,1.0,5.2357
2023-11-21,3.0,4.3712
2023-11-21,5.0,4.11791
2023-11-21,7.0,4.0552
2023-11-21,10.0,4.049
2023-11-22,1.0,5.2535
2023-11-22,3.0,4.39615
2023-11-22,5.0,4.144
2023-11-22,7.0,4.07555
2023-11-22,10.0,4.0627
2023-11-23,1.0,5.257
2023-11-23,3.0,4.396
2023-11-23,5.0,4.144
2023-11-23,7.0,4.0755
2023-11-23,10.0,4.063
2023-11-24,1.0,5.2765
2023-11-24,3.0,4.43925
2023-11-24,5.0,4.195
2023-11-24,7.0,4.1315
2023-11-24,10.0,4.1185
2023-11-27,1.0,5.25345
2023-11-27,3.0,4.3778
2023-11-27,5.0,4.11985
2023-11-27,7.0,4.0501
2023-11-27,10.0,4.0367
2023-11-28,1.0,5.1749
2023-11-28,3.0,4.2511
2023-11-28,5.0,4.004
2023-11-28,7.0,3.9513
2023-11-28,10.0,3.957
2023-11-29,1.0,5.09959
2023-11-29,3.0,4.16618
2023-11-29,5.0,3.9285
2023-11-29,7.0,3.8755
2023-11-29,10.0,3.8804
2023-11-30,1.0,5.0997
2023-11-30,3.0,4.20395
2023-11-30,5.0,3.9855
2023-11-30,7.0,3.9439
2023-11-30,10.0,3.95755
2023-12-01,1.0,4.9948
2023-12-01,3.0,4.058
2023-12-01,5.0,3.8415
2023-12-01,7.0,3.80715
2023-12-01,10.0,3.83065
2023-12-04,1.0,5.0503
2023-12-04,3.0,4.1323
2023-12-04,5.0,3.9093
2023-12-04,7.0,3.86515
2023-12-04,10.0,3.87605
2023-12-05,1.0,5.02325
2023-12-05,3.0,4.073
2023-12-05,5.0,3.83975
2023-12-05,7.0,3.78501
2023-12-05,10.0,3.7858
2023-12-06,1.0,5.0388
2023-12-06,3.0,4.06831
2023-12-06,5.0,3.80471
2023-12-06,7.0,3.73455
2023-12-06,10.0,3.722
2023-12-07,1.0,5.0285
2023-12-07,3.0,4.0813
2023-12-07,5.0,3.8355
2023-12-07,7.0,3.7716
2023-12-07,10.0,3.76345
2023-12-08,1.0,5.1109
2023-12-08,3.0,4.2011
2023-12-08,5.0,3.9435
2023-12-08,7.0,3.869
2023-12-08,10.0,3.8449
2023-12-11,1.0,5.108
2023-12-11,3.0,4.205
2023-12-11,5.0,3.9518
2023-12-11,7.0,3.876
2023-12-11,10.0,3.8504
2023-12-12,1.0,5.1165
2023-12-12,3.0,4.2027
2023-12-12,5.0,3.9299
2023-12-12,7.0,3.8492
2023-12-12,10.0,3.8199
2023-12-13,1.0,4.8957
2023-12-13,3.0,3.9335
2023-12-13,5.0,3.69815
2023-12-13,7.0,3.6443
2023-12-13,10.0,3.64445
2023-12-14,1.0,4.8937
2023-12-14,3.0,3.8828
2023-12-14,5.0,3.63395
2023-12-14,7.0,3.5585
2023-12-14,10.0,3.5386
2023-12-15,1.0,4.9355
2023-12-15,3.0,3.9109
2023-12-15,5.0,3.6351
2023-12-15,7.0,3.55255
2023-12-15,10.0,3.5274
2023-12-18,1.0,4.92935
2023-12-18,3.0,3.9235
2023-12-18,5.0,3.6554
2023-12-18,7.0,3.57405
2023-12-18,10.0,3.5485
2023-12-19,1.0,4.898
2023-12-19,3.0,3.9185
2023-12-19,5.0,3.6551
2023-12-19,7.0,3.57363
2023-12-19,10.0,3.5467
2023-12-20,1.0,4.8068
2023-12-20,3.0,3.8063
2023-12-20,5.0,3.55435
2023-12-20,7.0,3.4791
2023-12-20,10.0,3.4581
2023-12-21,1.0,4.806
2023-12-21,3.0,3.8115
2023-12-21,5.0,3.5705
2023-12-21,7.0,3.50645
2023-12-21,10.0,3.4958
2023-12-22,1.0,4.7728
2023-12-22,3.0,3.795
2023-12-22,5.0,3.5705
2023-12-22,7.0,3.515
2023-12-22,10.0,3.511
2023-12-26,1.0,4.8125
2023-12-26,3.0,3.8191
2023-12-26,5.0,3.58645
2023-12-26,7.0,3.52325
2023-12-26,10.0,3.51265
2023-12-27,1.0,4.76295
2023-12-27,3.0,3.7441
2023-12-27,5.0,3.495
2023-12-27,7.0,3.4267
2023-12-27,10.0,3.41365
2023-12-28,1.0,4.7773
2023-12-28,3.0,3.76804
2023-12-28,5.0,3.531
2023-12-28,7.0,3.4665
2023-12-28,10.0,3.4534
2023-12-29,1.0,4.7559
2023-12-29,3.0,3.7482
2023-12-29,5.0,3.5291
2023-12-29,7.0,3.478
2023-12-29,10.0,3.474
2024-01-02,1.0,4.8003
2024-01-02,3.0,3.82925
2024-01-02,5.0,3.5925
2024-01-02,7.0,3.5315
2024-01-02,10.0,3.51605
2024-01-03,1.0,4.8317
2024-01-03,3.0,3.8383
2024-01-03,5.0,3.5982
2024-01-03,7.0,3.53713
2024-01-03,10.0,3.5232
2024-01-04,1.0,4.864
2024-01-04,3.0,3.91605
2024-01-04,5.0,3.68485
2024-01-04,7.0,3.62555
2024-01-04,10.0,3.6119
2024-01-05,1.0,4.8402
2024-01-05,3.0,3.922
2024-01-05,5.0,3.7066
2024-01-05,7.0,3.6562
2024-01-05,10.0,3.6515
2024-01-08,1.0,4.8469
2024-01-08,3.0,3.9272
2024-01-08,5.0,3.7168
2024-01-08,7.0,3.6666
2024-01-08,10.0,3.661
2024-01-09,1.0,4.8358
2024-01-09,3.0,3.9131
2024-01-09,5.0,3.6942
2024-01-09,7.0,3.64325
2024-01-09,10.0,3.6404
2024-01-10,1.0,4.8195
2024-01-10,3.0,3.90013
2024-01-10,5.0,3.6876
2024-01-10,7.0,3.64025
2024-01-10,10.0,3.6436
2024-01-11,1.0,4.7227
2024-01-11,3.0,3.7875
2024-01-11,5.0,3.5955
2024-01-11,7.0,3.56285
2024-01-11,10.0,3.58096
2024-01-12,1.0,4.6385
2024-01-12,3.0,3.7147
2024-01-12,5.0,3.5505
2024-01-12,7.0,3.525
2024-01-12,10.0,3.5476
2024-01-16,1.0,4.7121
2024-01-16,3.0,3.80355
2024-01-16,5.0,3.6559
2024-01-16,7.0,3.64
2024-01-16,10.0,3.6677
2024-01-17,1.0,4.8163
2024-01-17,3.0,3.93645
2024-01-17,5.0,3.75525
2024-01-17,7.0,3.71615
2024-01-17,10.0,3.7212
2024-01-18,1.0,4.7967
2024-01-18,3.0,3.9341
2024-01-18,5.0,3.7771
2024-01-18,7.0,3.74985
2024-01-18,10.0,3.7638
2024-01-19,1.0,4.8384
2024-01-19,3.0,3.965
2024-01-19,5.0,3.7912
2024-01-19,7.0,3.75315
2024-01-19,10.0,3.75575
2024-01-22,1.0,4.8504
2024-01-22,3.0,3.9533
2024-01-22,5.0,3.7688
2024-01-22,7.0,3.73335
2024-01-22,10.0,3.7413
2024-01-23,1.0,4.82
2024-01-23,3.0,3.94125
2024-01-23,5.0,3.7765
2024-01-23,7.0,3.74945
2024-01-23,10.0,3.7635
2024-01-24,1.0,4.84615
2024-01-24,3.0,3.98505
2024-01-24,5.0,3.82255
2024-01-24,7.0,3.796
2024-01-24,10.0,3.8102
2024-01-25,1.0,4.776
2024-01-25,3.0,3.8977
2024-01-25,5.0,3.746
2024-01-25,7.0,3.73
2024-01-25,10.0,3.7552
2024-01-26,1.0,4.8057
2024-01-26,3.0,3.9446
2024-01-26,5.0,3.779
2024-01-26,7.0,3.7552
2024-01-26,10.0,3.7716
2024-01-29,1.0,4.7947
2024-01-29,3.0,3.9076
2024-01-29,5.0,3.72915
2024-01-29,7.0,3.69953
2024-01-29,10.0,3.71265
2024-01-30,1.0,4.8092
2024-01-30,3.0,3.9206
2024-01-30,5.0,3.7175
2024-01-30,7.0,3.67245
2024-01-30,10.0,3.6721
2024-01-31,1.0,4.72785
2024-01-31,3.0,3.7795
2024-01-31,5.0,3.5796
2024-01-31,7.0,3.54
2024-01-31,10.0,3.54875
2024-02-01,1.0,4.708
2024-02-01,3.0,3.7692
2024-02-01,5.0,3.56245
2024-02-01,7.0,3.5176
2024-02-01,10.0,3.52075
2024-02-02,1.0,4.8586
2024-02-02,3.0,3.9468
2024-02-02,5.0,3.7314
2024-02-02,7.0,3.6735
2024-02-02,10.0,3.6605
2024-02-05,1.0,4.92285
2024-02-05,3.0,4.0641
2024-02-05,5.0,3.8617
2024-02-05,7.0,3.8052
2024-02-05,10.0,3.7905
2024-02-06,1.0,4.8643
2024-02-06,3.0,3.9893
2024-02-06,5.0,3.7815
2024-02-06,7.0,3.7305
2024-02-06,10.0,3.72435
2024-02-07,1.0,4.8771
2024-02-07,3.0,4.02
2024-02-07,5.0,3.8101
2024-02-07,7.0,3.754
2024-02-07,10.0,3.744
2024-02-08,1.0,4.88535
2024-02-08,3.0,4.05595
2024-02-08,5.0,3.85725
2024-02-08,7.0,3.8049
2024-02-08,10.0,3.7937
2024-02-09,1.0,4.9072
2024-02-09,3.0,4.08025
2024-02-09,5.0,3.88003
2024-02-09,7.0,3.8265
2024-02-09,10.0,3.8149
2024-02-12,1.0,4.91
2024-02-12,3.0,4.0739
2024-02-12,5.0,3.8783
2024-02-12,7.0,3.8267
2024-02-12,10.0,3.816
2024-02-13,1.0,5.0545
2024-02-13,3.0,4.28175
2024-02-13,5.0,4.0605
2024-02-13,7.0,3.9885
2024-02-13,10.0,3.9557
2024-02-14,1.0,5.0027
2024-02-14,3.0,4.2076
2024-02-14,5.0,3.98945
2024-02-14,7.0,3.9241
2024-02-14,10.0,3.9
2024-02-15,1.0,4.9982
2024-02-15,3.0,4.1878
2024-02-15,5.0,3.9682
2024-02-15,7.0,3.9006
2024-02-15,10.0,3.8762
2024-02-16,1.0,5.03215
2024-02-16,3.0,4.2456
2024-02-16,5.0,4.0213
2024-02-16,7.0,3.9482
2024-02-16,10.0,3.91705
2024-02-20,1.0,5.01895
2024-02-20,3.0,4.2192
2024-02-20,5.0,4.0018
2024-02-20,7.0,3.9372
2024-02-20,10.0,3.91463
2024-02-21,1.0,5.0519
2024-02-21,3.0,4.2712
2024-02-21,5.0,4.052
2024-02-21,7.0,3.983
2024-02-21,10.0,3.9551
2024-02-22,1.0,5.0804
2024-02-22,3.0,4.3031
2024-02-22,5.0,4.0745
2024-02-22,7.0,3.992
2024-02-22,10.0,3.9564
2024-02-23,1.0,5.08055
2024-02-23,3.0,4.2725
2024-02-23,5.0,4.0145
2024-02-23,7.0,3.923
2024-02-23,10.0,3.8756
2024-02-26,1.0,5.10375
2024-02-26,3.0,4.3
2024-02-26,5.0,4.03695
2024-02-26,7.0,3.9447
2024-02-26,10.0,3.8958
2024-02-27,1.0,5.1029
2024-02-27,3.0,4.3056
2024-02-27,5.0,4.0515
2024-02-27,7.0,3.96209
2024-02-27,10.0,3.91875
2024-02-28,1.0,5.0635
2024-02-28,3.0,4.256
2024-02-28,5.0,4.00455
2024-02-28,7.0,3.92065
2024-02-28,10.0,3.8844
2024-02-29,1.0,5.0452
2024-02-29,3.0,4.24085
2024-02-29,5.0,3.9959
2024-02-29,7.0,3.91225
2024-02-29,10.0,3.8733
2024-03-01,1.0,4.997
2024-03-01,3.0,4.1605
2024-03-01,5.0,3.9212
2024-03-01,7.0,3.8411
2024-03-01,10.0,3.80645
2024-03-04,1.0,5.0474
2024-03-04,3.0,4.21835
2024-03-04,5.0,3.9628
2024-03-04,7.0,3.8776
2024-03-04,10.0,3.8365
2024-03-05,1.0,5.0164
2024-03-05,3.0,4.16565
2024-03-05,5.0,3.9025
2024-03-05,7.0,3.81555
2024-03-05,10.0,3.7745
2024-03-06,1.0,5.01365
2024-03-06,3.0,4.15735
2024-03-06,5.0,3.8796
2024-03-06,7.0,3.78135
2024-03-06,10.0,3.73062
2024-03-07,1.0,4.9724
2024-03-07,3.0,4.1031
2024-03-07,5.0,3.8375
2024-03-07,7.0,3.7507
2024-03-07,10.0,3.71145
2024-03-08,1.0,4.96045
2024-03-08,3.0,4.0725
2024-03-08,5.0,3.81385
2024-03-08,7.0,3.7349
2024-03-08,10.0,3.7038
2024-03-11,1.0,4.993
2024-03-11,3.0,4.1165
2024-03-11,5.0,3.85256
2024-03-11,7.0,3.7652
2024-03-11,10.0,3.72755
2024-03-12,1.0,5.0235
2024-03-12,3.0,4.1752
2024-03-12,5.0,3.9095
2024-03-12,7.0,3.81972
2024-03-12,10.0,3.77894
2024-03-13,1.0,5.05004
2024-03-13,3.0,4.2233
2024-03-13,5.0,3.9559
2024-03-13,7.0,3.85962
2024-03-13,10.0,3.8124
2024-03-14,1.0,5.06726
2024-03-14,3.0,4.3033
2024-03-14,5.0,4.0486
2024-03-14,7.0,3.95825
2024-03-14,10.0,3.91242
2024-03-15,1.0,5.0895
2024-03-15,3.0,4.3525
2024-03-15,5.0,4.0827
2024-03-15,7.0,3.9832
2024-03-15,10.0,3.928
2024-03-18,1.0,5.0948
2024-03-18,3.0,4.3575
2024-03-18,5.0,4.0957
2024-03-18,7.0,3.9985
2024-03-18,10.0,3.9445
2024-03-19,1.0,5.0775
2024-03-19,3.0,4.315
2024-03-19,5.0,4.058
2024-03-19,7.0,3.9666
2024-03-19,10.0,3.9196
2024-03-20,1.0,4.9952
2024-03-20,3.0,4.2412
2024-03-20,5.0,4.013
2024-03-20,7.0,3.9398
2024-03-20,10.0,3.9095
2024-03-21,1.0,5.0165
2024-03-21,3.0,4.2624
2024-03-21,5.0,4.0205
2024-03-21,7.0,3.93975
2024-03-21,10.0,3.9031
2024-03-22,1.0,4.9852
2024-03-22,3.0,4.2007
2024-03-22,5.0,3.9515
2024-03-22,7.0,3.8709
2024-03-22,10.0,3.8365
2024-03-25,1.0,5.0143
2024-03-25,3.0,4.24335
2024-03-25,5.0,4.002
2024-03-25,7.0,3.9232
2024-03-25,10.0,3.8889
2024-03-26,1.0,5.0169
2024-03-26,3.0,4.2399
2024-03-26,5.0,3.9941
2024-03-26,7.0,3.91075
2024-03-26,10.0,3.8723
2024-03-27,1.0,4.99869
2024-03-27,3.0,4.20885
2024-03-27,5.0,3.95708
2024-03-27,7.0,3.8704
2024-03-27,10.0,3.8289
2024-03-28,1.0,5.0395
2024-03-28,3.0,4.25235
2024-03-28,5.0,3.9835
2024-03-28,7.0,3.887
2024-03-28,10.0,3.8375
2024-03-29,1.0,5.0397
2024-04-01,1.0,5.07944
2024-04-01,3.0,4.34305
2024-04-01,5.0,4.08215
2024-04-01,7.0,3.9899
2024-04-01,10.0,3.9415
2024-04-02,1.0,5.0598
2024-04-02,3.0,4.34045
2024-04-02,5.0,4.0992
2024-04-02,7.0,4.016
2024-04-02,10.0,3.97415
2024-04-03,1.0,5.0429
2024-04-03,3.0,4.3238
2024-04-03,5.0,4.0849
2024-04-03,7.0,4.0065
2024-04-03,10.0,3.9702
2024-04-04,1.0,5.01125
2024-04-04,3.0,4.2983
2024-04-04,5.0,4.06065
2024-04-04,7.0,3.9795
2024-04-04,10.0,3.9399
2024-04-05,1.0,5.07675
2024-04-05,3.0,4.39635
2024-04-05,5.0,4.1524
2024-04-05,7.0,4.0674
2024-04-05,10.0,4.02445
2024-04-08,1.0,5.0982
2024-04-08,3.0,4.4399
2024-04-08,5.0,4.18912
2024-04-08,7.0,4.0962
2024-04-08,10.0,4.0442
2024-04-09,1.0,5.0617
2024-04-09,3.0,4.3922
2024-04-09,5.0,4.1352
2024-04-09,7.0,4.03914
2024-04-09,10.0,3.9855
2024-04-10,1.0,5.2311
2024-04-10,3.0,4.6436
2024-04-10,5.0,4.36305
2024-04-10,7.0,4.24575
2024-04-10,10.0,4.17058
2024-04-11,1.0,5.21585
2024-04-11,3.0,4.6451
2024-04-11,5.0,4.386
2024-04-11,7.0,4.279
2024-04-11,10.0,4.2111
2024-04-12,1.0,5.1792
2024-04-12,3.0,4.578
2024-04-12,5.0,4.3114
2024-04-12,7.0,4.2055
2024-04-12,10.0,4.1415
2024-04-15,1.0,5.194
2024-04-15,3.0,4.6103
2024-04-15,5.0,4.3675
2024-04-15,7.0,4.272
2024-04-15,10.0,4.215
2024-04-16,1.0,5.2227
2024-04-16,3.0,4.68694
2024-04-16,5.0,4.44652
2024-04-16,7.0,4.34775
2024-04-16,10.0,4.2843
2024-04-17,1.0,5.195
2024-04-17,3.0,4.6155
2024-04-17,5.0,4.3669
2024-04-17,7.0,4.26765
2024-04-17,10.0,4.2076
2024-04-18,1.0,5.2201
2024-04-18,3.0,4.6712
2024-04-18,5.0,4.4232
2024-04-18,7.0,4.3201
2024-04-18,10.0,4.2515
2024-04-19,1.0,5.21755
2024-04-19,3.0,4.6724
2024-04-19,5.0,4.4166
2024-04-19,7.0,4.3106
2024-04-19,10.0,4.2401
2024-04-22,1.0,5.2115
2024-04-22,3.0,4.6487
2024-04-22,5.0,4.3979
2024-04-22,7.0,4.29605
2024-04-22,10.0,4.23
2024-04-23,1.0,5.18545
2024-04-23,3.0,4.6156
2024-04-23,5.0,4.379
2024-04-23,7.0,4.28525
2024-04-23,10.0,4.227
2024-04-24,1.0,5.1902
2024-04-24,3.0,4.6355
2024-04-24,5.0,4.4095
2024-04-24,7.0,4.3216
2024-04-24,10.0,4.2682
2024-04-25,1.0,5.2427
2024-04-25,3.0,4.7114
2024-04-25,5.0,4.483
2024-04-25,7.0,4.39095
2024-04-25,10.0,4.3326
2024-04-26,1.0,5.24395
2024-04-26,3.0,4.7001
2024-04-26,5.0,4.45585
2024-04-26,7.0,4.3566
2024-04-26,10.0,4.2936
2024-04-29,1.0,5.23605
2024-04-29,3.0,4.66745
2024-04-29,5.0,4.41034
2024-04-29,7.0,4.3065
2024-04-29,10.0,4.242
2024-04-30,1.0,5.2835
2024-04-30,3.0,4.73995
2024-04-30,5.0,4.48415
2024-04-30,7.0,4.37785
2024-04-30,10.0,4.3101
2024-05-01,1.0,5.24
2024-05-01,3.0,4.66795
2024-05-01,5.0,4.42085
2024-05-01,7.0,4.322
2024-05-01,10.0,4.26217
2024-05-02,1.0,5.1906
2024-05-02,3.0,4.5781
2024-05-02,5.0,4.34
2024-05-02,7.0,4.25405
2024-05-02,10.0,4.2096
2024-05-03,1.0,5.14625
2024-05-03,3.0,4.50225
2024-05-03,5.0,4.26265
2024-05-03,7.0,4.1771
2024-05-03,10.0,4.1335
2024-05-06,1.0,5.1585
2024-05-06,3.0,4.49915
2024-05-06,5.0,4.2468
2024-05-06,7.0,4.1541
2024-05-06,10.0,4.1054
2024-05-07,1.0,5.15763
2024-05-07,3.0,4.4944
2024-05-07,5.0,4.2329
2024-05-07,7.0,4.1343
2024-05-07,10.0,4.08002
2024-05-08,1.0,5.1565
2024-05-08,3.0,4.5127
2024-05-08,5.0,4.2607
2024-05-08,7.0,4.1661
2024-05-08,10.0,4.1151
2024-05-09,1.0,5.1392
2024-05-09,3.0,4.48755
2024-05-09,5.0,4.2327
2024-05-09,7.0,4.1365
2024-05-09,10.0,4.0854
2024-05-10,1.0,5.1685
2024-05-10,3.0,4.53765
2024-05-10,5.0,4.2792
2024-05-10,7.0,4.18115
2024-05-10,10.0,4.127
2024-05-13,1.0,5.1701
2024-05-13,3.0,4.5286
2024-05-13,5.0,4.2712
2024-05-13,7.0,4.1734
2024-05-13,10.0,4.12
2024-05-14,1.0,5.1477
2024-05-14,3.0,4.47855
2024-05-14,5.0,4.21925
2024-05-14,7.0,4.124
2024-05-14,10.0,4.0732
2024-05-15,1.0,5.0944
2024-05-15,3.0,4.3659
2024-05-15,5.0,4.11145
2024-05-15,7.0,4.0218
2024-05-15,10.0,3.9785
2024-05-16,1.0,5.1373
2024-05-16,3.0,4.432
2024-05-16,5.0,4.1649
2024-05-16,7.0,4.0665
2024-05-16,10.0,4.01525
2024-05-17,1.0,5.1485
2024-05-17,3.0,4.47085
2024-05-17,5.0,4.2106
2024-05-17,7.0,4.1113
2024-05-17,10.0,4.0573
2024-05-20,1.0,5.165
2024-05-20,3.0,4.4913
2024-05-20,5.0,4.2279
2024-05-20,7.0,4.1315
2024-05-20,10.0,4.0808
2024-05-21,1.0,5.1503
2024-05-21,3.0,4.4612
2024-05-21,5.0,4.1952
2024-05-21,7.0,4.0981
2024-05-21,10.0,4.0468
2024-05-22,1.0,5.169
2024-05-22,3.0,4.5
2024-05-22,5.0,4.22265
2024-05-22,7.0,4.11805
2024-05-22,10.0,4.0599
2024-05-23,1.0,5.2094
2024-05-23,3.0,4.5705
2024-05-23,5.0,4.2875
2024-05-23,7.0,4.1777
2024-05-23,10.0,4.11395
2024-05-24,1.0,5.218
2024-05-24,3.0,4.5697
2024-05-24,5.0,4.2755
2024-05-24,7.0,4.161
2024-05-24,10.0,4.0925
2024-05-28,1.0,5.2325
2024-05-28,3.0,4.6138
2024-05-28,5.0,4.3475
2024-05-28,7.0,4.2432
2024-05-28,10.0,4.184
2024-05-29,1.0,5.2274
2024-05-29,3.0,4.6375
2024-05-29,5.0,4.393
2024-05-29,7.0,4.2991
2024-05-29,10.0,4.24725
2024-05-30,1.0,5.2002
2024-05-30,3.0,4.5827
2024-05-30,5.0,4.32845
2024-05-30,7.0,4.232
2024-05-30,10.0,4.18
2024-05-31,1.0,5.1792
2024-05-31,3.0,4.5195
2024-05-31,5.0,4.26713
2024-05-31,7.0,4.175
2024-05-31,10.0,4.1291
2024-06-03,1.0,5.1391
2024-06-03,3.0,4.44135
2024-06-03,5.0,4.16925
2024-06-03,7.0,4.0707
2024-06-03,10.0,4.0225
2024-06-04,1.0,5.109
2024-06-04,3.0,4.3857
2024-06-04,5.0,4.105
2024-06-04,7.0,4.0051
2024-06-04,10.0,3.95664
2024-06-05,1.0,5.0709
2024-06-05,3.0,4.3343
2024-06-05,5.0,4.0531
2024-06-05,7.0,3.9512
2024-06-05,10.0,3.90068
2024-06-06,1.0,5.0622
2024-06-06,3.0,4.3281
2024-06-06,5.0,4.05874
2024-06-06,7.0,3.9603
2024-06-06,10.0,3.9119
2024-06-07,1.0,5.1696
2024-06-07,3.0,4.4887
2024-06-07,5.0,4.2164
2024-06-07,7.0,4.11075
2024-06-07,10.0,4.0532
2024-06-10,1.0,5.16389
2024-06-10,3.0,4.49889
2024-06-10,5.0,4.2361
2024-06-10,7.0,4.13809
2024-06-10,10.0,4.087
2024-06-11,1.0,5.14295
2024-06-11,3.0,4.4405
2024-06-11,5.0,4.17365
2024-06-11,7.0,4.0744
2024-06-11,10.0,4.02345
2024-06-12,1.0,5.094
2024-06-12,3.0,4.3422
2024-06-12,5.0,4.0749
2024-06-12,7.0,3.9815
2024-06-12,10.0,3.93905
2024-06-13,1.0,5.0406
2024-06-13,3.0,4.2535
2024-06-13,5.0,3.98235
2024-06-13,7.0,3.8864
2024-06-13,10.0,3.8423
2024-06-14,1.0,5.045
2024-06-14,3.0,4.2505
2024-06-14,5.0,3.9687
2024-06-14,7.0,3.8655
2024-06-14,10.0,3.814
2024-06-17,1.0,5.08516
2024-06-17,3.0,4.32025
2024-06-17,5.0,4.0395
2024-06-17,7.0,3.935
2024-06-17,10.0,3.8818
2024-06-18,1.0,5.04725
2024-06-18,3.0,4.2608
2024-06-18,5.0,3.981
2024-06-18,7.0,3.87557
2024-06-18,10.0,3.8218
2024-06-19,1.0,5.0489
2024-06-19,3.0,4.26
2024-06-19,5.0,3.9815
2024-06-19,7.0,3.8756
2024-06-19,10.0,3.82272
2024-06-20,1.0,5.0549
2024-06-20,3.0,4.2861
2024-06-20,5.0,4.01335
2024-06-20,7.0,3.9123
2024-06-20,10.0,3.8623
2024-06-21,1.0,5.0427
2024-06-21,3.0,4.27465
2024-06-21,5.0,4.00445
2024-06-21,7.0,3.9047
2024-06-21,10.0,3.8556
2024-06-24,1.0,5.0339
2024-06-24,3.0,4.25605
2024-06-24,5.0,3.9796
2024-06-24,7.0,3.8771
2024-06-24,10.0,3.8246
2024-06-25,1.0,5.0411
2024-06-25,3.0,4.2803
2024-06-25,5.0,4.00155
2024-06-25,7.0,3.8974
2024-06-25,10.0,3.84315
2024-06-26,1.0,5.06465
2024-06-26,3.0,4.34094
2024-06-26,5.0,4.0719
2024-06-26,7.0,3.9745
2024-06-26,10.0,3.925
2024-06-27,1.0,5.038
2024-06-27,3.0,4.3019
2024-06-27,5.0,4.0287
2024-06-27,7.0,3.93025
2024-06-27,10.0,3.87965
2024-06-28,1.0,5.054
2024-06-28,3.0,4.3495
2024-06-28,5.0,4.10145
2024-06-28,7.0,4.0174
2024-06-28,10.0,3.97905
2024-07-01,1.0,5.0472
2024-07-01,3.0,4.379
2024-07-01,5.0,4.155
2024-07-01,7.0,4.0795
2024-07-01,10.0,4.046
2024-07-02,1.0,5.0337
2024-07-02,3.0,4.35145
2024-07-02,5.0,4.12085
2024-07-02,7.0,4.0443
2024-07-02,10.0,4.0108
2024-07-03,1.0,5.0065
2024-07-03,3.0,4.29315
2024-07-03,5.0,4.0485
2024-07-03,7.0,3.9705
2024-07-03,10.0,3.938
2024-07-04,1.0,5.0079
2024-07-04,5.0,4.054
2024-07-05,1.0,4.949
2024-07-05,3.0,4.18941
2024-07-05,5.0,3.95278
2024-07-05,7.0,3.87987
2024-07-05,10.0,3.8556
2024-07-08,1.0,4.9605
2024-07-08,3.0,4.2045
2024-07-08,5.0,3.9648
2024-07-08,7.0,3.8872
2024-07-08,10.0,3.8589
2024-07-09,1.0,4.9606
2024-07-09,3.0,4.2014
2024-07-09,5.0,3.9659
2024-07-09,7.0,3.89595
2024-07-09,10.0,3.8762
2024-07-10,1.0,4.9495
2024-07-10,3.0,4.1875
2024-07-10,5.0,3.9523
2024-07-10,7.0,3.8806
2024-07-10,10.0,3.86008
2024-07-11,1.0,4.8518
2024-07-11,3.0,4.0693
2024-07-11,5.0,3.84775
2024-07-11,7.0,3.7849
2024-07-11,10.0,3.7737
2024-07-12,1.0,4.823
2024-07-12,3.0,4.02
2024-07-12,5.0,3.80925
2024-07-12,7.0,3.7525
2024-07-12,10.0,3.7471
2024-07-15,1.0,4.7975
2024-07-15,3.0,4.0265
2024-07-15,5.0,3.837
2024-07-15,7.0,3.78829
2024-07-15,10.0,3.78797
2024-07-16,1.0,4.7865
2024-07-16,3.0,3.986
2024-07-16,5.0,3.7824
2024-07-16,7.0,3.7275
2024-07-16,10.0,3.7222
2024-07-17,1.0,4.8036
2024-07-17,3.0,4.0012
2024-07-17,5.0,3.7902
2024-07-17,7.0,3.733
2024-07-17,10.0,3.72616
2024-07-18,1.0,4.8155
2024-07-18,3.0,4.0352
2024-07-18,5.0,3.83125
2024-07-18,7.0,3.777
2024-07-18,10.0,3.7706
2024-07-19,1.0,4.8303
2024-07-19,3.0,4.07965
2024-07-19,5.0,3.87625
2024-07-19,7.0,3.8171
2024-07-19,10.0,3.804
2024-07-22,1.0,4.8367
2024-07-22,3.0,4.0815
2024-07-22,5.0,3.87846
2024-07-22,7.0,3.824
2024-07-22,10.0,3.8164
2024-07-23,1.0,4.8181
2024-07-23,3.0,4.06405
2024-07-23,5.0,3.867
2024-07-23,7.0,3.81795
2024-07-23,10.0,3.8157
2024-07-24,1.0,4.7862
2024-07-24,3.0,4.044
2024-07-24,5.0,3.86505
2024-07-24,7.0,3.827
2024-07-24,10.0,3.8345
2024-07-25,1.0,4.7749
2024-07-25,3.0,4.02808
2024-07-25,5.0,3.83335
2024-07-25,7.0,3.7895
2024-07-25,10.0,3.792
2024-07-26,1.0,4.74735
2024-07-26,3.0,3.982
2024-07-26,5.0,3.78664
2024-07-26,7.0,3.7455
2024-07-26,10.0,3.75215
2024-07-29,1.0,4.7605
2024-07-29,3.0,3.9918
2024-07-29,5.0,3.789
2024-07-29,7.0,3.7399
2024-07-29,10.0,3.7384
2024-07-30,1.0,4.7282
2024-07-30,3.0,3.94805
2024-07-30,5.0,3.7466
2024-07-30,7.0,3.6998
2024-07-30,10.0,3.7015
2024-07-31,1.0,4.6657
2024-07-31,3.0,3.84474
2024-07-31,5.0,3.635
2024-07-31,7.0,3.5927
2024-07-31,10.0,3.603
2024-08-01,1.0,4.5306
2024-08-01,3.0,3.7347
2024-08-01,5.0,3.55512
2024-08-01,7.0,3.5259
2024-08-01,10.0,3.5485
2024-08-02,1.0,4.2412
2024-08-02,3.0,3.4744
2024-08-02,5.0,3.3371
2024-08-02,7.0,3.323
2024-08-02,10.0,3.357
2024-08-05,1.0,4.26025
2024-08-05,3.0,3.515
2024-08-05,5.0,3.36145
2024-08-05,7.0,3.3355
2024-08-05,10.0,3.35715
2024-08-06,1.0,4.32815
2024-08-06,3.0,3.5796
2024-08-06,5.0,3.4471
2024-08-06,7.0,3.4306
2024-08-06,10.0,3.45559
2024-08-07,1.0,4.292
2024-08-07,3.0,3.5795
2024-08-07,5.0,3.46995
2024-08-07,7.0,3.46395
2024-08-07,10.0,3.49847
2024-08-08,1.0,4.3539
2024-08-08,3.0,3.6495
2024-08-08,5.0,3.5301
2024-08-08,7.0,3.51335
2024-08-08,10.0,3.53655
2024-08-09,1.0,4.3799
2024-08-09,3.0,3.6502
2024-08-09,5.0,3.4981
2024-08-09,7.0,3.47362
2024-08-09,10.0,3.4925
2024-08-12,1.0,4.3658
2024-08-12,3.0,3.5975
2024-08-12,5.0,3.45245
2024-08-12,7.0,3.43355
2024-08-12,10.0,3.4588
2024-08-13,1.0,4.27635
2024-08-13,3.0,3.51365
2024-08-13,5.0,3.378
2024-08-13,7.0,3.3667
2024-08-13,10.0,3.4007
2024-08-14,1.0,4.30609
2024-08-14,3.0,3.5404
2024-08-14,5.0,3.3905
2024-08-14,7.0,3.3716
2024-08-14,10.0,3.398
2024-08-15,1.0,4.4139
2024-08-15,3.0,3.6714
2024-08-15,5.0,3.4996
2024-08-15,7.0,3.4631
2024-08-15,10.0,3.4729
2024-08-16,1.0,4.3769
2024-08-16,3.0,3.6296
2024-08-16,5.0,3.4676
2024-08-16,7.0,3.434
2024-08-16,10.0,3.44475
2024-08-19,1.0,4.3907
2024-08-19,3.0,3.636
2024-08-19,5.0,3.464
2024-08-19,7.0,3.4235
2024-08-19,10.0,3.4282
2024-08-20,1.0,4.3178
2024-08-20,3.0,3.55785
2024-08-20,5.0,3.3935
2024-08-20,7.0,3.35625
2024-08-20,10.0,3.3635
2024-08-21,1.0,4.26075
2024-08-21,3.0,3.5135
2024-08-21,5.0,3.3665
2024-08-21,7.0,3.3441
2024-08-21,10.0,3.36655
2024-08-22,1.0,4.3205
2024-08-22,3.0,3.58
2024-08-22,5.0,3.42013
2024-08-22,7.0,3.395
2024-08-22,10.0,3.4145
2024-08-23,1.0,4.24
2024-08-23,3.0,3.4942
2024-08-23,5.0,3.3502
2024-08-23,7.0,3.3343
2024-08-23,10.0,3.3642
2024-08-26,1.0,4.2643
2024-08-26,3.0,3.5092
2024-08-26,5.0,3.3622
2024-08-26,7.0,3.3435
2024-08-26,10.0,3.37115
2024-08-27,1.0,4.22535
2024-08-27,3.0,3.4778
2024-08-27,5.0,3.3452
2024-08-27,7.0,3.33751
2024-08-27,10.0,3.3756
2024-08-28,1.0,4.228
2024-08-28,3.0,3.4851
2024-08-28,5.0,3.3595
2024-08-28,7.0,3.352
2024-08-28,10.0,3.3886
2024-08-29,1.0,4.2247
2024-08-29,3.0,3.4995
2024-08-29,5.0,3.37335
2024-08-29,7.0,3.36655
2024-08-29,10.0,3.40324
2024-08-30,1.0,4.2275
2024-08-30,3.0,3.5174
2024-08-30,5.0,3.39865
2024-08-30,7.0,3.39694
2024-08-30,10.0,3.43675
2024-09-03,1.0,4.19
2024-09-03,3.0,3.4644
2024-09-03,5.0,3.338
2024-09-03,7.0,3.33155
2024-09-03,10.0,3.3681
2024-09-04,1.0,4.0725
2024-09-04,3.0,3.3635
2024-09-04,5.0,3.25175
2024-09-04,7.0,3.25285
2024-09-04,10.0,3.2947
2024-09-05,1.0,4.06814
2024-09-05,3.0,3.3515
2024-09-05,5.0,3.2375
2024-09-05,7.0,3.2327
2024-09-05,10.0,3.2685
2024-09-06,1.0,3.976
2024-09-06,3.0,3.2639
2024-09-06,5.0,3.1805
2024-09-06,7.0,3.1937
2024-09-06,10.0,3.245
2024-09-09,1.0,3.9991
2024-09-09,3.0,3.2744
2024-09-09,5.0,3.1773
2024-09-09,7.0,3.1834
2024-09-09,10.0,3.2294
2024-09-10,1.0,3.9419
2024-09-10,3.0,3.2064
2024-09-10,5.0,3.1135
2024-09-10,7.0,3.1242
2024-09-10,10.0,3.175
2024-09-11,1.0,4.0034
2024-09-11,3.0,3.2481
2024-09-11,5.0,3.1359
2024-09-11,7.0,3.13936
2024-09-11,10.0,3.1855
2024-09-12,1.0,3.9571
2024-09-12,3.0,3.2504
2024-09-12,5.0,3.15475
2024-09-12,7.0,3.15865
2024-09-12,10.0,3.205
2024-09-13,1.0,3.897
2024-09-13,3.0,3.217
2024-09-13,5.0,3.13005
2024-09-13,7.0,3.13905
2024-09-13,10.0,3.19
2024-09-16,1.0,3.8373
2024-09-16,3.0,3.1922
2024-09-16,5.0,3.104
2024-09-16,7.0,3.111
2024-09-16,10.0,3.15849
2024-09-17,1.0,3.8893
2024-09-17,3.0,3.2471
2024-09-17,5.0,3.1458
2024-09-17,7.0,3.14665
2024-09-17,10.0,3.1885
2024-09-18,1.0,3.85825
2024-09-18,3.0,3.2729
2024-09-18,5.0,3.188
2024-09-18,7.0,3.1976
2024-09-18,10.0,3.24705
2024-09-19,1.0,3.8209
2024-09-19,3.0,3.2483
2024-09-19,5.0,3.186
2024-09-19,7.0,3.2028
2024-09-19,10.0,3.257
2024-09-20,1.0,3.8097
2024-09-20,3.0,3.2633
2024-09-20,5.0,3.206
2024-09-20,7.0,3.22885
2024-09-20,10.0,3.2888
2024-09-23,1.0,3.7959
2024-09-23,3.0,3.26123
2024-09-23,5.0,3.21185
2024-09-23,7.0,3.2365
2024-09-23,10.0,3.2971
2024-09-24,1.0,3.744
2024-09-24,3.0,3.21078
2024-09-24,5.0,3.172
2024-09-24,7.0,3.20385
2024-09-24,10.0,3.2718
2024-09-25,1.0,3.7696
2024-09-25,3.0,3.259
2024-09-25,5.0,3.22275
2024-09-25,7.0,3.2537
2024-09-25,10.0,3.32
2024-09-26,1.0,3.8214
2024-09-26,3.0,3.3085
2024-09-26,5.0,3.25515
2024-09-26,7.0,3.27375
2024-09-26,10.0,3.33
2024-09-27,1.0,3.7598
2024-09-27,3.0,3.24185
2024-09-27,5.0,3.1974
2024-09-27,7.0,3.22515
2024-09-27,10.0,3.292
2024-09-30,1.0,3.8582
2024-09-30,3.0,3.314
2024-09-30,5.0,3.2462
2024-09-30,7.0,3.26
2024-09-30,10.0,3.315
2024-10-01,1.0,3.83011
2024-10-01,3.0,3.26391
2024-10-01,5.0,3.19675
2024-10-01,7.0,3.2093
2024-10-01,10.0,3.26475
2024-10-02,1.0,3.85021
2024-10-02,3.0,3.30801
2024-10-02,5.0,3.24221
2024-10-02,7.0,3.25805
2024-10-02,10.0,3.3153
2024-10-03,1.0,3.8976
2024-10-03,3.0,3.3726
2024-10-03,5.0,3.3112
2024-10-03,7.0,3.324
2024-10-03,10.0,3.3762
2024-10-04,1.0,4.0916
2024-10-04,3.0,3.5905
2024-10-04,5.0,3.4875
2024-10-04,7.0,3.47265
2024-10-04,10.0,3.4968
2024-10-07,1.0,4.154
2024-10-07,3.0,3.65835
2024-10-07,5.0,3.55125
2024-10-07,7.0,3.5371
2024-10-07,10.0,3.56185
2024-10-08,1.0,4.12698
2024-10-08,3.0,3.63185
2024-10-08,5.0,3.5283
2024-10-08,7.0,3.5185
2024-10-08,10.0,3.547
2024-10-09,1.0,4.1827
2024-10-09,3.0,3.70375
2024-10-09,5.0,3.5985
2024-10-09,7.0,3.58465
2024-10-09,10.0,3.6089
2024-10-10,1.0,4.12245
2024-10-10,3.0,3.6438
2024-10-10,5.0,3.561
2024-10-10,7.0,3.5588
2024-10-10,10.0,3.59445
2024-10-11,1.0,4.1135
2024-10-11,3.0,3.64175
2024-10-11,5.0,3.57399
2024-10-11,7.0,3.58075
2024-10-11,10.0,3.6255
2024-10-14,1.0,4.1327
2024-10-15,1.0,4.1115
2024-10-15,3.0,3.6178
2024-10-15,5.0,3.53
2024-10-15,7.0,3.5275
2024-10-15,10.0,3.5625
2024-10-16,1.0,4.10325
2024-10-16,3.0,3.60956
2024-10-16,5.0,3.5208
2024-10-16,7.0,3.5165
2024-10-16,10.0,3.5496
2024-10-17,1.0,4.1328
2024-10-17,3.0,3.6501
2024-10-17,5.0,3.574
2024-10-17,7.0,3.5795
2024-10-17,10.0,3.6221
2024-10-18,1.0,4.10985
2024-10-18,3.0,3.6296
2024-10-18,5.0,3.561
2024-10-18,7.0,3.5712
2024-10-18,10.0,3.61815
2024-10-21,1.0,4.18
2024-10-21,3.0,3.72915
2024-10-21,5.0,3.6705
2024-10-21,7.0,3.6835
2024-10-21,10.0,3.7299
2024-10-22,1.0,4.1707
2024-10-22,3.0,3.74306
2024-10-22,5.0,3.6863
2024-10-22,7.0,3.69613
2024-10-22,10.0,3.737
2024-10-23,1.0,4.1923
2024-10-23,3.0,3.79455
2024-10-23,5.0,3.73585
2024-10-23,7.0,3.7406
2024-10-23,10.0,3.7742
2024-10-24,1.0,4.16688
2024-10-24,3.0,3.7712
2024-10-24,5.0,3.7054
2024-10-24,7.0,3.70655
2024-10-24,10.0,3.738
2024-10-25,1.0,4.1754
2024-10-25,3.0,3.79525
2024-10-25,5.0,3.7316
2024-10-25,7.0,3.732
2024-10-25,10.0,3.763
2024-10-28,1.0,4.1891
2024-10-28,3.0,3.8362
2024-10-28,5.0,3.771
2024-10-28,7.0,3.76825
2024-10-28,10.0,3.79562
2024-10-29,1.0,4.1506
2024-10-29,3.0,3.78997
2024-10-29,5.0,3.728
2024-10-29,7.0,3.73205
2024-10-29,10.0,3.76575
2024-10-30,1.0,4.20135
2024-10-30,3.0,3.88155
2024-10-30,5.0,3.8045
2024-10-30,7.0,3.79145
2024-10-30,10.0,3.80575
2024-10-31,1.0,4.1895
2024-10-31,3.0,3.8624
2024-10-31,5.0,3.7909
2024-10-31,7.0,3.7705
2024-10-31,10.0,3.7752
2024-11-01,1.0,4.1995
2024-11-01,3.0,3.9065
2024-11-01,5.0,3.84905
2024-11-01,7.0,3.8467
2024-11-01,10.0,3.86685
2024-11-04,1.0,4.1715
2024-11-04,3.0,3.8565
2024-11-04,5.0,3.777
2024-11-04,7.0,3.7624
2024-11-04,10.0,3.7737
2024-11-05,1.0,4.1806
2024-11-05,3.0,3.8635
2024-11-05,5.0,3.7811
2024-11-05,7.0,3.7558
2024-11-05,10.0,3.75777
2024-11-06,1.0,4.2503
2024-11-06,3.0,3.989
2024-11-06,5.0,3.9281
2024-11-06,7.0,3.9215
2024-11-06,10.0,3.93585
2024-11-07,1.0,4.2076
2024-11-07,3.0,3.91254
2024-11-07,5.0,3.8347
2024-11-07,7.0,3.8256
2024-11-07,10.0,3.8437
2024-11-08,1.0,4.264
2024-11-08,3.0,3.957
2024-11-08,5.0,3.85895
2024-11-08,7.0,3.83088
2024-11-08,10.0,3.832
2024-11-11,1.0,4.2862
2024-11-12,1.0,4.32035
2024-11-12,3.0,4.04663
2024-11-12,5.0,3.958
2024-11-12,7.0,3.92837
2024-11-12,10.0,3.9242
2024-11-13,1.0,4.2443
2024-11-13,3.0,4.0087
2024-11-13,5.0,3.9436
2024-11-13,7.0,3.9297
2024-11-13,10.0,3.94095
2024-11-14,1.0,4.3005
2024-11-14,3.0,4.05094
2024-11-14,5.0,3.962
2024-11-14,7.0,3.93305
2024-11-14,10.0,3.93
2024-11-15,1.0,4.2813
2024-11-15,3.0,4.02156
2024-11-15,5.0,3.9445
2024-11-15,7.0,3.9235
2024-11-15,10.0,3.9291
2024-11-18,1.0,4.27017
2024-11-18,3.0,3.99725
2024-11-18,5.0,3.9185
2024-11-18,7.0,3.8994
2024-11-18,10.0,3.9085
2024-11-19,1.0,4.28386
2024-11-19,3.0,3.9955
2024-11-19,5.0,3.91175
2024-11-19,7.0,3.89015
2024-11-19,10.0,3.89735
2024-11-20,1.0,4.30336
2024-11-20,3.0,4.021
2024-11-20,5.0,3.92865
2024-11-20,7.0,3.90465
2024-11-20,10.0,3.9089
2024-11-21,1.0,4.3203
2024-11-21,3.0,4.0508
2024-11-21,5.0,3.95105
2024-11-21,7.0,3.92188
2024-11-21,10.0,3.92125
2024-11-22,1.0,4.3394
2024-11-22,3.0,4.0574
2024-11-22,5.0,3.941
2024-11-22,7.0,3.904
2024-11-22,10.0,3.89911
2024-11-25,1.0,4.29403
2024-11-25,3.0,3.95935
2024-11-25,5.0,3.8393
2024-11-25,7.0,3.8
2024-11-25,10.0,3.79525
2024-11-26,1.0,4.2924
2024-11-26,3.0,3.9774
2024-11-26,5.0,3.875
2024-11-26,7.0,3.8437
2024-11-26,10.0,3.8435
2024-11-27,1.0,4.265
2024-11-27,3.0,3.93375
2024-11-27,5.0,3.8228
2024-11-27,7.0,3.7905
2024-11-27,10.0,3.7915
2024-11-28,1.0,4.2644
2024-11-28,3.0,3.93375
2024-11-28,5.0,3.8215
2024-11-28,7.0,3.788
2024-11-28,10.0,3.79
2024-11-29,1.0,4.2353
2024-11-29,3.0,3.87875
2024-11-29,5.0,3.742
2024-11-29,7.0,3.70528
2024-11-29,10.0,3.7055
2024-12-02,1.0,4.2305
2024-12-02,3.0,3.88431
2024-12-02,5.0,3.7681
2024-12-02,7.0,3.7281
2024-12-02,10.0,3.7219
2024-12-03,1.0,4.20735
2024-12-03,3.0,3.8968
2024-12-03,5.0,3.786
2024-12-03,7.0,3.75075
2024-12-03,10.0,3.74895
2024-12-04,1.0,4.1653
2024-12-04,3.0,3.8469
2024-12-04,5.0,3.7432
2024-12-04,7.0,3.70938
2024-12-04,10.0,3.7065
2024-12-05,1.0,4.1722
2024-12-05,3.0,3.85465
2024-12-05,5.0,3.7455
2024-12-05,7.0,3.708
2024-12-05,10.0,3.7014
2024-12-06,1.0,4.1285
2024-12-06,3.0,3.8164
2024-12-06,5.0,3.7038
2024-12-06,7.0,3.67265
2024-12-06,10.0,3.6745
2024-12-09,1.0,4.1363
2024-12-09,3.0,3.84005
2024-12-09,5.0,3.7409
2024-12-09,7.0,3.71365
2024-12-09,10.0,3.7184
2024-12-10,1.0,4.1475
2024-12-10,3.0,3.86235
2024-12-10,5.0,3.762
2024-12-10,7.0,3.7334
2024-12-10,10.0,3.73615
2024-12-11,1.0,4.142
2024-12-11,3.0,3.88971
2024-12-11,5.0,3.8013
2024-12-11,7.0,3.77685
2024-12-11,10.0,3.7825
2024-12-12,1.0,4.1577
2024-12-12,3.0,3.93275
2024-12-12,5.0,3.851
2024-12-12,7.0,3.83065
2024-12-12,10.0,3.84
2024-12-13,1.0,4.1908
2024-12-13,3.0,3.99135
2024-12-13,5.0,3.91569
2024-12-13,7.0,3.8964
2024-12-13,10.0,3.904
2024-12-16,1.0,4.1948
2024-12-16,3.0,4.0035
2024-12-16,5.0,3.9289
2024-12-16,7.0,3.9066
2024-12-16,10.0,3.91119
2024-12-17,1.0,4.1938
2024-12-17,3.0,4.0049
2024-12-17,5.0,3.93905
2024-12-17,7.0,3.91613
2024-12-17,10.0,3.91694
2024-12-18,1.0,4.27315
2024-12-18,3.0,4.13562
2024-12-18,5.0,4.06765
2024-12-18,7.0,4.03555
2024-12-18,10.0,4.023
2024-12-19,1.0,4.23765
2024-12-19,3.0,4.1177
2024-12-19,5.0,4.089
2024-12-19,7.0,4.073
2024-12-19,10.0,4.07055
2024-12-20,1.0,4.2216
2024-12-20,3.0,4.0924
2024-12-20,5.0,4.0467
2024-12-20,7.0,4.033
2024-12-20,10.0,4.0342
2024-12-23,1.0,4.2392
2024-12-23,3.0,4.13205
2024-12-23,5.0,4.10125
2024-12-23,7.0,4.0942
2024-12-23,10.0,4.1006
2024-12-24,1.0,4.23115
2024-12-24,3.0,4.12735
2024-12-24,5.0,4.1035
2024-12-24,7.0,4.0943
2024-12-24,10.0,4.09965
2024-12-26,1.0,4.2242
2024-12-26,3.0,4.1173
2024-12-26,5.0,4.085
2024-12-26,7.0,4.083
2024-12-26,10.0,4.09475
2024-12-27,1.0,4.2142
2024-12-27,3.0,4.13315
2024-12-27,5.0,4.1178
2024-12-27,7.0,4.12325
2024-12-27,10.0,4.1396
2024-12-30,1.0,4.1711
2024-12-30,3.0,4.04755
2024-12-30,5.0,4.02031
2024-12-30,7.0,4.0262
2024-12-30,10.0,4.0457
2024-12-31,1.0,4.17587
2024-12-31,3.0,4.05455
2024-12-31,5.0,4.0385
2024-12-31,7.0,4.04905
2024-12-31,10.0,4.071
2025-01-02,1.0,4.1762
2025-01-02,3.0,4.05395
2025-01-02,5.0,4.03565
2025-01-02,7.0,4.04225
2025-01-02,10.0,4.06202
2025-01-03,1.0,4.1955
2025-01-03,3.0,4.09377
2025-01-03,5.0,4.0744
2025-01-03,7.0,4.07795
2025-01-03,10.0,4.09495
2025-01-06,1.0,4.19623
2025-01-06,3.0,4.11598
2025-01-06,5.0,4.1136
2025-01-06,7.0,4.12405
2025-01-06,10.0,4.1475
2025-01-07,1.0,4.209
2025-01-07,3.0,4.1351
2025-01-07,5.0,4.14825
2025-01-07,7.0,4.16825
2025-01-07,10.0,4.1995
2025-01-08,1.0,4.20125
2025-01-08,3.0,4.1238
2025-01-08,5.0,4.14575
2025-01-08,7.0,4.17055
2025-01-08,10.0,4.20728
2025-01-09,1.0,4.182
2025-01-09,3.0,4.10615
2025-01-09,5.0,4.135
2025-01-09,7.0,4.16225
2025-01-09,10.0,4.2005
2025-01-10,1.0,4.26135
2025-01-10,3.0,4.23835
2025-01-10,5.0,4.25151
2025-01-10,7.0,4.2597
2025-01-10,10.0,4.27345
2025-01-13,1.0,4.26946
2025-01-13,3.0,4.25235
2025-01-13,5.0,4.2796
2025-01-13,7.0,4.28905
2025-01-13,10.0,4.30145
2025-01-14,1.0,4.26369
2025-01-14,3.0,4.2524
2025-01-14,5.0,4.2856
2025-01-14,7.0,4.3029
2025-01-14,10.0,4.3214
2025-01-15,1.0,4.20463
2025-01-15,3.0,4.12425
2025-01-15,5.0,4.14145
2025-01-15,7.0,4.161
2025-01-15,10.0,4.18943
2025-01-16,1.0,4.187
2025-01-16,3.0,4.0872
2025-01-16,5.0,4.09725
2025-01-16,7.0,4.12113
2025-01-16,10.0,4.15605
2025-01-17,1.0,4.20989
2025-01-17,3.0,4.13075
2025-01-17,5.0,4.1331
2025-01-17,7.0,4.14755
2025-01-17,10.0,4.17205
2025-01-20,1.0,4.2047
2025-01-21,1.0,4.2072
2025-01-21,3.0,4.1069
2025-01-21,5.0,4.0964
2025-01-21,7.0,4.10395
2025-01-21,10.0,4.1236
2025-01-22,1.0,4.21174
2025-01-22,3.0,4.1267
2025-01-22,5.0,4.1233
2025-01-22,7.0,4.1301
2025-01-22,10.0,4.14665
2025-01-23,1.0,4.2012
2025-01-23,3.0,4.12215
2025-01-23,5.0,4.1339
2025-01-23,7.0,4.14815
2025-01-23,10.0,4.17162
2025-01-24,1.0,4.1823
2025-01-24,3.0,4.10064
2025-01-24,5.0,4.11403
2025-01-24,7.0,4.132
2025-01-24,10.0,4.1572
2025-01-27,1.0,4.1423
2025-01-27,3.0,4.0233
2025-01-27,5.0,4.0284
2025-01-27,7.0,4.04305
2025-01-27,10.0,4.0705
2025-01-28,1.0,4.14375
2025-01-28,3.0,4.01875
2025-01-28,5.0,4.02235
2025-01-28,7.0,4.03915
2025-01-28,10.0,4.0682
2025-01-29,1.0,4.1669
2025-01-29,3.0,4.0345
2025-01-29,5.0,4.03281
2025-01-29,7.0,4.0438
2025-01-29,10.0,4.0679
2025-01-30,1.0,4.1685
2025-01-30,3.0,4.0292
2025-01-30,5.0,4.0207
2025-01-30,7.0,4.0332
2025-01-30,10.0,4.06
2025-01-31,1.0,4.1666
2025-01-31,3.0,4.0261
2025-01-31,5.0,4.03362
2025-01-31,7.0,4.05345
2025-01-31,10.0,4.085
2025-02-03,1.0,4.1964
2025-02-03,3.0,4.0706
2025-02-03,5.0,4.06615
2025-02-03,7.0,4.0785
2025-02-03,10.0,4.10249
2025-02-04,1.0,4.18175
2025-02-04,3.0,4.0297
2025-02-04,5.0,4.0212
2025-02-04,7.0,4.03135
2025-02-04,10.0,4.05412
2025-02-05,1.0,4.1702
2025-02-05,3.0,3.9865
2025-02-05,5.0,3.95735
2025-02-05,7.0,3.9587
2025-02-05,10.0,3.97503
2025-02-06,1.0,4.18175
2025-02-06,3.0,4.01305
2025-02-06,5.0,3.98615
2025-02-06,7.0,3.9874
2025-02-06,10.0,4.002
2025-02-07,1.0,4.2387
2025-02-07,3.0,4.08854
2025-02-07,5.0,4.06485
2025-02-07,7.0,4.06595
2025-02-07,10.0,4.07915
2025-02-10,1.0,4.23175
2025-02-10,3.0,4.0749
2025-02-10,5.0,4.04875
2025-02-10,7.0,4.0545
2025-02-10,10.0,4.07361
2025-02-11,1.0,4.24509
2025-02-11,3.0,4.0975
2025-02-11,5.0,4.08279
2025-02-11,7.0,4.0935
2025-02-11,10.0,4.11625
2025-02-12,1.0,4.29812
2025-02-12,3.0,4.1945
2025-02-12,5.0,4.19674
2025-02-12,7.0,4.21296
2025-02-12,10.0,4.23655
2025-02-13,1.0,4.2685
2025-02-13,3.0,4.13125
2025-02-13,5.0,4.1157
2025-02-13,7.0,4.127
2025-02-13,10.0,4.15187
2025-02-14,1.0,4.2324
2025-02-14,3.0,4.0699
2025-02-14,5.0,4.04278
2025-02-14,7.0,4.05445
2025-02-14,10.0,4.0825
2025-02-17,1.0,4.2254
2025-02-18,1.0,4.2597
2025-02-18,3.0,4.1218
2025-02-18,5.0,4.112
2025-02-18,7.0,4.12225
2025-02-18,10.0,4.147
2025-02-19,1.0,4.24145
2025-02-19,3.0,4.09359
2025-02-19,5.0,4.0951
2025-02-19,7.0,4.1137
2025-02-19,10.0,4.14611
2025-02-20,1.0,4.2285
2025-02-20,3.0,4.07925
2025-02-20,5.0,4.0663
2025-02-20,7.0,4.08045
2025-02-20,10.0,4.11037
2025-02-21,1.0,4.1771
2025-02-21,3.0,3.99984
2025-02-21,5.0,3.9902
2025-02-21,7.0,4.00465
2025-02-21,10.0,4.03574
2025-02-24,1.0,4.16175
2025-02-24,3.0,3.96442
2025-02-24,5.0,3.955
2025-02-24,7.0,3.9707
2025-02-24,10.0,4.00345
2025-02-25,1.0,4.1228
2025-02-25,3.0,3.8678
2025-02-25,5.0,3.84085
2025-02-25,7.0,3.853
2025-02-25,10.0,3.8859
2025-02-26,1.0,4.11765
2025-02-26,3.0,3.83352
2025-02-26,5.0,3.79865
2025-02-26,7.0,3.8093
2025-02-26,10.0,3.842
2025-02-27,1.0,4.1013
2025-02-27,3.0,3.81577
2025-02-27,5.0,3.78741
2025-02-27,7.0,3.80241
2025-02-27,10.0,3.8393
2025-02-28,1.0,4.0507
2025-02-28,3.0,3.76375
2025-02-28,5.0,3.73575
2025-02-28,7.0,3.7509
2025-02-28,10.0,3.7897
2025-03-03,1.0,4.02055
2025-03-03,3.0,3.71841
2025-03-03,5.0,3.6813
2025-03-03,7.0,3.69781
2025-03-03,10.0,3.7401
2025-03-04,1.0,4.039
2025-03-04,3.0,3.76835
2025-03-04,5.0,3.7589
2025-03-04,7.0,3.7772
2025-03-04,10.0,3.8182
2025-03-05,1.0,4.0429
2025-03-05,3.0,3.79615
2025-03-05,5.0,3.7924
2025-03-05,7.0,3.81367
2025-03-05,10.0,3.8555
2025-03-06,1.0,3.98845
2025-03-06,3.0,3.75415
2025-03-06,5.0,3.7687
2025-03-06,7.0,3.8018
2025-03-06,10.0,3.8531
2025-03-07,1.0,4.0287
2025-03-07,3.0,3.7851
2025-03-07,5.0,3.792
2025-03-07,7.0,3.8215
2025-03-07,10.0,3.869
2025-03-10,1.0,3.9405
2025-03-10,3.0,3.6539
2025-03-10,5.0,3.66145
2025-03-10,7.0,3.7039
2025-03-10,10.0,3.76846
2025-03-11,1.0,3.99075
2025-03-11,3.0,3.7239
2025-03-11,5.0,3.7354
2025-03-11,7.0,3.7763
2025-03-11,10.0,3.838
2025-03-12,1.0,4.0287
2025-03-12,3.0,3.77005
2025-03-12,5.0,3.7797
2025-03-12,7.0,3.82
2025-03-12,10.0,3.8816
2025-03-13,1.0,4.0065
2025-03-13,3.0,3.73375
2025-03-13,5.0,3.74475
2025-03-13,7.0,3.7855
2025-03-13,10.0,3.84785
2025-03-14,1.0,4.0479
2025-03-14,3.0,3.79705
2025-03-14,5.0,3.80455
2025-03-14,7.0,3.84174
2025-03-14,10.0,3.9001
2025-03-17,1.0,4.08375
2025-03-17,3.0,3.81455
2025-03-17,5.0,3.81025
2025-03-17,7.0,3.84005
2025-03-17,10.0,3.89142
2025-03-18,1.0,4.0895
2025-03-18,3.0,3.80619
2025-03-18,5.0,3.78953
2025-03-18,7.0,3.81834
2025-03-18,10.0,3.87055
2025-03-19,1.0,4.04745
2025-03-19,3.0,3.7411
2025-03-19,5.0,3.7409
2025-03-19,7.0,3.775
2025-03-19,10.0,3.832
2025-03-20,1.0,4.033
2025-03-20,3.0,3.7261
2025-03-20,5.0,3.723
2025-03-20,7.0,3.75555
2025-03-20,10.0,3.81325
2025-03-21,1.0,4.0134
2025-03-21,3.0,3.7082
2025-03-21,5.0,3.7096
2025-03-21,7.0,3.7494
2025-03-21,10.0,3.81505
2025-03-24,1.0,4.07334
2025-03-24,3.0,3.7923
2025-03-24,5.0,3.79805
2025-03-24,7.0,3.83675
2025-03-24,10.0,3.899
2025-03-25,1.0,4.066
2025-03-25,3.0,3.7724
2025-03-25,5.0,3.77319
2025-03-25,7.0,3.81245
2025-03-25,10.0,3.8765
2025-03-26,1.0,4.067
2025-03-26,3.0,3.7831
2025-03-26,5.0,3.7924
2025-03-26,7.0,3.835
2025-03-26,10.0,3.9007
2025-03-27,1.0,4.0573
2025-03-27,3.0,3.765
2025-03-27,5.0,3.7817
2025-03-27,7.0,3.83595
2025-03-27,10.0,3.912
2025-03-28,1.0,3.98419
2025-03-28,3.0,3.66725
2025-03-28,5.0,3.67365
2025-03-28,7.0,3.72353
2025-03-28,10.0,3.7981
2025-03-31,1.0,3.9712
2025-03-31,3.0,3.64555
2025-03-31,5.0,3.6453
2025-03-31,7.0,3.69085
2025-03-31,10.0,3.7613
2025-04-01,1.0,3.96603
2025-04-01,3.0,3.63915
2025-04-01,5.0,3.62502
2025-04-01,7.0,3.66445
2025-04-01,10.0,3.73099
2025-04-02,1.0,3.96905
2025-04-02,3.0,3.59825
2025-04-02,5.0,3.5825
2025-04-02,7.0,3.6205
2025-04-02,10.0,3.69405
2025-04-03,1.0,3.82689
2025-04-03,3.0,3.40712
2025-04-03,5.0,3.40635
2025-04-03,7.0,3.4655
2025-04-03,10.0,3.5607
2025-04-04,1.0,3.75276
2025-04-04,3.0,3.359
2025-04-04,5.0,3.3676
2025-04-04,7.0,3.4203
2025-04-04,10.0,3.51005
2025-04-07,1.0,3.80588
2025-04-07,3.0,3.45835
2025-04-07,5.0,3.48515
2025-04-07,7.0,3.5555
2025-04-07,10.0,3.65825
2025-04-08,1.0,3.7191
2025-04-08,3.0,3.402
2025-04-08,5.0,3.4637
2025-04-08,7.0,3.56285
2025-04-08,10.0,3.69022
2025-04-09,1.0,3.95455
2025-04-09,3.0,3.6425
2025-04-09,5.0,3.66725
2025-04-09,7.0,3.7255
2025-04-09,10.0,3.809
2025-04-10,1.0,3.86525
2025-04-10,3.0,3.5854
2025-04-10,5.0,3.6623
2025-04-10,7.0,3.75111
2025-04-10,10.0,3.86533
2025-04-11,1.0,3.9374
2025-04-11,3.0,3.68655
2025-04-11,5.0,3.7529
2025-04-11,7.0,3.83145
2025-04-11,10.0,3.93205
2025-04-14,1.0,3.8886
2025-04-14,3.0,3.57988
2025-04-14,5.0,3.6417
2025-04-14,7.0,3.7364
2025-04-14,10.0,3.8574
2025-04-15,1.0,3.887
2025-04-15,3.0,3.55415
2025-04-15,5.0,3.61017
2025-04-15,7.0,3.69785
2025-04-15,10.0,3.81225
2025-04-16,1.0,3.835
2025-04-16,3.0,3.4705
2025-04-16,5.0,3.5295
2025-04-16,7.0,3.6272
2025-04-16,10.0,3.75412
2025-04-17,1.0,3.861
2025-04-17,3.0,3.49872
2025-04-17,5.0,3.566
2025-04-17,7.0,3.66708
2025-04-17,10.0,3.79749
2025-04-21,1.0,3.826
2025-04-21,3.0,3.46175
2025-04-21,5.0,3.5666
2025-04-21,7.0,3.6915
2025-04-21,10.0,3.843
2025-04-22,1.0,3.86795
2025-04-22,3.0,3.51195
2025-04-22,5.0,3.6001
2025-04-22,7.0,3.71275
2025-04-22,10.0,3.85105
2025-04-23,1.0,3.9203
2025-04-23,3.0,3.57805
2025-04-23,5.0,3.641
2025-04-23,7.0,3.7334
2025-04-23,10.0,3.852
2025-04-24,1.0,3.8722
2025-04-24,3.0,3.50175
2025-04-24,5.0,3.5654
2025-04-24,7.0,3.671
2025-04-24,10.0,3.8048
2025-04-25,1.0,3.8388
2025-04-25,3.0,3.44205
2025-04-25,5.0,3.49275
2025-04-25,7.0,3.59305
2025-04-25,10.0,3.724
2025-04-28,1.0,3.81295
2025-04-28,3.0,3.3933
2025-04-28,5.0,3.4467
2025-04-28,7.0,3.555
2025-04-28,10.0,3.695
2025-04-29,1.0,3.7815
2025-04-29,3.0,3.3424
2025-04-29,5.0,3.39405
2025-04-29,7.0,3.5065
2025-04-29,10.0,3.6527
2025-04-30,1.0,3.7435
2025-04-30,3.0,3.29855
2025-04-30,5.0,3.35397
2025-04-30,7.0,3.4749
2025-04-30,10.0,3.6328
2025-05-01,1.0,3.8048
2025-05-01,3.0,3.38603
2025-05-01,5.0,3.4358
2025-05-01,7.0,3.54544
2025-05-01,10.0,3.6915
2025-05-02,1.0,3.90615
2025-05-02,3.0,3.50857
2025-05-02,5.0,3.54225
2025-05-02,7.0,3.63777
2025-05-02,10.0,3.77054
2025-05-05,1.0,3.93175
2025-05-05,3.0,3.5186
2025-05-05,5.0,3.56416
2025-05-05,7.0,3.66795
2025-05-05,10.0,3.80875
2025-05-06,1.0,3.89175
2025-05-06,3.0,3.46605
2025-05-06,5.0,3.51275
2025-05-06,7.0,3.61445
2025-05-06,10.0,3.7535
2025-05-07,1.0,3.9056
2025-05-07,3.0,3.46175
2025-05-07,5.0,3.49565
2025-05-07,7.0,3.59458
2025-05-07,10.0,3.73285
2025-05-08,1.0,3.9718
2025-05-08,3.0,3.57945
2025-05-08,5.0,3.61715
2025-05-08,7.0,3.7128
2025-05-08,10.0,3.84485
2025-05-09,1.0,3.9815
2025-05-09,3.0,3.6018
2025-05-09,5.0,3.6355
2025-05-09,7.0,3.72472
2025-05-09,10.0,3.84975
2025-05-12,1.0,4.06595
2025-05-12,3.0,3.7357
2025-05-12,5.0,3.7562
2025-05-12,7.0,3.83885
2025-05-12,10.0,3.95625
2025-05-13,1.0,4.0717
2025-05-13,3.0,3.7196
2025-05-13,5.0,3.742
2025-05-13,7.0,3.82545
2025-05-13,10.0,3.94385
2025-05-14,1.0,4.10225
2025-05-14,3.0,3.78075
2025-05-14,5.0,3.81165
2025-05-14,7.0,3.8956
2025-05-14,10.0,4.0135
2025-05-15,1.0,4.04725
2025-05-15,3.0,3.67575
2025-05-15,5.0,3.7029
2025-05-15,7.0,3.78994
2025-05-15,10.0,3.91345
2025-05-16,1.0,4.085
2025-05-16,3.0,3.7135
2025-05-16,5.0,3.73793
2025-05-16,7.0,3.82757
2025-05-16,10.0,3.95435
2025-05-19,1.0,4.06664
2025-05-19,3.0,3.6785
2025-05-19,5.0,3.7005
2025-05-19,7.0,3.7875
2025-05-19,10.0,3.9113
2025-05-20,1.0,4.06685
2025-05-20,3.0,3.6705
2025-05-20,5.0,3.70578
2025-05-20,7.0,3.80451
2025-05-20,10.0,3.9407
2025-05-21,1.0,4.07948
2025-05-21,3.0,3.72423
2025-05-21,5.0,3.77206
2025-05-21,7.0,3.88065
2025-05-21,10.0,4.026
2025-05-22,1.0,4.07893
2025-05-22,3.0,3.69025
2025-05-22,5.0,3.7238
2025-05-22,7.0,3.83065
2025-05-22,10.0,3.9785
2025-05-23,1.0,4.08605
2025-05-23,3.0,3.6634
2025-05-23,5.0,3.691
2025-05-23,7.0,3.7955
2025-05-23,10.0,3.9444
2025-05-27,1.0,4.0873
2025-05-27,3.0,3.64346
2025-05-27,5.0,3.65616
2025-05-27,7.0,3.75006
2025-05-27,10.0,3.8892
2025-05-28,1.0,4.10128
2025-05-28,3.0,3.67035
2025-05-28,5.0,3.68685
2025-05-28,7.0,3.7825
2025-05-28,10.0,3.9225
2025-05-29,1.0,4.05368
2025-05-29,3.0,3.6148
2025-05-29,5.0,3.636
2025-05-29,7.0,3.731
2025-05-29,10.0,3.871
2025-05-30,1.0,4.02494
2025-05-30,3.0,3.57831
2025-05-30,5.0,3.6025
2025-05-30,7.0,3.7069
2025-05-30,10.0,3.8577
2025-06-02,1.0,4.04654
2025-06-02,3.0,3.62225
2025-06-02,5.0,3.6459
2025-06-02,7.0,3.7485
2025-06-02,10.0,3.8986
2025-06-03,1.0,4.055
2025-06-03,3.0,3.64635
2025-06-03,5.0,3.67455
2025-06-03,7.0,3.77685
2025-06-03,10.0,3.9252
2025-06-04,1.0,3.9904
2025-06-04,3.0,3.5586
2025-06-04,5.0,3.58325
2025-06-04,7.0,3.68785
2025-06-04,10.0,3.8399
2025-06-05,1.0,4.016
2025-06-05,3.0,3.61625
2025-06-05,5.0,3.6425
2025-06-05,7.0,3.7357
2025-06-05,10.0,3.87405
2025-06-06,1.0,4.09534
2025-06-06,3.0,3.736
2025-06-06,5.0,3.7614
2025-06-06,7.0,3.8487
2025-06-06,10.0,3.97819
2025-06-09,1.0,4.088
2025-06-09,3.0,3.70304
2025-06-09,5.0,3.7297
2025-06-09,7.0,3.82065
2025-06-09,10.0,3.9534
2025-06-10,1.0,4.0958
2025-06-10,3.0,3.7155
2025-06-10,5.0,3.7332
2025-06-10,7.0,3.81955
2025-06-10,10.0,3.94761
2025-06-11,1.0,4.04271
2025-06-11,3.0,3.6482
2025-06-11,5.0,3.67225
2025-06-11,7.0,3.7664
2025-06-11,10.0,3.9036
2025-06-12,1.0,4.01524
2025-06-12,3.0,3.60254
2025-06-12,5.0,3.61915
2025-06-12,7.0,3.7094
2025-06-12,10.0,3.844
2025-06-13,1.0,4.03351
2025-06-13,3.0,3.62595
2025-06-13,5.0,3.639
2025-06-13,7.0,3.72814
2025-06-13,10.0,3.86364
2025-06-16,1.0,4.065
2025-06-16,3.0,3.65705
2025-06-16,5.0,3.6765
2025-06-16,7.0,3.77195
2025-06-16,10.0,3.91365
2025-06-17,1.0,4.0645
2025-06-17,3.0,3.62866
2025-06-17,5.0,3.6393
2025-06-17,7.0,3.7258
2025-06-17,10.0,3.8616
2025-06-18,1.0,4.04875
2025-06-18,3.0,3.61985
2025-06-18,5.0,3.6314
2025-06-18,7.0,3.7189
2025-06-18,10.0,3.8541
2025-06-19,1.0,4.05045
2025-06-19,3.0,3.61985
2025-06-19,5.0,3.633
2025-06-19,7.0,3.72031
2025-06-19,10.0,3.856
2025-06-20,1.0,4.02128
2025-06-20,3.0,3.591
2025-06-20,5.0,3.6044
2025-06-20,7.0,3.6963
2025-06-20,10.0,3.83775
2025-06-23,1.0,3.98675
2025-06-23,3.0,3.53833
2025-06-23,5.0,3.55615
2025-06-23,7.0,3.65444
2025-06-23,10.0,3.803
2025-06-24,1.0,3.94913
2025-06-24,3.0,3.48978
2025-06-24,5.0,3.5035
2025-06-24,7.0,3.59841
2025-06-24,10.0,3.74425
2025-06-25,1.0,3.91663
2025-06-25,3.0,3.4695
2025-06-25,5.0,3.4895
2025-06-25,7.0,3.58888
2025-06-25,10.0,3.7397
2025-06-26,1.0,3.878
2025-06-26,3.0,3.4069
2025-06-26,5.0,3.42445
2025-06-26,7.0,3.53
2025-06-26,10.0,3.69065
2025-06-27,1.0,3.88736
2025-06-27,3.0,3.43091
2025-06-27,5.0,3.4571
2025-06-27,7.0,3.5656
2025-06-27,10.0,3.72846
2025-06-30,1.0,3.86673
2025-06-30,3.0,3.3993
2025-06-30,5.0,3.4284
2025-06-30,7.0,3.5305
2025-06-30,10.0,3.6865
2025-07-01,1.0,3.8909
2025-07-01,3.0,3.44645
2025-07-01,5.0,3.46745
2025-07-01,7.0,3.5638
2025-07-01,10.0,3.7129
2025-07-02,1.0,3.87607
2025-07-02,3.0,3.45819
2025-07-02,5.0,3.489
2025-07-02,7.0,3.58875
2025-07-02,10.0,3.74105
2025-07-03,1.0,3.983
2025-07-03,3.0,3.53681
2025-07-03,5.0,3.55278
2025-07-03,7.0,3.64965
2025-07-03,10.0,3.8013
2025-07-04,1.0,3.96
2025-07-07,1.0,3.986
2025-07-07,3.0,3.5433
2025-07-07,5.0,3.56735
2025-07-07,7.0,3.66985
2025-07-07,10.0,3.82685
2025-07-08,1.0,3.99495
2025-07-08,3.0,3.5594
2025-07-08,5.0,3.58545
2025-07-08,7.0,3.691
2025-07-08,10.0,3.8491
2025-07-09,1.0,3.9525
2025-07-09,3.0,3.5051
2025-07-09,5.0,3.5224
2025-07-09,7.0,3.6249
2025-07-09,10.0,3.7829
2025-07-10,1.0,3.96204
2025-07-10,3.0,3.5312
2025-07-10,5.0,3.5483
2025-07-10,7.0,3.6476
2025-07-10,10.0,3.8015
2025-07-11,1.0,3.975
2025-07-11,3.0,3.5505
2025-07-11,5.0,3.58075
2025-07-11,7.0,3.6905
2025-07-11,10.0,3.85425
2025-07-14,1.0,3.9885
2025-07-14,3.0,3.57
2025-07-14,5.0,3.6025
2025-07-14,7.0,3.71324
2025-07-14,10.0,3.8773
2025-07-15,1.0,4.0256
2025-07-15,3.0,3.6144
2025-07-15,5.0,3.65155
2025-07-15,7.0,3.76136
2025-07-15,10.0,3.922
2025-07-16,1.0,3.9924
2025-07-16,3.0,3.56277
2025-07-16,5.0,3.6074
2025-07-16,7.0,3.7256
2025-07-16,10.0,3.8958
2025-07-17,1.0,4.01279
2025-07-17,3.0,3.57071
2025-07-17,5.0,3.61225
2025-07-17,7.0,3.72955
2025-07-17,10.0,3.9
2025-07-18,1.0,3.9866
2025-07-18,3.0,3.536
2025-07-18,5.0,3.57456
2025-07-18,7.0,3.69675
2025-07-18,10.0,3.86869
2025-07-21,1.0,3.9854
2025-07-21,3.0,3.5154
2025-07-21,5.0,3.5515
2025-07-21,7.0,3.6665
2025-07-21,10.0,3.83735
2025-07-22,1.0,3.96886
2025-07-22,3.0,3.4842
2025-07-22,5.0,3.519
2025-07-22,7.0,3.63745
2025-07-22,10.0,3.81235
2025-07-23,1.0,3.988
2025-07-23,3.0,3.53
2025-07-23,5.0,3.5608
2025-07-23,7.0,3.675
2025-07-23,10.0,3.84645
2025-07-24,1.0,4.0103
2025-07-24,3.0,3.56737
2025-07-24,5.0,3.59435
2025-07-24,7.0,3.70025
2025-07-24,10.0,3.8631
2025-07-25,1.0,4.0093
2025-07-25,3.0,3.575
2025-07-25,5.0,3.59555
2025-07-25,7.0,3.7005
2025-07-25,10.0,3.8635
2025-07-28,1.0,4.00697
2025-07-28,3.0,3.57645
2025-07-28,5.0,3.60191
2025-07-28,7.0,3.71145
2025-07-28,10.0,3.87884
2025-07-29,1.0,3.9735
2025-07-29,3.0,3.5195
2025-07-29,5.0,3.53275
2025-07-29,7.0,3.63525
2025-07-29,10.0,3.7965
2025-07-30,1.0,4.053
2025-07-30,3.0,3.5912
2025-07-30,5.0,3.5913
2025-07-30,7.0,3.68636
2025-07-30,10.0,3.84055
2025-07-31,1.0,4.0781
2025-07-31,3.0,3.60762
2025-07-31,5.0,3.60556
2025-07-31,7.0,3.69607
2025-07-31,10.0,3.8456
2025-08-01,1.0,3.8153
2025-08-01,3.0,3.3685
2025-08-01,5.0,3.405
2025-08-01,7.0,3.5253
2025-08-01,10.0,3.70685
2025-08-04,1.0,3.79537
2025-08-04,3.0,3.34995
2025-08-04,5.0,3.37783
2025-08-04,7.0,3.49213
2025-08-04,10.0,3.669
2025-08-05,1.0,3.8386
2025-08-05,3.0,3.39616
2025-08-05,5.0,3.416
2025-08-05,7.0,3.51995
2025-08-05,10.0,3.6853
2025-08-06,1.0,3.817
2025-08-06,3.0,3.386
2025-08-06,5.0,3.4177
2025-08-06,7.0,3.5323
2025-08-06,10.0,3.7093
2025-08-07,1.0,3.8151
2025-08-07,3.0,3.3977
2025-08-07,5.0,3.43041
2025-08-07,7.0,3.5438
2025-08-07,10.0,3.7193
2025-08-08,1.0,3.8475
2025-08-08,3.0,3.43985
2025-08-08,5.0,3.4705
2025-08-08,7.0,3.58038
2025-08-08,10.0,3.75212
2025-08-11,1.0,3.84775
2025-08-11,3.0,3.44325
2025-08-11,5.0,3.4764
2025-08-11,7.0,3.5871
2025-08-11,10.0,3.75995
2025-08-12,1.0,3.8063
2025-08-12,3.0,3.40875
2025-08-12,5.0,3.45875
2025-08-12,7.0,3.5786
2025-08-12,10.0,3.75925
2025-08-13,1.0,3.76
2025-08-13,3.0,3.35315
2025-08-13,5.0,3.4025
2025-08-13,7.0,3.52475
2025-08-13,10.0,3.7094
2025-08-14,1.0,3.81425
2025-08-14,3.0,3.40715
2025-08-14,5.0,3.45483
2025-08-14,7.0,3.57625
2025-08-14,10.0,3.76075
2025-08-15,1.0,3.83955
2025-08-15,3.0,3.4285
2025-08-15,5.0,3.48
2025-08-15,7.0,3.60575
2025-08-15,10.0,3.79405
2025-08-18,1.0,3.85135
2025-08-18,3.0,3.4402
2025-08-18,5.0,3.48769
2025-08-18,7.0,3.61415
2025-08-18,10.0,3.80445
2025-08-19,1.0,3.8312
2025-08-19,3.0,3.4226
2025-08-19,5.0,3.4655
2025-08-19,7.0,3.59009
2025-08-19,10.0,3.77842
2025-08-20,1.0,3.83212
2025-08-20,3.0,3.41445
2025-08-20,5.0,3.4531
2025-08-20,7.0,3.5794
2025-08-20,10.0,3.77002
2025-08-21,1.0,3.87639
2025-08-21,3.0,3.4524
2025-08-21,5.0,3.4951
2025-08-21,7.0,3.61687
2025-08-21,10.0,3.80163
2025-08-22,1.0,3.7909
2025-08-22,3.0,3.354
2025-08-22,5.0,3.4015
2025-08-22,7.0,3.53359
2025-08-22,10.0,3.7304
2025-08-25,1.0,3.8163
2025-08-25,3.0,3.38155
2025-08-25,5.0,3.424
2025-08-25,7.0,3.55495
2025-08-25,10.0,3.75137
2025-08-26,1.0,3.776
2025-08-26,3.0,3.3276
2025-08-26,5.0,3.3773
2025-08-26,7.0,3.52035
2025-08-26,10.0,3.7307
2025-08-27,1.0,3.7502
2025-08-27,3.0,3.2901
2025-08-27,5.0,3.3345
2025-08-27,7.0,3.4819
2025-08-27,10.0,3.70132
2025-08-28,1.0,3.76307
2025-08-28,3.0,3.29856
2025-08-28,5.0,3.32975
2025-08-28,7.0,3.4618
2025-08-28,10.0,3.66931
2025-08-29,1.0,3.7515
2025-08-29,3.0,3.294
2025-08-29,5.0,3.33498
2025-08-29,7.0,3.4749
2025-08-29,10.0,3.691
2025-09-01,1.0,3.763
2025-09-02,1.0,3.7601
2025-09-02,3.0,3.3193
2025-09-02,5.0,3.356
2025-09-02,7.0,3.49803
2025-09-02,10.0,3.71645
2025-09-03,1.0,3.73439
2025-09-03,3.0,3.2965
2025-09-03,5.0,3.3311
2025-09-03,7.0,3.46623
2025-09-03,10.0,3.6778
2025-09-04,1.0,3.702
2025-09-04,3.0,3.2565
2025-09-04,5.0,3.2829
2025-09-04,7.0,3.4141
2025-09-04,10.0,3.6253
2025-09-05,1.0,3.61195
2025-09-05,3.0,3.19225
2025-09-05,5.0,3.2195
2025-09-05,7.0,3.3413
2025-09-05,10.0,3.54486
2025-09-08,1.0,3.5835
2025-09-08,3.0,3.15995
2025-09-08,5.0,3.19155
2025-09-08,7.0,3.31
2025-09-08,10.0,3.50703
2025-09-09,1.0,3.65112
2025-09-09,3.0,3.2267
2025-09-09,5.0,3.2491
2025-09-09,7.0,3.366
2025-09-09,10.0,3.5605
2025-09-10,1.0,3.6339
2025-09-10,3.0,3.21275
2025-09-10,5.0,3.22961
2025-09-10,7.0,3.33661
2025-09-10,10.0,3.5227
2025-09-11,1.0,3.6
2025-09-11,3.0,3.21
2025-09-11,5.0,3.22664
2025-09-11,7.0,3.3225
2025-09-11,10.0,3.49614
2025-09-12,1.0,3.61733
2025-09-12,3.0,3.23345
2025-09-12,5.0,3.2583
2025-09-12,7.0,3.35953
2025-09-12,10.0,3.5347
2025-09-15,1.0,3.611
2025-09-15,3.0,3.21485
2025-09-15,5.0,3.23442
2025-09-15,7.0,3.33525
2025-09-15,10.0,3.5107
2025-09-16,1.0,3.59077
2025-09-16,3.0,3.1891
2025-09-16,5.0,3.21871
2025-09-16,7.0,3.3257
2025-09-16,10.0,3.50501
2025-09-17,1.0,3.60095
2025-09-17,3.0,3.2498
2025-09-17,5.0,3.28981
2025-09-17,7.0,3.39675
2025-09-17,10.0,3.571
2025-09-18,1.0,3.601
2025-09-18,3.0,3.2607
2025-09-18,5.0,3.2972
2025-09-18,7.0,3.408
2025-09-18,10.0,3.587
2025-09-19,1.0,3.61037
2025-09-19,3.0,3.2695
2025-09-19,5.0,3.31135
2025-09-19,7.0,3.4266
2025-09-19,10.0,3.6084
2025-09-22,1.0,3.6345
2025-09-22,3.0,3.29992
2025-09-22,5.0,3.33835
2025-09-22,7.0,3.4518
2025-09-22,10.0,3.63098
2025-09-23,1.0,3.62445
2025-09-23,3.0,3.2784
2025-09-23,5.0,3.30785
2025-09-23,7.0,3.41505
2025-09-23,10.0,3.59
2025-09-24,1.0,3.64265
2025-09-24,3.0,3.3196
2025-09-24,5.0,3.35615
2025-09-24,7.0,3.46088
2025-09-24,10.0,3.6312
2025-09-25,1.0,3.69467
2025-09-25,3.0,3.38085
2025-09-25,5.0,3.4113
2025-09-25,7.0,3.5099
2025-09-25,10.0,3.67185
2025-09-26,1.0,3.675
2025-09-26,3.0,3.3761
2025-09-26,5.0,3.4179
2025-09-26,7.0,3.5206
2025-09-26,10.0,3.68309
2025-09-29,1.0,3.65385
2025-09-29,3.0,3.3548
2025-09-29,5.0,3.3915
2025-09-29,7.0,3.4929
2025-09-29,10.0,3.654
2025-09-30,1.0,3.6391
2025-09-30,3.0,3.34635
2025-09-30,5.0,3.39
2025-09-30,7.0,3.494
2025-09-30,10.0,3.6571
2025-10-01,1.0,3.5755
2025-10-01,3.0,3.27475
2025-10-01,5.0,3.32255
2025-10-01,7.0,3.43325
2025-10-01,10.0,3.6067
2025-10-02,1.0,3.56905
2025-10-02,3.0,3.27735
2025-10-02,5.0,3.32205
2025-10-02,7.0,3.428
2025-10-02,10.0,3.5974
2025-10-03,1.0,3.5956
2025-10-03,3.0,3.31206
2025-10-03,5.0,3.36085
2025-10-03,7.0,3.46465
2025-10-03,10.0,3.6298
2025-10-06,1.0,3.60338
2025-10-06,3.0,3.3278
2025-10-06,5.0,3.38075
2025-10-06,7.0,3.4925
2025-10-06,10.0,3.66525
2025-10-07,1.0,3.59405
2025-10-07,3.0,3.30835
2025-10-07,5.0,3.3605
2025-10-07,7.0,3.47625
2025-10-07,10.0,3.6532
2025-10-08,1.0,3.59917
2025-10-08,3.0,3.32205
2025-10-08,5.0,3.36855
2025-10-08,7.0,3.47435
2025-10-08,10.0,3.642
2025-10-09,1.0,3.59347
2025-10-09,3.0,3.33135
2025-10-09,5.0,3.38842
2025-10-09,7.0,3.495
2025-10-09,10.0,3.662
2025-10-10,1.0,3.51547
2025-10-10,3.0,3.22606
2025-10-10,5.0,3.2766
2025-10-10,7.0,3.383
2025-10-10,10.0,3.5525
2025-10-14,1.0,3.51
2025-10-14,3.0,3.217
2025-10-14,5.0,3.2761
2025-10-14,7.0,3.3961
2025-10-14,10.0,3.5775
2025-10-15,1.0,3.5145
2025-10-15,3.0,3.2229
2025-10-15,5.0,3.276
2025-10-15,7.0,3.3901
2025-10-15,10.0,3.56655
2025-10-16,1.0,3.436
2025-10-16,3.0,3.145
2025-10-16,5.0,3.2056
2025-10-16,7.0,3.32583
2025-10-16,10.0,3.50995
2025-10-17,1.0,3.46535
2025-10-17,3.0,3.1886
2025-10-17,5.0,3.25085
2025-10-17,7.0,3.3652
2025-10-17,10.0,3.542
2025-10-20,1.0,3.46962
2025-10-20,3.0,3.18087
2025-10-20,5.0,3.23275
2025-10-20,7.0,3.3428
2025-10-20,10.0,3.5155
2025-10-21,1.0,3.47
2025-10-21,3.0,3.17615
2025-10-21,5.0,3.227
2025-10-21,7.0,3.33464
2025-10-21,10.0,3.5046
2025-10-22,1.0,3.46419
2025-10-22,3.0,3.1715
2025-10-22,5.0,3.22809
2025-10-22,7.0,3.337
2025-10-22,10.0,3.5078
2025-10-23,1.0,3.4923
2025-10-23,3.0,3.2261
2025-10-23,5.0,3.28905
2025-10-23,7.0,3.39698
2025-10-23,10.0,3.5649
2025-10-24,1.0,3.48
2025-10-24,3.0,3.22145
2025-10-24,5.0,3.285
2025-10-24,7.0,3.39597
2025-10-24,10.0,3.56673
2025-10-27,1.0,3.4932
2025-10-27,3.0,3.22985
2025-10-27,5.0,3.2852
2025-10-27,7.0,3.3905
2025-10-27,10.0,3.555
2025-10-28,1.0,3.49325
2025-10-28,3.0,3.23105
2025-10-28,5.0,3.28606
2025-10-28,7.0,3.38859
2025-10-28,10.0,3.5497
2025-10-29,1.0,3.6162
2025-10-29,3.0,3.32944
2025-10-29,5.0,3.3801
2025-10-29,7.0,3.48293
2025-10-29,10.0,3.64145
2025-10-30,1.0,3.61225
2025-10-30,3.0,3.346
2025-10-30,5.0,3.39865
2025-10-30,7.0,3.50558
2025-10-30,10.0,3.66791
2025-10-31,1.0,3.5995
2025-10-31,3.0,3.32725
2025-10-31,5.0,3.37801
2025-10-31,7.0,3.488
2025-10-31,10.0,3.6547
2025-11-03,1.0,3.615
2025-11-03,3.0,3.35715
2025-11-03,5.0,3.41087
2025-11-03,7.0,3.519
2025-11-03,10.0,3.68348
2025-11-04,1.0,3.5925
2025-11-04,3.0,3.3325
2025-11-04,5.0,3.3873
2025-11-04,7.0,3.495
2025-11-04,10.0,3.6582
2025-11-05,1.0,3.63035
2025-11-05,3.0,3.39055
2025-11-05,5.0,3.4504
2025-11-05,7.0,3.55741
2025-11-05,10.0,3.72074
2025-11-06,1.0,3.56225
2025-11-06,3.0,3.31025
2025-11-06,5.0,3.36595
2025-11-06,7.0,3.47645
2025-11-06,10.0,3.6448
2025-11-07,1.0,3.56945
2025-11-07,3.0,3.3185
2025-11-07,5.0,3.3754
2025-11-07,7.0,3.48885
2025-11-07,10.0,3.66
2025-11-10,1.0,3.59325
2025-11-10,3.0,3.3494
2025-11-10,5.0,3.40656
2025-11-10,7.0,3.51531
2025-11-10,10.0,3.6808
2025-11-11,1.0,3.5582
2025-11-11,3.0,3.34968
2025-11-11,5.0,3.405
2025-11-11,7.0,3.5152
2025-11-11,10.0,3.6805
2025-11-12,1.0,3.5809
2025-11-12,3.0,3.3237
2025-11-12,5.0,3.3749
2025-11-12,7.0,3.48565
2025-11-12,10.0,3.65562
2025-11-13,1.0,3.60065
2025-11-13,3.0,3.3435
2025-11-13,5.0,3.4019
2025-11-13,7.0,3.51475
2025-11-13,10.0,3.687
2025-11-14,1.0,3.6094
2025-11-14,3.0,3.35545
2025-11-14,5.0,3.41615
2025-11-14,7.0,3.53245
2025-11-14,10.0,3.7085
2025-11-17,1.0,3.61575
2025-11-17,3.0,3.3564
2025-11-17,5.0,3.41495
2025-11-17,7.0,3.52724
2025-11-17,10.0,3.70025
2025-11-18,1.0,3.5806
2025-11-18,3.0,3.312
2025-11-18,5.0,3.3704
2025-11-18,7.0,3.4897
2025-11-18,10.0,3.67105
2025-11-19,1.0,3.59855
2025-11-19,3.0,3.3327
2025-11-19,5.0,3.39617
2025-11-19,7.0,3.5159
2025-11-19,10.0,3.69688
2025-11-20,1.0,3.55325
2025-11-20,3.0,3.2685
2025-11-20,5.0,3.335
2025-11-20,7.0,3.45907
2025-11-20,10.0,3.6465
2025-11-21,1.0,3.5315
2025-11-21,3.0,3.25091
2025-11-21,5.0,3.3177
2025-11-21,7.0,3.44331
2025-11-21,10.0,3.63345
2025-11-24,1.0,3.52445
2025-11-24,3.0,3.24075
2025-11-24,5.0,3.29265
2025-11-24,7.0,3.413
2025-11-24,10.0,3.5998
2025-11-25,1.0,3.4995
2025-11-25,3.0,3.21505
2025-11-25,5.0,3.2713
2025-11-25,7.0,3.39153
2025-11-25,10.0,3.58005
2025-11-26,1.0,3.5015
2025-11-26,3.0,3.22235
2025-11-26,5.0,3.27903
2025-11-26,7.0,3.39633
2025-11-26,10.0,3.5832
2025-11-27,1.0,3.5029
2025-11-27,3.0,3.22363
2025-11-27,5.0,3.27965
2025-11-27,7.0,3.3965
2025-11-27,10.0,3.583
2025-11-28,1.0,3.51395
2025-11-28,3.0,3.2496
2025-11-28,5.0,3.306
2025-11-28,7.0,3.42241
2025-11-28,10.0,3.60718
2025-12-01,1.0,3.52675
2025-12-01,3.0,3.2925
2025-12-01,5.0,3.3653
2025-12-01,7.0,3.4869
2025-12-01,10.0,3.675
2025-12-02,1.0,3.50624
2025-12-02,3.0,3.27895
2025-12-02,5.0,3.35545
2025-12-02,7.0,3.48169
2025-12-02,10.0,3.6723
2025-12-03,1.0,3.484
2025-12-03,3.0,3.2563
2025-12-03,5.0,3.331
2025-12-03,7.0,3.45755
2025-12-03,10.0,3.65025
2025-12-04,1.0,3.503
2025-12-04,3.0,3.2947
2025-12-04,5.0,3.3708
2025-12-04,7.0,3.49495
2025-12-04,10.0,3.6844
2025-12-05,1.0,3.52439
2025-12-05,3.0,3.3406
2025-12-05,5.0,3.41584
2025-12-05,7.0,3.5397
2025-12-05,10.0,3.72795
2025-12-08,1.0,3.5336
2025-12-08,3.0,3.371
2025-12-08,5.0,3.45075
2025-12-08,7.0,3.57297
2025-12-08,10.0,3.7557
2025-12-09,1.0,3.5622
2025-12-09,3.0,3.42085
2025-12-09,5.0,3.4985
2025-12-09,7.0,3.61125
2025-12-09,10.0,3.78174
2025-12-10,1.0,3.5025
2025-12-10,3.0,3.367
2025-12-10,5.0,3.4553
2025-12-10,7.0,3.5761
2025-12-10,10.0,3.7532
2025-12-11,1.0,3.50201
2025-12-11,3.0,3.36795
2025-12-11,5.0,3.45587
2025-12-11,7.0,3.57627
2025-12-11,10.0,3.75346
2025-12-12,1.0,3.48695
2025-12-12,3.0,3.36045
2025-12-12,5.0,3.46215
2025-12-12,7.0,3.59115
2025-12-12,10.0,3.77468
2025-12-15,1.0,3.4696
2025-12-15,3.0,3.34088
2025-12-15,5.0,3.44735
2025-12-15,7.0,3.58255
2025-12-15,10.0,3.773
2025-12-16,1.0,3.4675
2025-12-16,3.0,3.3194
2025-12-16,5.0,3.4249
2025-12-16,7.0,3.56145
2025-12-16,10.0,3.7528
2025-12-17,1.0,3.45523
2025-12-17,3.0,3.32109
2025-12-17,5.0,3.4336
2025-12-17,7.0,3.57447
2025-12-17,10.0,3.7692
2025-12-18,1.0,3.43588
2025-12-18,3.0,3.29555
2025-12-18,5.0,3.40323
2025-12-18,7.0,3.5441
2025-12-18,10.0,3.74085
2025-12-19,1.0,3.44455
2025-12-19,3.0,3.32025
2025-12-19,5.0,3.4288
2025-12-19,7.0,3.568
2025-12-19,10.0,3.762
2025-12-22,1.0,3.455
2025-12-22,3.0,3.3414
2025-12-22,5.0,3.44715
2025-12-22,7.0,3.58572
2025-12-22,10.0,3.7788
2025-12-23,1.0,3.48402
2025-12-23,3.0,3.37425
2025-12-23,5.0,3.4737
2025-12-23,7.0,3.60275
2025-12-23,10.0,3.78633
2025-12-24,1.0,3.4592
2025-12-24,3.0,3.34845
2025-12-24,5.0,3.4515
2025-12-24,7.0,3.5819
2025-12-24,10.0,3.7656
2025-12-26,1.0,3.43985
2025-12-26,3.0,3.3267
2025-12-26,5.0,3.4315
2025-12-26,7.0,3.5675
2025-12-26,10.0,3.75767
2025-12-29,1.0,3.42395
2025-12-29,3.0,3.301
2025-12-29,5.0,3.4104
2025-12-29,7.0,3.55059
2025-12-29,10.0,3.7457
2025-12-30,1.0,3.419
2025-12-30,3.0,3.30535
2025-12-30,5.0,3.4214
2025-12-30,7.0,3.56484
2025-12-30,10.0,3.76207
2025-12-31,1.0,3.427
2025-12-31,3.0,3.33809
2025-12-31,5.0,3.46375
2025-12-31,7.0,3.60675
2025-12-31,10.0,3.80229
2026-01-02,1.0,3.427
2026-01-02,3.0,3.3459
2026-01-02,5.0,3.47545
2026-01-02,7.0,3.6209
2026-01-02,10.0,3.81695
2026-01-05,1.0,3.41965
2026-01-05,3.0,3.31815
2026-01-05,5.0,3.4409
2026-01-05,7.0,3.5878
2026-01-05,10.0,3.78655
2026-01-06,1.0,3.4382
2026-01-06,3.0,3.33115
2026-01-06,5.0,3.45025
2026-01-06,7.0,3.59775
2026-01-06,10.0,3.79686
2026-01-07,1.0,3.4398
2026-01-07,3.0,3.32995
2026-01-07,5.0,3.4421
2026-01-07,7.0,3.58199
2026-01-07,10.0,3.77475
2026-01-08,1.0,3.45055
2026-01-08,3.0,3.35155
2026-01-08,5.0,3.46675
2026-01-08,7.0,3.60639
2026-01-08,10.0,3.79845
2026-01-09,1.0,3.48945
2026-01-09,3.0,3.3905
2026-01-09,5.0,3.49207
2026-01-09,7.0,3.62035
2026-01-09,10.0,3.8005
2026-01-12,1.0,3.4967
2026-01-12,3.0,3.39373
2026-01-12,5.0,3.5025
2026-01-12,7.0,3.63535
2026-01-12,10.0,3.8188
2026-01-13,1.0,3.49691
2026-01-13,3.0,3.3875
2026-01-13,5.0,3.50103
2026-01-13,7.0,3.6389
2026-01-13,10.0,3.82625
2026-01-14,1.0,3.4824
2026-01-14,3.0,3.3611
2026-01-14,5.0,3.46475
2026-01-14,7.0,3.60244
2026-01-14,10.0,3.79025
2026-01-15,1.0,3.51459
2026-01-15,3.0,3.42047
2026-01-15,5.0,3.52255
2026-01-15,7.0,3.6527
2026-01-15,10.0,3.83125
2026-01-16,1.0,3.52246
2026-01-16,3.0,3.4462
2026-01-16,5.0,3.5565
2026-01-16,7.0,3.6867
2026-01-16,10.0,3.8633
2026-01-20,1.0,3.5188
2026-01-20,3.0,3.4609
2026-01-20,5.0,3.58825
2026-01-20,7.0,3.727
2026-01-20,10.0,3.9082
2026-01-21,1.0,3.523
2026-01-21,3.0,3.45245
2026-01-21,5.0,3.5694
2026-01-21,7.0,3.70475
2026-01-21,10.0,3.8822
2026-01-22,1.0,3.53305
2026-01-22,3.0,3.4774
2026-01-22,5.0,3.5917
2026-01-22,7.0,3.7213
2026-01-22,10.0,3.8925
2026-01-23,1.0,3.52269
2026-01-23,3.0,3.46145
2026-01-23,5.0,3.5711
2026-01-23,7.0,3.70025
2026-01-23,10.0,3.87245
2026-01-26,1.0,3.522
2026-01-26,3.0,3.45862
2026-01-26,5.0,3.56881
2026-01-26,7.0,3.69435
2026-01-26,10.0,3.86132
2026-01-27,1.0,3.502
2026-01-27,3.0,3.43894
2026-01-27,5.0,3.56246
2026-01-27,7.0,3.69766
2026-01-27,10.0,3.8734
2026-01-28,1.0,3.50835
2026-01-28,3.0,3.44255
2026-01-28,5.0,3.56542
2026-01-28,7.0,3.69981
2026-01-28,10.0,3.8748
2026-01-29,1.0,3.49515
2026-01-29,3.0,3.4263
2026-01-29,5.0,3.5485
2026-01-29,7.0,3.68295
2026-01-29,10.0,3.8585
2026-01-30,1.0,3.471
2026-01-30,3.0,3.3893
2026-01-30,5.0,3.5172
2026-01-30,7.0,3.66234
2026-01-30,10.0,3.84925
2026-02-02,1.0,3.50381
2026-02-02,3.0,3.43675
2026-02-02,5.0,3.56248
2026-02-02,7.0,3.70405
2026-02-02,10.0,3.8871
2026-02-03,1.0,3.50225
2026-02-03,3.0,3.4359
2026-02-03,5.0,3.5557
2026-02-03,7.0,3.69158
2026-02-03,10.0,3.86881
2026-02-04,1.0,3.4907
2026-02-04,3.0,3.42515
2026-02-04,5.0,3.55269
2026-02-04,7.0,3.6933
2026-02-04,10.0,3.87552
2026-02-05,1.0,3.4001
2026-02-05,3.0,3.3099
2026-02-05,5.0,3.43945
2026-02-05,7.0,3.581
2026-02-05,10.0,3.76585
2026-02-06,1.0,3.436
2026-02-06,3.0,3.36025
2026-02-06,5.0,3.4835
2026-02-06,7.0,3.622
2026-02-06,10.0,3.80235
2026-02-09,1.0,3.42422
2026-02-09,3.0,3.34339
2026-02-09,5.0,3.4682
2026-02-09,7.0,3.61105
2026-02-09,10.0,3.7967
2026-02-10,1.0,3.404
2026-02-10,3.0,3.30365
2026-02-10,5.0,3.4257
2026-02-10,7.0,3.5637
2026-02-10,10.0,3.74455
2026-02-11,1.0,3.4651
2026-02-11,3.0,3.3551
2026-02-11,5.0,3.4643
2026-02-11,7.0,3.5957
2026-02-11,10.0,3.771
2026-02-12,1.0,3.4322
2026-02-12,3.0,3.282
2026-02-12,5.0,3.3803
2026-02-12,7.0,3.51111
2026-02-12,10.0,3.6891
2026-02-13,1.0,3.40705
2026-02-13,3.0,3.23115
2026-02-13,5.0,3.329
2026-02-13,7.0,3.46075
2026-02-13,10.0,3.642
2026-02-17,1.0,3.4328
2026-02-17,3.0,3.24805
2026-02-17,5.0,3.34249
2026-02-17,7.0,3.47205
2026-02-17,10.0,3.6503
2026-02-18,1.0,3.4473
2026-02-18,3.0,3.27655
2026-02-18,5.0,3.3717
2026-02-18,7.0,3.49998
2026-02-18,10.0,3.67636
2026-02-19,1.0,3.4492
2026-02-19,3.0,3.2681
2026-02-19,5.0,3.3565
2026-02-19,7.0,3.4817
2026-02-19,10.0,3.65625
2026-02-20,1.0,3.4699
2026-02-20,3.0,3.2789
2026-02-20,5.0,3.359
2026-02-20,7.0,3.486
2026-02-20,10.0,3.66421
2026-02-23,1.0,3.4532
2026-02-23,3.0,3.21835
2026-02-23,5.0,3.29388
2026-02-23,7.0,3.4215
2026-02-23,10.0,3.60434
2026-02-24,1.0,3.47115
2026-02-24,3.0,3.24075
2026-02-24,5.0,3.30305
2026-02-24,7.0,3.42313
2026-02-24,10.0,3.59924
2026-02-25,1.0,3.48145
2026-02-25,3.0,3.2715
2026-02-25,5.0,3.34255
2026-02-25,7.0,3.4614
2026-02-25,10.0,3.63485
2026-02-26,1.0,3.4528
2026-02-26,3.0,3.22415
2026-02-26,5.0,3.29579
2026-02-26,7.0,3.41574
2026-02-26,10.0,3.59153
2026-02-27,1.0,3.4244
2026-02-27,3.0,3.1623
2026-02-27,5.0,3.224
2026-02-27,7.0,3.3412
2026-02-27,10.0,3.5172
2026-03-02,1.0,3.4801
2026-03-02,3.0,3.25775
2026-03-02,5.0,3.32335
2026-03-02,7.0,3.43685
2026-03-02,10.0,3.6039
2026-03-03,1.0,3.5075
2026-03-03,3.0,3.28975
2026-03-03,5.0,3.3497
2026-03-03,7.0,3.46235
2026-03-03,10.0,3.6254
2026-03-04,1.0,3.53095
2026-03-04,3.0,3.334
2026-03-04,5.0,3.3895
2026-03-04,7.0,3.49855
2026-03-04,10.0,3.658
2026-03-05,1.0,3.54578
2026-03-05,3.0,3.36375
2026-03-05,5.0,3.4238
2026-03-05,7.0,3.53
2026-03-05,10.0,3.6845
2026-03-06,1.0,3.51235
2026-03-06,3.0,3.35021
2026-03-06,5.0,3.4161
2026-03-06,7.0,3.5223
2026-03-06,10.0,3.67575
2026-03-09,1.0,3.5123
2026-03-09,3.0,3.33016
2026-03-09,5.0,3.3934
2026-03-09,7.0,3.50058
2026-03-09,10.0,3.6543
2026-03-10,1.0,3.54661
2026-03-10,3.0,3.38145
2026-03-10,5.0,3.4435
2026-03-10,7.0,3.5544
2026-03-10,10.0,3.71198
2026-03-11,1.0,3.5891
2026-03-11,3.0,3.4341
2026-03-11,5.0,3.488
2026-03-11,7.0,3.60025
2026-03-11,10.0,3.76125
2026-03-12,1.0,3.6485
2026-03-12,3.0,3.52045
2026-03-12,5.0,3.5464
2026-03-12,7.0,3.6411
2026-03-12,10.0,3.786
2026-03-13,1.0,3.627
2026-03-13,3.0,3.48905
2026-03-13,5.0,3.53115
2026-03-13,7.0,3.63505
2026-03-13,10.0,3.7886
2026-03-16,1.0,3.61445
2026-03-16,3.0,3.4445
2026-03-16,5.0,3.489
2026-03-16,7.0,3.59702
2026-03-16,10.0,3.75615
2026-03-17,1.0,3.61605
2026-03-17,3.0,3.4455
2026-03-17,5.0,3.47945
2026-03-17,7.0,3.583
2026-03-17,10.0,3.7392
2026-03-18,1.0,3.6899
2026-03-18,3.0,3.5379
2026-03-18,5.0,3.5552
2026-03-18,7.0,3.6431
2026-03-18,10.0,3.78455
2026-03-19,1.0,3.73224
2026-03-19,3.0,3.56346
2026-03-19,5.0,3.57517
2026-03-19,7.0,3.657
2026-03-19,10.0,3.7883
2026-03-20,1.0,3.8221
2026-03-20,3.0,3.67385
2026-03-20,5.0,3.68795
2026-03-20,7.0,3.7703
2026-03-20,10.0,3.8967
2026-03-23,1.0,3.7741
2026-03-23,3.0,3.6316
2026-03-23,5.0,3.6625
2026-03-23,7.0,3.7515
2026-03-23,10.0,3.88475
2026-03-24,1.0,3.80445
2026-03-24,3.0,3.66
2026-03-24,5.0,3.67652
2026-03-24,7.0,3.7635
2026-03-24,10.0,3.89632
2026-03-25,1.0,3.79195
2026-03-25,3.0,3.643
2026-03-25,5.0,3.65765
2026-03-25,7.0,3.73903
2026-03-25,10.0,3.8675
2026-03-26,1.0,3.8515
2026-03-26,3.0,3.7338
2026-03-26,5.0,3.75011
2026-03-26,7.0,3.82029
2026-03-26,10.0,3.93164
2026-03-27,1.0,3.78681
2026-03-27,3.0,3.68225
2026-03-27,5.0,3.726
2026-03-27,7.0,3.8185
2026-03-27,10.0,3.94879
2026-03-30,1.0,3.7328
2026-03-30,3.0,3.60822
2026-03-30,5.0,3.6511
2026-03-30,7.0,3.74675
2026-03-30,10.0,3.88245
2026-03-31,1.0,3.70095
2026-03-31,3.0,3.57805
2026-03-31,5.0,3.62155
2026-03-31,7.0,3.72194
2026-03-31,10.0,3.8664
2026-04-01,1.0,3.71
2026-04-01,3.0,3.591
2026-04-01,5.0,3.63325
2026-04-01,7.0,3.7276
2026-04-01,10.0,3.86575
2026-04-02,1.0,3.70444
2026-04-02,3.0,3.5892
2026-04-02,5.0,3.6296
2026-04-02,7.0,3.72165
2026-04-02,10.0,3.8567
2026-04-03,1.0,3.73602
2026-04-03,3.0,3.635
2026-04-03,5.0,3.665
2026-04-03,7.0,3.75415
2026-04-03,10.0,3.89201
2026-04-06,1.0,3.74564
2026-04-06,3.0,3.6305
2026-04-06,5.0,3.66308
2026-04-06,7.0,3.7514
2026-04-06,10.0,3.88135
2026-04-07,1.0,3.7011
2026-04-07,3.0,3.57515
2026-04-07,5.0,3.6103
2026-04-07,7.0,3.7074
2026-04-07,10.0,3.84715
2026-04-08,1.0,3.7066
2026-04-08,3.0,3.57325
2026-04-08,5.0,3.6085
2026-04-08,7.0,3.70445
2026-04-08,10.0,3.84565
2026-04-09,1.0,3.6945
2026-04-09,3.0,3.55425
2026-04-09,5.0,3.58425
2026-04-09,7.0,3.6837
2026-04-09,10.0,3.8315
2026-04-10,1.0,3.70505
2026-04-10,3.0,3.5833
2026-04-10,5.0,3.6256
2026-04-10,7.0,3.7229
2026-04-10,10.0,3.86695
2026-04-13,1.0,3.6965
2026-04-13,3.0,3.56075
2026-04-13,5.0,3.6039
2026-04-13,7.0,3.70482
2026-04-13,10.0,3.85264
2026-04-14,1.0,3.68465
2026-04-14,3.0,3.52877
2026-04-14,5.0,3.56096
2026-04-14,7.0,3.66258
2026-04-14,10.0,3.81255
2026-04-15,1.0,3.68825
2026-04-15,3.0,3.55215
2026-04-15,5.0,3.5918
2026-04-15,7.0,3.69534
2026-04-15,10.0,3.84625
2026-04-16,1.0,3.68833
2026-04-16,3.0,3.57025
2026-04-16,5.0,3.61525
2026-04-16,7.0,3.7196
2026-04-16,10.0,3.8726
2026-04-17,1.0,3.6414
2026-04-17,3.0,3.4995
2026-04-17,5.0,3.5518
2026-04-17,7.0,3.66
2026-04-17,10.0,3.8196
2026-04-20,1.0,3.6529
2026-04-20,3.0,3.51055
2026-04-20,5.0,3.55835
2026-04-20,7.0,3.6632
2026-04-20,10.0,3.81963
2026-04-21,1.0,3.68905
2026-04-21,3.0,3.56552
2026-04-21,5.0,3.6061
2026-04-21,7.0,3.7038
2026-04-21,10.0,3.85018
2026-04-22,1.0,3.6951
2026-04-22,3.0,3.5854
2026-04-22,5.0,3.6221
2026-04-22,7.0,3.71625
2026-04-22,10.0,3.8585
2026-04-23,1.0,3.71
2026-04-23,3.0,3.61765
2026-04-23,5.0,3.6517
2026-04-23,7.0,3.7402
2026-04-23,10.0,3.87675
2026-04-24,1.0,3.671
2026-04-24,3.0,3.5725
2026-04-24,5.0,3.61425
2026-04-24,7.0,3.7115
2026-04-24,10.0,3.857
2026-04-27,1.0,3.68523
2026-04-27,3.0,3.59925
2026-04-27,5.0,3.64723
2026-04-27,7.0,3.74775
2026-04-27,10.0,3.8961
2026-04-28,1.0,3.7027
2026-04-28,3.0,3.63615
2026-04-28,5.0,3.67197
2026-04-28,7.0,3.7612
2026-04-28,10.0,3.89783
2026-04-29,1.0,3.7645
2026-04-29,3.0,3.74225
2026-04-29,5.0,3.76811
2026-04-29,7.0,3.84945
2026-04-29,10.0,3.97615
2026-04-30,1.0,3.72295
2026-04-30,3.0,3.674
2026-04-30,5.0,3.7022
2026-04-30,7.0,3.79095
2026-04-30,10.0,3.9267
2026-05-01,1.0,3.72495
2026-05-01,3.0,3.68633
2026-05-01,5.0,3.71715
2026-05-01,7.0,3.8033
2026-05-01,10.0,3.936
2026-05-04,1.0,3.7782
2026-05-04,3.0,3.7604
2026-05-04,5.0,3.7896
2026-05-04,7.0,3.8741
2026-05-04,10.0,4.00285
2026-05-05,1.0,3.76965
2026-05-05,3.0,3.7541
2026-05-05,5.0,3.7841
2026-05-05,7.0,3.86805
2026-05-05,10.0,3.9959
2026-05-06,1.0,3.7256
2026-05-06,3.0,3.6825
2026-05-06,5.0,3.71556
2026-05-06,7.0,3.80233
2026-05-06,10.0,3.9347
2026-05-07,1.0,3.7454
2026-05-07,3.0,3.7267
2026-05-07,5.0,3.75575
2026-05-07,7.0,3.84
2026-05-07,10.0,3.9711
2026-05-08,1.0,3.72625
2026-05-08,3.0,3.6995
2026-05-08,5.0,3.7267
2026-05-08,7.0,3.81475
2026-05-08,10.0,3.9515
2026-05-11,1.0,3.76505
2026-05-11,3.0,3.76375
2026-05-11,5.0,3.7905
2026-05-11,7.0,3.87397
2026-05-11,10.0,4.00535
2026-05-12,1.0,3.7907
2026-05-12,3.0,3.81517
2026-05-12,5.0,3.8375
2026-05-12,7.0,3.9174
2026-05-12,10.0,4.0435
2026-05-13,1.0,3.78805
2026-05-13,3.0,3.8109
2026-05-13,5.0,3.8338
2026-05-13,7.0,3.9148
2026-05-13,10.0,4.04319
2026-05-14,1.0,3.806
2026-05-14,3.0,3.8525
2026-05-14,5.0,3.86898
2026-05-14,7.0,3.94015
2026-05-14,10.0,4.05885
2026-05-15,1.0,3.82558
2026-05-15,3.0,3.929
2026-05-15,5.0,3.9695
2026-05-15,7.0,4.04464
2026-05-15,10.0,4.1613
2026-05-18,1.0,3.8112
2026-05-18,3.0,3.913
2026-05-18,5.0,3.958
2026-05-18,7.0,4.0413
2026-05-18,10.0,4.1663
2026-05-19,1.0,3.86233
2026-05-19,3.0,3.99361
2026-05-19,5.0,4.0444
2026-05-19,7.0,4.1219
2026-05-19,10.0,4.23745
2026-05-20,1.0,3.83523
2026-05-20,3.0,3.924
2026-05-20,5.0,3.97135
2026-05-20,7.0,4.0504
2026-05-20,10.0,4.1716
2026-05-21,1.0,3.8735
2026-05-21,3.0,3.94025
2026-05-21,5.0,3.9706
2026-05-21,7.0,4.0441
2026-05-21,10.0,4.16027
2026-05-22,1.0,3.90777
2026-05-22,3.0,3.9665
2026-05-22,5.0,3.9774
2026-05-22,7.0,4.03945
2026-05-22,10.0,4.1455
2026-05-26,1.0,3.8463
2026-05-26,3.0,3.88325
2026-05-26,5.0,3.8987
2026-05-26,7.0,3.9684
2026-05-26,10.0,4.083
2026-05-27,1.0,3.839
2026-05-27,3.0,3.8815
2026-05-27,5.0,3.90265
2026-05-27,7.0,3.9683
2026-05-27,10.0,4.0781
2026-05-28,1.0,3.83282
2026-05-28,3.0,3.86795
2026-05-28,5.0,3.8756
2026-05-28,7.0,3.9342
2026-05-28,10.0,4.03905
2026-05-29,1.0,3.8226
2026-05-29,3.0,3.85035
2026-05-29,5.0,3.8651
2026-05-29,7.0,3.9264
2026-05-29,10.0,4.0338
2026-06-01,1.0,3.84308
2026-06-01,3.0,3.886
2026-06-01,5.0,3.89305
2026-06-01,7.0,3.9519
2026-06-01,10.0,4.0554
2026-06-02,1.0,3.8451
2026-06-02,3.0,3.89045
2026-06-02,5.0,3.895
2026-06-02,7.0,3.9485
2026-06-02,10.0,4.0462
2026-06-03,1.0,3.86925
2026-06-03,3.0,3.9329
2026-06-03,5.0,3.93905
2026-06-03,7.0,3.9932
2026-06-03,10.0,4.0892
2026-06-04,1.0,3.84065
2026-06-04,3.0,3.8978
2026-06-04,5.0,3.91175
2026-06-04,7.0,3.9715
2026-06-04,10.0,4.0724
2026-06-05,1.0,3.91679
2026-06-05,3.0,3.9937
2026-06-05,5.0,3.98875
2026-06-05,7.0,4.034
2026-06-05,10.0,4.1198
2026-06-08,1.0,3.9338
2026-06-08,3.0,4.01033
2026-06-08,5.0,4.0078
2026-06-08,7.0,4.059
2026-06-08,10.0,4.15005
2026-06-09,1.0,3.905
2026-06-09,3.0,3.96532
2026-06-09,5.0,3.96405
2026-06-09,7.0,4.0142
2026-06-09,10.0,4.1056
2026-06-10,1.0,3.9257
2026-06-10,3.0,3.99575
2026-06-10,5.0,3.99975
2026-06-10,7.0,4.0504
2026-06-10,10.0,4.1427
2026-06-11,1.0,3.87115
2026-06-11,3.0,3.91129
2026-06-11,5.0,3.9096
2026-06-11,7.0,3.96245
2026-06-11,10.0,4.06
2026-06-12,1.0,3.8791
2026-06-12,3.0,3.92754
2026-06-12,5.0,3.92951
2026-06-12,7.0,3.9813
2026-06-12,10.0,4.0771
2026-06-15,1.0,3.87505
2026-06-15,3.0,3.90855
2026-06-15,5.0,3.9125
2026-06-15,7.0,3.969
2026-06-15,10.0,4.07115
2026-06-16,1.0,3.87495
2026-06-16,3.0,3.88715
2026-06-16,5.0,3.88185
2026-06-16,7.0,3.931
2026-06-16,10.0,4.02794
2026-06-17,1.0,4.03096
2026-06-17,3.0,4.00725
2026-06-17,5.0,3.9778
2026-06-17,7.0,4.0029
2026-06-17,10.0,4.0743
2026-06-18,1.0,4.0395
2026-06-18,3.0,3.9921
2026-06-18,5.0,3.95327
2026-06-18,7.0,3.9771
2026-06-18,10.0,4.04756
2026-06-19,1.0,4.054
2026-06-19,3.0,3.99215
2026-06-19,5.0,3.954
2026-06-19,7.0,3.97795
2026-06-19,10.0,4.0495
2026-06-22,1.0,4.06625
2026-06-22,3.0,4.04755
2026-06-22,5.0,4.01005
2026-06-22,7.0,4.035
2026-06-22,10.0,4.10555
2026-06-23,1.0,4.04225
2026-06-23,3.0,4.01615
2026-06-23,5.0,3.9866
2026-06-23,7.0,4.01447
2026-06-23,10.0,4.08775
2026-06-24,1.0,4.01395
2026-06-24,3.0,3.94335
2026-06-24,5.0,3.8944
2026-06-24,7.0,3.9155
2026-06-24,10.0,3.9859
2026-06-25,1.0,3.99405
2026-06-25,3.0,3.91895
2026-06-25,5.0,3.87785
2026-06-25,7.0,3.9062
2026-06-25,10.0,3.98539
2026-06-26,1.0,3.97111
2026-06-26,3.0,3.88395
2026-06-26,5.0,3.84015
2026-06-26,7.0,3.87255
2026-06-26,10.0,3.9589
2026-06-29,1.0,3.986
2026-06-29,3.0,3.89595
2026-06-29,5.0,3.8499
2026-06-29,7.0,3.87648
2026-06-29,10.0,3.9575
2026-06-30,1.0,4.031
2026-06-30,3.0,3.96965
2026-06-30,5.0,3.9328
2026-06-30,7.0,3.9633
2026-06-30,10.0,4.0452
2026-07-01,1.0,4.03164
2026-07-01,3.0,3.9813
2026-07-01,5.0,3.94914
2026-07-01,7.0,3.979
2026-07-01,10.0,4.05985
2026-07-02,1.0,3.97762
2026-07-02,3.0,3.95449
2026-07-02,5.0,3.93925
2026-07-02,7.0,3.97775
2026-07-02,10.0,4.06375
2026-07-03,1.0,3.975
2026-07-03,5.0,3.9389
2026-07-03,10.0,4.06267
2026-07-06,1.0,3.97246
2026-07-06,3.0,3.92195
2026-07-06,5.0,3.909
2026-07-06,7.0,3.9545
2026-07-06,10.0,4.0486
2026-07-07,1.0,4.02285
2026-07-07,3.0,4.00365
2026-07-07,5.0,3.99585
2026-07-07,7.0,4.03844
2026-07-07,10.0,4.12775
2026-07-08,1.0,4.0525
2026-07-08,3.0,4.0471
2026-07-08,5.0,4.03575
2026-07-08,7.0,4.07412
2026-07-08,10.0,4.1573
2026-07-09,1.0,4.0203
2026-07-09,3.0,4.00475
2026-07-09,5.0,3.99395
2026-07-09,7.0,4.038
2026-07-09,10.0,4.12835
2026-07-10,1.0,4.0519
2026-07-10,3.0,4.0345
2026-07-10,5.0,4.0165
2026-07-10,7.0,4.0542
2026-07-10,10.0,4.13865
2026-07-13,1.0,4.11345
2026-07-13,3.0,4.10405
2026-07-13,5.0,4.08245
2026-07-13,7.0,4.11556
2026-07-13,10.0,4.1939
2026-07-14,1.0,4.01145
2026-07-14,3.0,4.0351
2026-07-14,5.0,4.03275
2026-07-14,7.0,4.078
2026-07-14,10.0,4.1688
2026-07-15,1.0,3.96585
2026-07-15,3.0,3.97795
2026-07-15,5.0,3.98125
2026-07-15,7.0,4.03435
2026-07-15,10.0,4.13433
2026-07-16,1.0,3.9735
2026-07-16,3.0,3.98465
2026-07-16,5.0,3.9873
2026-07-16,7.0,4.04025
2026-07-16,10.0,4.1399
2026-07-17,1.0,4.00945
2026-07-17,3.0,4.0036
2026-07-17,5.0,3.99555
2026-07-17,7.0,4.0391
2026-07-17,10.0,4.13103
2026-07-20,1.0,4.03415
2026-07-20,3.0,4.03925
2026-07-20,5.0,4.0364
2026-07-20,7.0,4.0816
2026-07-20,10.0,4.17385
2026-07-21,1.0,4.084
2026-07-21,3.0,4.08985
2026-07-21,5.0,4.0845
2026-07-21,7.0,4.12445
2026-07-21,10.0,4.20957
2026-07-22,1.0,4.1274
2026-07-22,3.0,4.12897
2026-07-22,5.0,4.11674
2026-07-22,7.0,4.15297
2026-07-22,10.0,4.2336
2026-07-23,1.0,4.15555
2026-07-23,3.0,4.1732
2026-07-23,5.0,4.16062
2026-07-23,7.0,4.1921
2026-07-23,10.0,4.26468
2026-07-24,1.0,4.1515
2026-07-24,3.0,4.1488
2026-07-24,5.0,4.13615
2026-07-24,7.0,4.172
2026-07-24,10.0,4.25005
2026-07-27,1.0,4.15065
2026-07-27,3.0,4.13975
2026-07-27,5.0,4.11825
2026-07-27,7.0,4.15135
2026-07-27,10.0,4.2285
2026-07-28,1.0,4.1175
2026-07-28,3.0,4.10243
2026-07-28,5.0,4.0832
2026-07-28,7.0,4.11512
2026-07-28,10.0,4.19207
2026-07-29,1.0,4.0577
2026-07-29,3.0,4.115
2026-07-29,5.0,4.1217
2026-07-29,7.0,4.16875
2026-07-29,10.0,4.25936
2026-07-30,1.0,4.0535
2026-07-30,3.0,4.09215
2026-07-30,5.0,4.103
2026-07-30,7.0,4.15835
2026-07-30,10.0,4.25844
2026-07-31,1.0,4.097
2026-07-31,3.0,4.14955
2026-07-31,5.0,4.1675
2026-07-31,7.0,4.2227
2026-07-31,10.0,4.321
2026-08-03,1.0,4.0613
2026-08-03,3.0,4.09155
2026-08-03,5.0,4.1091
2026-08-03,7.0,4.1672
2026-08-03,10.0,4.26995
2026-08-04,1.0,4.02728
2026-08-04,3.0,4.0368
2026-08-04,5.0,4.04815
2026-08-04,7.0,4.1062
2026-08-04,10.0,4.2117
2026-08-05,1.0,4.01755
2026-08-05,3.0,4.0342
2026-08-05,5.0,4.04763
2026-08-05,7.0,4.10427
2026-08-05,10.0,4.20843
2026-08-06,1.0,4.058
2026-08-06,3.0,4.10125
2026-08-06,5.0,4.11525
2026-08-06,7.0,4.1704
2026-08-06,10.0,4.2723
2026-08-07,1.0,4.006
2026-08-07,3.0,4.05285
2026-08-07,5.0,4.073
2026-08-07,7.0,4.1313
2026-08-07,10.0,4.23775
2026-08-10,1.0,4.04403
2026-08-10,3.0,4.10308
2026-08-10,5.0,4.13099
2026-08-10,7.0,4.1912
2026-08-10,10.0,4.2969
2026-08-11,1.0,4.0223
2026-08-11,3.0,4.08026
2026-08-11,5.0,4.10835
2026-08-11,7.0,4.17195
2026-08-11,10.0,4.28049
2026-08-12,1.0,4.01
2026-08-12,3.0,4.07415
2026-08-12,5.0,4.10655
2026-08-12,7.0,4.17446
2026-08-12,10.0,4.2883
2026-08-13,1.0,3.95995
2026-08-13,3.0,4.01437
2026-08-13,5.0,4.048
2026-08-13,7.0,4.1184
2026-08-13,10.0,4.2377
2026-08-14,1.0,3.97328
2026-08-14,3.0,4.04725
2026-08-14,5.0,4.08932
2026-08-14,7.0,4.16176
2026-08-14,10.0,4.2822
2026-08-17,1.0,3.97795
2026-08-17,3.0,4.0529
2026-08-17,5.0,4.10135
2026-08-17,7.0,4.18255
2026-08-17,10.0,4.31195
2026-08-18,1.0,3.9763
2026-08-18,3.0,4.04428
2026-08-18,5.0,4.09235
2026-08-18,7.0,4.16852
2026-08-18,10.0,4.2928
2026-08-19,1.0,3.9655
2026-08-19,3.0,4.03718
2026-08-19,5.0,4.07245
2026-08-19,7.0,4.1384
2026-08-19,10.0,4.2519
2026-08-20,1.0,3.9838
2026-08-20,3.0,4.0689
2026-08-20,5.0,4.1168
2026-08-20,7.0,4.1884
2026-08-20,10.0,4.3049
2026-08-21,1.0,4.0225
2026-08-21,3.0,4.1092
2026-08-21,5.0,4.15141
2026-08-21,7.0,4.22124
2026-08-21,10.0,4.33542
2026-08-24,1.0,4.02955
2026-08-24,3.0,4.0995
2026-08-24,5.0,4.13365
2026-08-24,7.0,4.20035
2026-08-24,10.0,4.31266
2026-08-25,1.0,3.99
2026-08-25,3.0,4.03703
2026-08-25,5.0,4.0695
2026-08-25,7.0,4.137
2026-08-25,10.0,4.2517
2026-08-26,1.0,4.01616
2026-08-26,3.0,4.07
2026-08-26,5.0,4.0947
2026-08-26,7.0,4.15748
2026-08-26,10.0,4.26699
2026-08-27,1.0,4.03265
2026-08-27,3.0,4.10122
2026-08-27,5.0,4.1289
2026-08-27,7.0,4.19
2026-08-27,10.0,4.2969
2026-08-28,1.0,4.1523
2026-08-28,3.0,4.20935
2026-08-28,5.0,4.20905
2026-08-28,7.0,4.252
2026-08-28,10.0,4.34122
2026-08-31,1.0,4.1508
2026-08-31,3.0,4.21575
2026-08-31,5.0,4.2303
2026-08-31,7.0,4.2795
2026-08-31,10.0,4.373
